ISO-10303-21;
HEADER;
FILE_DESCRIPTION((''),'2;1');
FILE_NAME('01_BASE','2026-09-08T23:05:09',('acer'),(''),
'CREO PARAMETRIC BY PTC INC, 2025102','CREO PARAMETRIC BY PTC INC, 2025102','');
FILE_SCHEMA(('CONFIG_CONTROL_DESIGN'));
ENDSEC;
DATA;
#1=DIRECTION('',(1.E0,0.E0,0.E0));
#2=VECTOR('',#1,6.2E1);
#3=CARTESIAN_POINT('',(-3.1E1,0.E0,3.6E1));
#4=LINE('',#3,#2);
#5=CARTESIAN_POINT('',(3.1E1,0.E0,0.E0));
#6=DIRECTION('',(0.E0,1.E0,0.E0));
#7=DIRECTION('',(0.E0,0.E0,1.E0));
#8=AXIS2_PLACEMENT_3D('',#5,#6,#7);
#10=DIRECTION('',(-1.E0,0.E0,0.E0));
#11=VECTOR('',#10,6.2E1);
#12=CARTESIAN_POINT('',(3.1E1,0.E0,-3.6E1));
#13=LINE('',#12,#11);
#14=CARTESIAN_POINT('',(-3.1E1,0.E0,0.E0));
#15=DIRECTION('',(0.E0,1.E0,0.E0));
#16=DIRECTION('',(0.E0,0.E0,-1.E0));
#17=AXIS2_PLACEMENT_3D('',#14,#15,#16);
#19=DIRECTION('',(1.E0,0.E0,0.E0));
#20=VECTOR('',#19,1.E1);
#21=CARTESIAN_POINT('',(4.6E1,0.E0,5.E0));
#22=LINE('',#21,#20);
#23=CARTESIAN_POINT('',(4.6E1,0.E0,0.E0));
#24=DIRECTION('',(0.E0,1.E0,0.E0));
#25=DIRECTION('',(0.E0,0.E0,-1.E0));
#26=AXIS2_PLACEMENT_3D('',#23,#24,#25);
#28=DIRECTION('',(-1.E0,0.E0,0.E0));
#29=VECTOR('',#28,1.E1);
#30=CARTESIAN_POINT('',(5.6E1,0.E0,-5.E0));
#31=LINE('',#30,#29);
#32=CARTESIAN_POINT('',(5.6E1,0.E0,0.E0));
#33=DIRECTION('',(0.E0,1.E0,0.E0));
#34=DIRECTION('',(0.E0,0.E0,1.E0));
#35=AXIS2_PLACEMENT_3D('',#32,#33,#34);
#37=CARTESIAN_POINT('',(-4.6E1,0.E0,0.E0));
#38=DIRECTION('',(0.E0,1.E0,0.E0));
#39=DIRECTION('',(0.E0,0.E0,1.E0));
#40=AXIS2_PLACEMENT_3D('',#37,#38,#39);
#42=DIRECTION('',(1.E0,0.E0,0.E0));
#43=VECTOR('',#42,1.E1);
#44=CARTESIAN_POINT('',(-5.6E1,0.E0,5.E0));
#45=LINE('',#44,#43);
#46=CARTESIAN_POINT('',(-5.6E1,0.E0,0.E0));
#47=DIRECTION('',(0.E0,1.E0,0.E0));
#48=DIRECTION('',(0.E0,0.E0,-1.E0));
#49=AXIS2_PLACEMENT_3D('',#46,#47,#48);
#51=DIRECTION('',(-1.E0,0.E0,0.E0));
#52=VECTOR('',#51,1.E1);
#53=CARTESIAN_POINT('',(-4.6E1,0.E0,-5.E0));
#54=LINE('',#53,#52);
#55=CARTESIAN_POINT('',(0.E0,0.E0,0.E0));
#56=DIRECTION('',(0.E0,1.E0,0.E0));
#57=DIRECTION('',(1.E0,0.E0,0.E0));
#58=AXIS2_PLACEMENT_3D('',#55,#56,#57);
#60=CARTESIAN_POINT('',(0.E0,0.E0,0.E0));
#61=DIRECTION('',(0.E0,1.E0,0.E0));
#62=DIRECTION('',(-1.E0,0.E0,0.E0));
#63=AXIS2_PLACEMENT_3D('',#60,#61,#62);
#65=DIRECTION('',(9.999999999952E-1,4.479603528619E-9,3.104002168015E-6));
#66=VECTOR('',#65,1.682254838773E1);
#67=CARTESIAN_POINT('',(-3.1E1,6.E0,3.6E1));
#68=LINE('',#67,#66);
#69=CARTESIAN_POINT('',(-1.417745161235E1,6.000000075358E0,3.600005221723E1));
#70=CARTESIAN_POINT('',(-1.353156892302E1,5.999971022060E0,3.600007820090E1));
#71=CARTESIAN_POINT('',(-1.216775420192E1,6.051610333556E0,3.599996370685E1));
#72=CARTESIAN_POINT('',(-9.902802084570E0,6.277055442608E0,3.600000972466E1));
#73=CARTESIAN_POINT('',(-7.427902852280E0,6.623342078885E0,3.599999739453E1));
#74=CARTESIAN_POINT('',(-4.973558103108E0,6.985346586531E0,3.600000069724E1));
#75=CARTESIAN_POINT('',(-2.841807050746E0,7.235229481623E0,3.599999981650E1));
#76=CARTESIAN_POINT('',(-9.553925474568E-1,7.358812693314E0,3.600000003676E1));
#77=CARTESIAN_POINT('',(9.487247760081E-1,7.359050680323E0,3.600000003645E1));
#78=CARTESIAN_POINT('',(2.835081920843E0,7.235847837877E0,3.599999981743E1));
#79=CARTESIAN_POINT('',(4.965050345655E0,6.986520947709E0,3.600000069381E1));
#80=CARTESIAN_POINT('',(7.419518932309E0,6.624578157982E0,3.599999740732E1));
#81=CARTESIAN_POINT('',(9.903320343313E0,6.276919447779E0,3.600000967692E1));
#82=CARTESIAN_POINT('',(1.216897381922E1,6.051528643523E0,3.599996388502E1));
#83=CARTESIAN_POINT('',(1.353237702509E1,5.999971080316E0,3.600007781701E1));
#84=CARTESIAN_POINT('',(1.417745160123E1,6.000000075137E0,3.600005182825E1));
#86=DIRECTION('',(9.999999999953E-1,-4.466438988011E-9,-3.080880033982E-6));
#87=VECTOR('',#86,1.682254839885E1);
#88=CARTESIAN_POINT('',(1.417745160123E1,6.000000075137E0,3.600005182825E1));
#89=LINE('',#88,#87);
#90=DIRECTION('',(2.066495123169E-13,1.E0,0.E0));
#91=VECTOR('',#90,6.E0);
#92=CARTESIAN_POINT('',(-3.1E1,0.E0,3.6E1));
#93=LINE('',#92,#91);
#94=CARTESIAN_POINT('',(-2.035425933617E1,1.E1,3.199999998771E1));
#95=CARTESIAN_POINT('',(-2.006962898696E1,9.999999970562E0,3.209052076789E1));
#96=CARTESIAN_POINT('',(-1.948745597096E1,9.993753961071E0,3.227260357934E1));
#97=CARTESIAN_POINT('',(-1.859423310901E1,9.966310186246E0,3.254208726607E1));
#98=CARTESIAN_POINT('',(-1.762473002677E1,9.918006410796E0,3.282312730166E1));
#99=CARTESIAN_POINT('',(-1.658258752509E1,9.846430080095E0,3.311169205252E1));
#100=CARTESIAN_POINT('',(-1.544752567878E1,9.747877168385E0,3.341019113873E1));
#101=CARTESIAN_POINT('',(-1.461294285442E1,9.660438322815E0,3.361695969415E1));
#102=CARTESIAN_POINT('',(-1.417744290098E1,9.610816584137E0,3.372106684186E1));
#104=CARTESIAN_POINT('',(-1.417744687876E1,6.E0,3.2E1));
#105=DIRECTION('',(1.E0,0.E0,0.E0));
#106=DIRECTION('',(0.E0,9.027020743297E-1,4.302661560021E-1));
#107=AXIS2_PLACEMENT_3D('',#104,#105,#106);
#109=CARTESIAN_POINT('',(-3.1E1,6.E0,3.2E1));
#110=DIRECTION('',(1.E0,0.E0,0.E0));
#111=DIRECTION('',(0.E0,1.E0,0.E0));
#112=AXIS2_PLACEMENT_3D('',#109,#110,#111);
#114=CARTESIAN_POINT('',(-2.035425929754E1,1.4E1,3.199999999999E1));
#115=DIRECTION('',(8.437734607744E-1,7.527274657923E-13,5.366994940308E-1));
#116=DIRECTION('',(6.368239269250E-13,-1.E0,4.014566457045E-13));
#117=AXIS2_PLACEMENT_3D('',#114,#115,#116);
#119=CARTESIAN_POINT('',(0.E0,1.E1,0.E0));
#120=DIRECTION('',(0.E0,-1.E0,0.E0));
#121=DIRECTION('',(-5.366994940305E-1,0.E0,8.437734607745E-1));
#122=AXIS2_PLACEMENT_3D('',#119,#120,#121);
#124=CARTESIAN_POINT('',(-2.035425929780E1,1.4E1,-3.199999999982E1));
#125=DIRECTION('',(-8.437734607699E-1,0.E0,5.366994940378E-1));
#126=DIRECTION('',(6.039613253961E-14,-1.E0,9.592326932761E-14));
#127=AXIS2_PLACEMENT_3D('',#124,#125,#126);
#129=DIRECTION('',(1.E0,0.E0,0.E0));
#130=VECTOR('',#129,1.E1);
#131=CARTESIAN_POINT('',(4.6E1,1.E1,5.E0));
#132=LINE('',#131,#130);
#133=CARTESIAN_POINT('',(5.6E1,1.E1,0.E0));
#134=DIRECTION('',(0.E0,1.E0,0.E0));
#135=DIRECTION('',(0.E0,0.E0,1.E0));
#136=AXIS2_PLACEMENT_3D('',#133,#134,#135);
#138=DIRECTION('',(-1.E0,0.E0,0.E0));
#139=VECTOR('',#138,1.E1);
#140=CARTESIAN_POINT('',(5.6E1,1.E1,-5.E0));
#141=LINE('',#140,#139);
#142=CARTESIAN_POINT('',(4.6E1,1.E1,0.E0));
#143=DIRECTION('',(0.E0,1.E0,0.E0));
#144=DIRECTION('',(0.E0,0.E0,-1.E0));
#145=AXIS2_PLACEMENT_3D('',#142,#143,#144);
#147=CARTESIAN_POINT('',(-4.6E1,1.E1,0.E0));
#148=DIRECTION('',(0.E0,1.E0,0.E0));
#149=DIRECTION('',(0.E0,0.E0,1.E0));
#150=AXIS2_PLACEMENT_3D('',#147,#148,#149);
#152=DIRECTION('',(-1.E0,0.E0,0.E0));
#153=VECTOR('',#152,1.E1);
#154=CARTESIAN_POINT('',(-4.6E1,1.E1,-5.E0));
#155=LINE('',#154,#153);
#156=CARTESIAN_POINT('',(-5.6E1,1.E1,0.E0));
#157=DIRECTION('',(0.E0,1.E0,0.E0));
#158=DIRECTION('',(0.E0,0.E0,-1.E0));
#159=AXIS2_PLACEMENT_3D('',#156,#157,#158);
#161=DIRECTION('',(1.E0,0.E0,0.E0));
#162=VECTOR('',#161,1.E1);
#163=CARTESIAN_POINT('',(-5.6E1,1.E1,5.E0));
#164=LINE('',#163,#162);
#165=DIRECTION('',(-1.E0,0.E0,1.154374073670E-9));
#166=VECTOR('',#165,1.064574066383E1);
#167=CARTESIAN_POINT('',(3.1E1,1.E1,-3.2E1));
#168=LINE('',#167,#166);
#169=CARTESIAN_POINT('',(3.1E1,1.E1,0.E0));
#170=DIRECTION('',(0.E0,1.E0,0.E0));
#171=DIRECTION('',(0.E0,0.E0,1.E0));
#172=AXIS2_PLACEMENT_3D('',#169,#170,#171);
#174=DIRECTION('',(1.E0,0.E0,1.128273372996E-9));
#175=VECTOR('',#174,1.064574066471E1);
#176=CARTESIAN_POINT('',(2.035425933529E1,1.E1,3.199999998799E1));
#177=LINE('',#176,#175);
#178=DIRECTION('',(1.E0,0.E0,-1.154373072505E-9));
#179=VECTOR('',#178,1.064574066383E1);
#180=CARTESIAN_POINT('',(-3.1E1,1.E1,3.2E1));
#181=LINE('',#180,#179);
#182=CARTESIAN_POINT('',(-3.1E1,1.E1,0.E0));
#183=DIRECTION('',(0.E0,1.E0,0.E0));
#184=DIRECTION('',(0.E0,0.E0,-1.E0));
#185=AXIS2_PLACEMENT_3D('',#182,#183,#184);
#187=DIRECTION('',(-1.E0,0.E0,-1.128272705553E-9));
#188=VECTOR('',#187,1.064574066471E1);
#189=CARTESIAN_POINT('',(-2.035425933529E1,1.E1,-3.199999998799E1));
#190=LINE('',#189,#188);
#191=DIRECTION('',(0.E0,-1.E0,0.E0));
#192=VECTOR('',#191,1.E1);
#193=CARTESIAN_POINT('',(4.6E1,1.E1,5.E0));
#194=LINE('',#193,#192);
#195=DIRECTION('',(0.E0,-1.E0,0.E0));
#196=VECTOR('',#195,1.E1);
#197=CARTESIAN_POINT('',(5.6E1,1.E1,5.E0));
#198=LINE('',#197,#196);
#199=DIRECTION('',(0.E0,-1.E0,0.E0));
#200=VECTOR('',#199,1.E1);
#201=CARTESIAN_POINT('',(5.6E1,1.E1,-5.E0));
#202=LINE('',#201,#200);
#203=DIRECTION('',(0.E0,-1.E0,0.E0));
#204=VECTOR('',#203,1.E1);
#205=CARTESIAN_POINT('',(4.6E1,1.E1,-5.E0));
#206=LINE('',#205,#204);
#207=DIRECTION('',(0.E0,-1.E0,0.E0));
#208=VECTOR('',#207,1.E1);
#209=CARTESIAN_POINT('',(-4.6E1,1.E1,5.E0));
#210=LINE('',#209,#208);
#211=DIRECTION('',(0.E0,-1.E0,0.E0));
#212=VECTOR('',#211,1.E1);
#213=CARTESIAN_POINT('',(-4.6E1,1.E1,-5.E0));
#214=LINE('',#213,#212);
#215=DIRECTION('',(0.E0,-1.E0,0.E0));
#216=VECTOR('',#215,1.E1);
#217=CARTESIAN_POINT('',(-5.6E1,1.E1,-5.E0));
#218=LINE('',#217,#216);
#219=DIRECTION('',(0.E0,-1.E0,0.E0));
#220=VECTOR('',#219,1.E1);
#221=CARTESIAN_POINT('',(-5.6E1,1.E1,5.E0));
#222=LINE('',#221,#220);
#223=CARTESIAN_POINT('',(0.E0,1.E1,0.E0));
#224=DIRECTION('',(0.E0,-1.E0,0.E0));
#225=DIRECTION('',(5.366994940305E-1,0.E0,-8.437734607745E-1));
#226=AXIS2_PLACEMENT_3D('',#223,#224,#225);
#228=CARTESIAN_POINT('',(2.035425929780E1,1.4E1,3.199999999983E1));
#229=DIRECTION('',(8.437734607700E-1,0.E0,-5.366994940376E-1));
#230=DIRECTION('',(-5.329070518201E-14,-1.E0,-8.348877145181E-14));
#231=AXIS2_PLACEMENT_3D('',#228,#229,#230);
#233=CARTESIAN_POINT('',(0.E0,5.272897853871E1,0.E0));
#234=DIRECTION('',(0.E0,-1.E0,0.E0));
#235=DIRECTION('',(1.E0,0.E0,0.E0));
#236=AXIS2_PLACEMENT_3D('',#233,#234,#235);
#238=CARTESIAN_POINT('',(0.E0,1.278718537089E1,0.E0));
#239=DIRECTION('',(0.E0,1.E0,0.E0));
#240=DIRECTION('',(5.366994940305E-1,0.E0,8.437734607745E-1));
#241=AXIS2_PLACEMENT_3D('',#238,#239,#240);
#243=CARTESIAN_POINT('',(1.276177084568E1,1.200883232017E1,3.190302972281E1));
#244=CARTESIAN_POINT('',(1.310835288509E1,1.209683858995E1,3.173423138021E1));
#245=CARTESIAN_POINT('',(1.377810085034E1,1.225492713248E1,3.139827514941E1));
#246=CARTESIAN_POINT('',(1.471443458029E1,1.244236339611E1,3.090369011416E1));
#247=CARTESIAN_POINT('',(1.558333528663E1,1.258453334645E1,3.042348106081E1));
#248=CARTESIAN_POINT('',(1.643041032538E1,1.269102778584E1,2.993595514086E1));
#249=CARTESIAN_POINT('',(1.730959739180E1,1.276513984543E1,2.941016228901E1));
#250=CARTESIAN_POINT('',(1.796680462803E1,1.278718511006E1,2.900114142513E1));
#251=CARTESIAN_POINT('',(1.830852011629E1,1.278718537089E1,2.878378609577E1));
#253=CARTESIAN_POINT('',(-1.276177066542E1,1.200883238344E1,3.190302974050E1));
#254=CARTESIAN_POINT('',(-1.254506838156E1,1.195381547336E1,3.200856847660E1));
#255=CARTESIAN_POINT('',(-1.210863468245E1,1.185053823135E1,3.221300638918E1));
#256=CARTESIAN_POINT('',(-1.146213680050E1,1.171417619201E1,3.249477025961E1));
#257=CARTESIAN_POINT('',(-1.078096576753E1,1.158491289261E1,3.277043444152E1));
#258=CARTESIAN_POINT('',(-1.011563160752E1,1.147061080538E1,3.301970632678E1));
#259=CARTESIAN_POINT('',(-9.447647512706E0,1.136558475397E1,3.325193224004E1));
#260=CARTESIAN_POINT('',(-8.718720695881E0,1.126078295795E1,3.348555226989E1));
#261=CARTESIAN_POINT('',(-7.896251678942E0,1.115381557219E1,3.372464724897E1));
#262=CARTESIAN_POINT('',(-6.995943638370E0,1.104923045433E1,3.395747050725E1));
#263=CARTESIAN_POINT('',(-6.019356562734E0,1.094972881701E1,3.417688490632E1));
#264=CARTESIAN_POINT('',(-4.969197701006E0,1.085818918229E1,3.437561039763E1));
#265=CARTESIAN_POINT('',(-3.799631673726E0,1.077500977051E1,3.455264177747E1));
#266=CARTESIAN_POINT('',(-2.492663375562E0,1.070684924067E1,3.469451649431E1));
#267=CARTESIAN_POINT('',(-1.111221889436E0,1.066488966829E1,3.478012408692E1));
#268=CARTESIAN_POINT('',(2.949015070226E-1,1.065522938885E1,3.479964539211E1));
#269=CARTESIAN_POINT('',(1.667635195147E0,1.067837326492E1,3.475274507820E1));
#270=CARTESIAN_POINT('',(2.948655046044E0,1.072830322245E1,3.465015821431E1));
#271=CARTESIAN_POINT('',(4.096811511497E0,1.079486289121E1,3.451061128846E1));
#272=CARTESIAN_POINT('',(5.154921601440E0,1.087350480048E1,3.434257200695E1));
#273=CARTESIAN_POINT('',(6.154071085408E0,1.096279737908E1,3.414818801313E1));
#274=CARTESIAN_POINT('',(7.072711003327E0,1.105791806285E1,3.393815837964E1));
#275=CARTESIAN_POINT('',(7.906678844271E0,1.115543652128E1,3.372100008584E1));
#276=CARTESIAN_POINT('',(8.643964241408E0,1.125098248923E1,3.350747302326E1));
#277=CARTESIAN_POINT('',(9.307754343857E0,1.134492855781E1,3.329790886509E1));
#278=CARTESIAN_POINT('',(9.965124751083E0,1.144614146826E1,3.307358143504E1));
#279=CARTESIAN_POINT('',(1.062682215161E1,1.155754169602E1,3.282975267947E1));
#280=CARTESIAN_POINT('',(1.129366740611E1,1.168090862021E1,3.256498399117E1));
#281=CARTESIAN_POINT('',(1.199238155045E1,1.182422709511E1,3.226608911679E1));
#282=CARTESIAN_POINT('',(1.250045108457E1,1.194248730239E1,3.203029825706E1));
#283=CARTESIAN_POINT('',(1.276177084568E1,1.200883232017E1,3.190302972281E1));
#285=CARTESIAN_POINT('',(-1.830852011526E1,1.278718537089E1,2.878378609643E1));
#286=CARTESIAN_POINT('',(-1.805236817397E1,1.278718529541E1,2.894671682233E1));
#287=CARTESIAN_POINT('',(-1.752910974836E1,1.277469310948E1,2.927449455606E1));
#288=CARTESIAN_POINT('',(-1.672644999499E1,1.271980641075E1,2.976087051836E1));
#289=CARTESIAN_POINT('',(-1.585579071331E1,1.262319570659E1,3.026921190085E1));
#290=CARTESIAN_POINT('',(-1.492029143867E1,1.248005480729E1,3.079250128158E1));
#291=CARTESIAN_POINT('',(-1.390145077494E1,1.228290508874E1,3.133548442316E1));
#292=CARTESIAN_POINT('',(-1.315284685625E1,1.210813660988E1,3.171256108483E1));
#293=CARTESIAN_POINT('',(-1.276177066542E1,1.200883238344E1,3.190302974050E1));
#295=CARTESIAN_POINT('',(0.E0,1.278718537089E1,0.E0));
#296=DIRECTION('',(0.E0,1.E0,0.E0));
#297=DIRECTION('',(-1.E0,0.E0,0.E0));
#298=AXIS2_PLACEMENT_3D('',#295,#296,#297);
#300=CARTESIAN_POINT('',(2.235734169951E1,5.303218219599E1,
-2.007699562157E-13));
#301=DIRECTION('',(0.E0,0.E0,1.E0));
#302=DIRECTION('',(-1.786708497572E-1,9.839089020062E-1,0.E0));
#303=AXIS2_PLACEMENT_3D('',#300,#301,#302);
#305=CARTESIAN_POINT('',(0.E0,5.401609109799E1,0.E0));
#306=DIRECTION('',(0.E0,-1.E0,0.E0));
#307=DIRECTION('',(1.E0,0.E0,0.E0));
#308=AXIS2_PLACEMENT_3D('',#305,#306,#307);
#310=CARTESIAN_POINT('',(-2.2E1,5.5E1,-2.887606820323E-12));
#311=DIRECTION('',(-1.312552497246E-13,0.E0,1.E0));
#312=DIRECTION('',(-1.E0,0.E0,-1.312552497246E-13));
#313=AXIS2_PLACEMENT_3D('',#310,#311,#312);
#315=CARTESIAN_POINT('',(0.E0,5.401609109799E1,0.E0));
#316=DIRECTION('',(0.E0,-1.E0,0.E0));
#317=DIRECTION('',(-1.E0,0.E0,0.E0));
#318=AXIS2_PLACEMENT_3D('',#315,#316,#317);
#320=CARTESIAN_POINT('',(2.2E1,5.5E1,2.889799510797E-12));
#321=DIRECTION('',(1.313549963244E-13,0.E0,-1.E0));
#322=DIRECTION('',(1.E0,0.E0,1.313549963244E-13));
#323=AXIS2_PLACEMENT_3D('',#320,#321,#322);
#325=CARTESIAN_POINT('',(-2.235734169951E1,5.303218219599E1,
1.957461970292E-13));
#326=DIRECTION('',(0.E0,0.E0,-1.E0));
#327=DIRECTION('',(1.786708497572E-1,9.839089020062E-1,0.E0));
#328=AXIS2_PLACEMENT_3D('',#325,#326,#327);
#330=CARTESIAN_POINT('',(0.E0,5.272897853871E1,0.E0));
#331=DIRECTION('',(0.E0,-1.E0,0.E0));
#332=DIRECTION('',(-1.E0,0.E0,0.E0));
#333=AXIS2_PLACEMENT_3D('',#330,#331,#332);
#335=DIRECTION('',(3.032036572769E-1,9.529257800133E-1,1.164093758757E-14));
#336=VECTOR('',#335,4.191490460806E1);
#337=CARTESIAN_POINT('',(-3.411316829108E1,1.278718537089E1,
-4.763185031746E-13));
#338=LINE('',#337,#336);
#339=CARTESIAN_POINT('',(0.E0,1.278718537089E1,0.E0));
#340=DIRECTION('',(0.E0,1.E0,0.E0));
#341=DIRECTION('',(-5.366994940305E-1,0.E0,-8.437734607745E-1));
#342=AXIS2_PLACEMENT_3D('',#339,#340,#341);
#344=CARTESIAN_POINT('',(-1.276177084568E1,1.200883232017E1,-3.190302972281E1));
#345=CARTESIAN_POINT('',(-1.310835288509E1,1.209683858995E1,-3.173423138021E1));
#346=CARTESIAN_POINT('',(-1.377810085035E1,1.225492713248E1,-3.139827514940E1));
#347=CARTESIAN_POINT('',(-1.471443458029E1,1.244236339611E1,-3.090369011416E1));
#348=CARTESIAN_POINT('',(-1.558333528663E1,1.258453334645E1,-3.042348106081E1));
#349=CARTESIAN_POINT('',(-1.643041032538E1,1.269102778584E1,-2.993595514086E1));
#350=CARTESIAN_POINT('',(-1.730959739180E1,1.276513984543E1,-2.941016228901E1));
#351=CARTESIAN_POINT('',(-1.796680462803E1,1.278718511006E1,-2.900114142514E1));
#352=CARTESIAN_POINT('',(-1.830852011629E1,1.278718537089E1,-2.878378609577E1));
#354=CARTESIAN_POINT('',(1.276177066542E1,1.200883238344E1,-3.190302974050E1));
#355=CARTESIAN_POINT('',(1.254506838156E1,1.195381547336E1,-3.200856847660E1));
#356=CARTESIAN_POINT('',(1.210863468245E1,1.185053823135E1,-3.221300638918E1));
#357=CARTESIAN_POINT('',(1.146213680050E1,1.171417619201E1,-3.249477025961E1));
#358=CARTESIAN_POINT('',(1.078096576753E1,1.158491289261E1,-3.277043444152E1));
#359=CARTESIAN_POINT('',(1.011563160752E1,1.147061080538E1,-3.301970632678E1));
#360=CARTESIAN_POINT('',(9.447647512707E0,1.136558475397E1,-3.325193224004E1));
#361=CARTESIAN_POINT('',(8.718720695881E0,1.126078295795E1,-3.348555226989E1));
#362=CARTESIAN_POINT('',(7.896251678942E0,1.115381557219E1,-3.372464724897E1));
#363=CARTESIAN_POINT('',(6.995943638370E0,1.104923045434E1,-3.395747050725E1));
#364=CARTESIAN_POINT('',(6.019356562734E0,1.094972881701E1,-3.417688490632E1));
#365=CARTESIAN_POINT('',(4.969197701006E0,1.085818918229E1,-3.437561039763E1));
#366=CARTESIAN_POINT('',(3.799631673726E0,1.077500977051E1,-3.455264177747E1));
#367=CARTESIAN_POINT('',(2.492663375562E0,1.070684924067E1,-3.469451649431E1));
#368=CARTESIAN_POINT('',(1.111221889436E0,1.066488966829E1,-3.478012408692E1));
#369=CARTESIAN_POINT('',(-2.949015070223E-1,1.065522938885E1,
-3.479964539211E1));
#370=CARTESIAN_POINT('',(-1.667635195147E0,1.067837326492E1,-3.475274507820E1));
#371=CARTESIAN_POINT('',(-2.948655046044E0,1.072830322245E1,-3.465015821431E1));
#372=CARTESIAN_POINT('',(-4.096811511496E0,1.079486289121E1,-3.451061128846E1));
#373=CARTESIAN_POINT('',(-5.154921601439E0,1.087350480048E1,-3.434257200695E1));
#374=CARTESIAN_POINT('',(-6.154071085408E0,1.096279737908E1,-3.414818801313E1));
#375=CARTESIAN_POINT('',(-7.072711003327E0,1.105791806285E1,-3.393815837964E1));
#376=CARTESIAN_POINT('',(-7.906678844271E0,1.115543652128E1,-3.372100008584E1));
#377=CARTESIAN_POINT('',(-8.643964241408E0,1.125098248923E1,-3.350747302326E1));
#378=CARTESIAN_POINT('',(-9.307754343857E0,1.134492855781E1,-3.329790886509E1));
#379=CARTESIAN_POINT('',(-9.965124751083E0,1.144614146826E1,-3.307358143504E1));
#380=CARTESIAN_POINT('',(-1.062682215161E1,1.155754169602E1,-3.282975267947E1));
#381=CARTESIAN_POINT('',(-1.129366740611E1,1.168090862021E1,-3.256498399118E1));
#382=CARTESIAN_POINT('',(-1.199238155045E1,1.182422709511E1,-3.226608911679E1));
#383=CARTESIAN_POINT('',(-1.250045108457E1,1.194248730238E1,-3.203029825706E1));
#384=CARTESIAN_POINT('',(-1.276177084568E1,1.200883232017E1,-3.190302972281E1));
#386=CARTESIAN_POINT('',(1.830852011526E1,1.278718537089E1,-2.878378609643E1));
#387=CARTESIAN_POINT('',(1.805236817397E1,1.278718529541E1,-2.894671682233E1));
#388=CARTESIAN_POINT('',(1.752910974836E1,1.277469310948E1,-2.927449455606E1));
#389=CARTESIAN_POINT('',(1.672644999499E1,1.271980641075E1,-2.976087051836E1));
#390=CARTESIAN_POINT('',(1.585579071331E1,1.262319570659E1,-3.026921190085E1));
#391=CARTESIAN_POINT('',(1.492029143867E1,1.248005480729E1,-3.079250128158E1));
#392=CARTESIAN_POINT('',(1.390145077494E1,1.228290508874E1,-3.133548442316E1));
#393=CARTESIAN_POINT('',(1.315284685626E1,1.210813660988E1,-3.171256108483E1));
#394=CARTESIAN_POINT('',(1.276177066542E1,1.200883238344E1,-3.190302974050E1));
#396=CARTESIAN_POINT('',(0.E0,1.278718537089E1,0.E0));
#397=DIRECTION('',(0.E0,1.E0,0.E0));
#398=DIRECTION('',(1.E0,0.E0,0.E0));
#399=AXIS2_PLACEMENT_3D('',#396,#397,#398);
#401=DIRECTION('',(-3.032036572769E-1,9.529257800133E-1,-1.164566286478E-14));
#402=VECTOR('',#401,4.191490460806E1);
#403=CARTESIAN_POINT('',(3.411316829108E1,1.278718537089E1,4.752960247709E-13));
#404=LINE('',#403,#402);
#405=CARTESIAN_POINT('',(-1.417745922380E1,1.322164867263E1,-3.544208788334E1));
#406=DIRECTION('',(-8.837050556838E-1,2.013760935418E-1,4.225080395789E-1));
#407=DIRECTION('',(2.551386148028E-6,-9.027076249296E-1,4.302545105952E-1));
#408=AXIS2_PLACEMENT_3D('',#405,#406,#407);
#410=CARTESIAN_POINT('',(-1.417744287429E1,9.610816599091E0,-3.372106665904E1));
#411=CARTESIAN_POINT('',(-1.456345713090E1,9.654800006725E0,-3.362878882506E1));
#412=CARTESIAN_POINT('',(-1.531003112124E1,9.733883227089E0,-3.344463187977E1));
#413=CARTESIAN_POINT('',(-1.635323442770E1,9.827585704788E0,-3.317287376832E1));
#414=CARTESIAN_POINT('',(-1.732126052056E1,9.898674872774E0,-3.290825360314E1));
#415=CARTESIAN_POINT('',(-1.826459898041E1,9.951920975310E0,-3.263897048273E1));
#416=CARTESIAN_POINT('',(-1.924338679461E1,9.988977280932E0,-3.234782580405E1));
#417=CARTESIAN_POINT('',(-1.997418346075E1,9.999999922482E0,-3.212087391738E1));
#418=CARTESIAN_POINT('',(-2.035425933529E1,1.E1,-3.199999998799E1));
#420=CARTESIAN_POINT('',(-1.417744687876E1,6.E0,-3.2E1));
#421=DIRECTION('',(-1.E0,0.E0,0.E0));
#422=DIRECTION('',(0.E0,9.027020943058E-1,-4.302661140920E-1));
#423=AXIS2_PLACEMENT_3D('',#420,#421,#422);
#425=CARTESIAN_POINT('',(-3.1E1,6.E0,-3.2E1));
#426=DIRECTION('',(-1.E0,0.E0,0.E0));
#427=DIRECTION('',(0.E0,1.E0,0.E0));
#428=AXIS2_PLACEMENT_3D('',#425,#426,#427);
#430=CARTESIAN_POINT('',(-3.1E1,6.E0,0.E0));
#431=DIRECTION('',(0.E0,1.E0,0.E0));
#432=DIRECTION('',(0.E0,0.E0,-1.E0));
#433=AXIS2_PLACEMENT_3D('',#430,#431,#432);
#435=DIRECTION('',(2.267815564968E-13,1.E0,0.E0));
#436=VECTOR('',#435,6.E0);
#437=CARTESIAN_POINT('',(-3.1E1,0.E0,-3.6E1));
#438=LINE('',#437,#436);
#439=DIRECTION('',(-9.999999999953E-1,-4.466439040808E-9,3.080880033982E-6));
#440=VECTOR('',#439,1.682254839885E1);
#441=CARTESIAN_POINT('',(-1.417745160123E1,6.000000075137E0,-3.600005182825E1));
#442=LINE('',#441,#440);
#443=DIRECTION('',(-2.096101070492E-13,1.E0,0.E0));
#444=VECTOR('',#443,6.E0);
#445=CARTESIAN_POINT('',(3.1E1,0.E0,-3.6E1));
#446=LINE('',#445,#444);
#447=DIRECTION('',(-9.999999999952E-1,4.479603581416E-9,-3.104002168015E-6));
#448=VECTOR('',#447,1.682254838773E1);
#449=CARTESIAN_POINT('',(3.1E1,6.E0,-3.6E1));
#450=LINE('',#449,#448);
#451=CARTESIAN_POINT('',(1.417745161235E1,6.000000075358E0,-3.600005221723E1));
#452=CARTESIAN_POINT('',(1.353156892302E1,5.999971022060E0,-3.600007820090E1));
#453=CARTESIAN_POINT('',(1.216775420192E1,6.051610333556E0,-3.599996370685E1));
#454=CARTESIAN_POINT('',(9.902802084566E0,6.277055442609E0,-3.600000972466E1));
#455=CARTESIAN_POINT('',(7.427902852274E0,6.623342078886E0,-3.599999739453E1));
#456=CARTESIAN_POINT('',(4.973558103099E0,6.985346586532E0,-3.600000069724E1));
#457=CARTESIAN_POINT('',(2.841807050736E0,7.235229481624E0,-3.599999981650E1));
#458=CARTESIAN_POINT('',(9.553925474450E-1,7.358812693314E0,-3.600000003676E1));
#459=CARTESIAN_POINT('',(-9.487247760184E-1,7.359050680323E0,
-3.600000003645E1));
#460=CARTESIAN_POINT('',(-2.835081920849E0,7.235847837877E0,-3.599999981743E1));
#461=CARTESIAN_POINT('',(-4.965050345655E0,6.986520947709E0,-3.600000069381E1));
#462=CARTESIAN_POINT('',(-7.419518932303E0,6.624578157983E0,-3.599999740732E1));
#463=CARTESIAN_POINT('',(-9.903320343309E0,6.276919447780E0,-3.600000967692E1));
#464=CARTESIAN_POINT('',(-1.216897381922E1,6.051528643523E0,-3.599996388502E1));
#465=CARTESIAN_POINT('',(-1.353237702509E1,5.999971080316E0,-3.600007781701E1));
#466=CARTESIAN_POINT('',(-1.417745160123E1,6.000000075137E0,-3.600005182825E1));
#468=CARTESIAN_POINT('',(3.1E1,6.E0,0.E0));
#469=DIRECTION('',(0.E0,1.E0,0.E0));
#470=DIRECTION('',(0.E0,0.E0,1.E0));
#471=AXIS2_PLACEMENT_3D('',#468,#469,#470);
#473=DIRECTION('',(-2.327027459614E-13,1.E0,0.E0));
#474=VECTOR('',#473,6.E0);
#475=CARTESIAN_POINT('',(3.1E1,0.E0,3.6E1));
#476=LINE('',#475,#474);
#477=CARTESIAN_POINT('',(3.1E1,6.E0,3.2E1));
#478=DIRECTION('',(1.E0,0.E0,0.E0));
#479=DIRECTION('',(0.E0,1.E0,0.E0));
#480=AXIS2_PLACEMENT_3D('',#477,#478,#479);
#482=CARTESIAN_POINT('',(2.035425933617E1,1.E1,-3.199999998771E1));
#483=CARTESIAN_POINT('',(2.006962898696E1,9.999999970562E0,-3.209052076789E1));
#484=CARTESIAN_POINT('',(1.948745597096E1,9.993753961071E0,-3.227260357934E1));
#485=CARTESIAN_POINT('',(1.859423310901E1,9.966310186246E0,-3.254208726607E1));
#486=CARTESIAN_POINT('',(1.762473002677E1,9.918006410796E0,-3.282312730166E1));
#487=CARTESIAN_POINT('',(1.658258752509E1,9.846430080095E0,-3.311169205252E1));
#488=CARTESIAN_POINT('',(1.544752567878E1,9.747877168385E0,-3.341019113873E1));
#489=CARTESIAN_POINT('',(1.461294285442E1,9.660438322815E0,-3.361695969415E1));
#490=CARTESIAN_POINT('',(1.417744290098E1,9.610816584137E0,-3.372106684186E1));
#492=CARTESIAN_POINT('',(1.417744687876E1,6.E0,-3.2E1));
#493=DIRECTION('',(-1.E0,0.E0,0.E0));
#494=DIRECTION('',(0.E0,9.027020743297E-1,-4.302661560021E-1));
#495=AXIS2_PLACEMENT_3D('',#492,#493,#494);
#497=CARTESIAN_POINT('',(3.1E1,6.E0,-3.2E1));
#498=DIRECTION('',(-1.E0,0.E0,0.E0));
#499=DIRECTION('',(0.E0,1.E0,0.E0));
#500=AXIS2_PLACEMENT_3D('',#497,#498,#499);
#502=CARTESIAN_POINT('',(2.035425929754E1,1.4E1,-3.199999999999E1));
#503=DIRECTION('',(-8.437734607743E-1,7.561188309827E-13,-5.366994940308E-1));
#504=DIRECTION('',(-6.403766406038E-13,-1.E0,-4.014566457045E-13));
#505=AXIS2_PLACEMENT_3D('',#502,#503,#504);
#507=CARTESIAN_POINT('',(1.417745711810E1,1.322164830783E1,-3.544208885066E1));
#508=DIRECTION('',(-8.837059609143E-1,-2.013734185686E-1,-4.225074211639E-1));
#509=DIRECTION('',(-5.520796583656E-6,-9.027071878588E-1,4.302554275748E-1));
#510=AXIS2_PLACEMENT_3D('',#507,#508,#509);
#512=CARTESIAN_POINT('',(1.417744290098E1,9.610816584137E0,-3.372106684186E1));
#513=CARTESIAN_POINT('',(1.388721894394E1,9.583463739967E0,-3.377846444321E1));
#514=CARTESIAN_POINT('',(1.331244916848E1,9.538786505863E0,-3.389076415674E1));
#515=CARTESIAN_POINT('',(1.249904210360E1,9.495052631888E0,-3.404481017803E1));
#516=CARTESIAN_POINT('',(1.166852343184E1,9.466323127238E0,-3.419579251335E1));
#517=CARTESIAN_POINT('',(1.087877683954E1,9.451542794974E0,-3.433222517972E1));
#518=CARTESIAN_POINT('',(1.010247284890E1,9.446190231794E0,-3.445940735760E1));
#519=CARTESIAN_POINT('',(9.271185056824E0,9.448807836974E0,-3.458731746295E1));
#520=CARTESIAN_POINT('',(8.350302060445E0,9.459789779773E0,-3.471819644343E1));
#521=CARTESIAN_POINT('',(7.359391001871E0,9.478500016015E0,-3.484561703673E1));
#522=CARTESIAN_POINT('',(6.301059871663E0,9.503513422895E0,-3.496567499466E1));
#523=CARTESIAN_POINT('',(5.179006761030E0,9.532349123571E0,-3.507439075251E1));
#524=CARTESIAN_POINT('',(3.944204774228E0,9.563379988421E0,-3.517115206718E1));
#525=CARTESIAN_POINT('',(2.579245645874E0,9.592045587480E0,-3.524872706805E1));
#526=CARTESIAN_POINT('',(1.147548727914E0,9.611232515569E0,-3.529543981408E1));
#527=CARTESIAN_POINT('',(-3.044060890508E-1,9.615698088330E0,
-3.530615835363E1));
#528=CARTESIAN_POINT('',(-1.723289026988E0,9.604945134335E0,-3.528050630690E1));
#529=CARTESIAN_POINT('',(-3.054355526745E0,9.582797769197E0,-3.522446688071E1));
#530=CARTESIAN_POINT('',(-4.257047080847E0,9.555670507004E0,-3.514818634568E1));
#531=CARTESIAN_POINT('',(-5.376672359999E0,9.527238734024E0,-3.505631909175E1));
#532=CARTESIAN_POINT('',(-6.446317801109E0,9.499918289784E0,-3.494997324834E1));
#533=CARTESIAN_POINT('',(-7.443583346021E0,9.476788045906E0,-3.483504847732E1));
#534=CARTESIAN_POINT('',(-8.362334662027E0,9.459788246891E0,-3.471619958414E1));
#535=CARTESIAN_POINT('',(-9.187377336016E0,9.449774144234E0,-3.459931651598E1));
#536=CARTESIAN_POINT('',(-9.942089938001E0,9.446261163831E0,-3.448458384347E1));
#537=CARTESIAN_POINT('',(-1.070252252327E1,9.449591120379E0,-3.436172543259E1));
#538=CARTESIAN_POINT('',(-1.148394648906E1,9.461961665656E0,-3.422826918669E1));
#539=CARTESIAN_POINT('',(-1.229154628336E1,9.486453637133E0,-3.408321851280E1));
#540=CARTESIAN_POINT('',(-1.316152757495E1,9.528557723294E0,-3.391996604195E1));
#541=CARTESIAN_POINT('',(-1.382904274389E1,9.577975243152E0,-3.378998059243E1));
#542=CARTESIAN_POINT('',(-1.417744287429E1,9.610816599091E0,-3.372106665904E1));
#544=CARTESIAN_POINT('',(1.417744287429E1,9.610816599091E0,3.372106665904E1));
#545=CARTESIAN_POINT('',(1.456345713090E1,9.654800006725E0,3.362878882506E1));
#546=CARTESIAN_POINT('',(1.531003112124E1,9.733883227089E0,3.344463187978E1));
#547=CARTESIAN_POINT('',(1.635323442769E1,9.827585704788E0,3.317287376832E1));
#548=CARTESIAN_POINT('',(1.732126052056E1,9.898674872774E0,3.290825360314E1));
#549=CARTESIAN_POINT('',(1.826459898041E1,9.951920975309E0,3.263897048273E1));
#550=CARTESIAN_POINT('',(1.924338679461E1,9.988977280932E0,3.234782580405E1));
#551=CARTESIAN_POINT('',(1.997418346075E1,9.999999922482E0,3.212087391738E1));
#552=CARTESIAN_POINT('',(2.035425933529E1,1.E1,3.199999998799E1));
#554=CARTESIAN_POINT('',(1.417744687876E1,6.E0,3.2E1));
#555=DIRECTION('',(1.E0,0.E0,0.E0));
#556=DIRECTION('',(0.E0,9.027020943058E-1,4.302661140920E-1));
#557=AXIS2_PLACEMENT_3D('',#554,#555,#556);
#559=CARTESIAN_POINT('',(1.417745922380E1,1.322164867263E1,3.544208788334E1));
#560=DIRECTION('',(8.837050556838E-1,2.013760935418E-1,-4.225080395789E-1));
#561=DIRECTION('',(-2.551386141810E-6,-9.027076249296E-1,-4.302545105952E-1));
#562=AXIS2_PLACEMENT_3D('',#559,#560,#561);
#564=CARTESIAN_POINT('',(-1.417745711810E1,1.322164830783E1,3.544208885066E1));
#565=DIRECTION('',(8.837059609143E-1,-2.013734185686E-1,4.225074211639E-1));
#566=DIRECTION('',(5.520796586765E-6,-9.027071878588E-1,-4.302554275748E-1));
#567=AXIS2_PLACEMENT_3D('',#564,#565,#566);
#569=CARTESIAN_POINT('',(-1.417744290098E1,9.610816584137E0,3.372106684186E1));
#570=CARTESIAN_POINT('',(-1.388721894394E1,9.583463739967E0,3.377846444321E1));
#571=CARTESIAN_POINT('',(-1.331244916848E1,9.538786505863E0,3.389076415674E1));
#572=CARTESIAN_POINT('',(-1.249904210360E1,9.495052631888E0,3.404481017803E1));
#573=CARTESIAN_POINT('',(-1.166852343184E1,9.466323127238E0,3.419579251335E1));
#574=CARTESIAN_POINT('',(-1.087877683954E1,9.451542794974E0,3.433222517972E1));
#575=CARTESIAN_POINT('',(-1.010247284890E1,9.446190231794E0,3.445940735760E1));
#576=CARTESIAN_POINT('',(-9.271185056824E0,9.448807836974E0,3.458731746295E1));
#577=CARTESIAN_POINT('',(-8.350302060445E0,9.459789779773E0,3.471819644343E1));
#578=CARTESIAN_POINT('',(-7.359391001871E0,9.478500016015E0,3.484561703673E1));
#579=CARTESIAN_POINT('',(-6.301059871663E0,9.503513422895E0,3.496567499466E1));
#580=CARTESIAN_POINT('',(-5.179006761029E0,9.532349123571E0,3.507439075251E1));
#581=CARTESIAN_POINT('',(-3.944204774228E0,9.563379988421E0,3.517115206718E1));
#582=CARTESIAN_POINT('',(-2.579245645874E0,9.592045587480E0,3.524872706805E1));
#583=CARTESIAN_POINT('',(-1.147548727913E0,9.611232515569E0,3.529543981408E1));
#584=CARTESIAN_POINT('',(3.044060890510E-1,9.615698088330E0,3.530615835363E1));
#585=CARTESIAN_POINT('',(1.723289026988E0,9.604945134335E0,3.528050630690E1));
#586=CARTESIAN_POINT('',(3.054355526746E0,9.582797769197E0,3.522446688071E1));
#587=CARTESIAN_POINT('',(4.257047080848E0,9.555670507004E0,3.514818634568E1));
#588=CARTESIAN_POINT('',(5.376672359999E0,9.527238734024E0,3.505631909175E1));
#589=CARTESIAN_POINT('',(6.446317801109E0,9.499918289784E0,3.494997324834E1));
#590=CARTESIAN_POINT('',(7.443583346021E0,9.476788045906E0,3.483504847732E1));
#591=CARTESIAN_POINT('',(8.362334662027E0,9.459788246891E0,3.471619958414E1));
#592=CARTESIAN_POINT('',(9.187377336016E0,9.449774144234E0,3.459931651598E1));
#593=CARTESIAN_POINT('',(9.942089938001E0,9.446261163831E0,3.448458384347E1));
#594=CARTESIAN_POINT('',(1.070252252327E1,9.449591120379E0,3.436172543259E1));
#595=CARTESIAN_POINT('',(1.148394648906E1,9.461961665656E0,3.422826918669E1));
#596=CARTESIAN_POINT('',(1.229154628336E1,9.486453637133E0,3.408321851280E1));
#597=CARTESIAN_POINT('',(1.316152757495E1,9.528557723294E0,3.391996604195E1));
#598=CARTESIAN_POINT('',(1.382904274389E1,9.577975243152E0,3.378998059243E1));
#599=CARTESIAN_POINT('',(1.417744287429E1,9.610816599091E0,3.372106665904E1));
#601=CARTESIAN_POINT('',(1.120772213565E-14,7.1E1,0.E0));
#602=DIRECTION('',(0.E0,1.E0,0.E0));
#603=DIRECTION('',(1.E0,0.E0,0.E0));
#604=AXIS2_PLACEMENT_3D('',#601,#602,#603);
#606=DIRECTION('',(0.E0,1.E0,-5.114528592309E-14));
#607=VECTOR('',#606,1.6E1);
#608=CARTESIAN_POINT('',(-2.3E1,5.5E1,9.207603012311E-14));
#609=LINE('',#608,#607);
#610=CARTESIAN_POINT('',(0.E0,5.5E1,0.E0));
#611=DIRECTION('',(0.E0,1.E0,0.E0));
#612=DIRECTION('',(1.E0,0.E0,0.E0));
#613=AXIS2_PLACEMENT_3D('',#610,#611,#612);
#615=DIRECTION('',(0.E0,1.E0,5.061619526292E-14));
#616=VECTOR('',#615,1.6E1);
#617=CARTESIAN_POINT('',(2.3E1,5.5E1,-9.398756957190E-14));
#618=LINE('',#617,#616);
#619=CARTESIAN_POINT('',(2.2E1,7.1E1,5.726086271807E-12));
#620=DIRECTION('',(2.602761756121E-13,0.E0,-1.E0));
#621=DIRECTION('',(0.E0,1.E0,0.E0));
#622=AXIS2_PLACEMENT_3D('',#619,#620,#621);
#624=CARTESIAN_POINT('',(1.139141915552E-14,7.2E1,0.E0));
#625=DIRECTION('',(0.E0,1.E0,0.E0));
#626=DIRECTION('',(1.E0,0.E0,0.E0));
#627=AXIS2_PLACEMENT_3D('',#624,#625,#626);
#629=CARTESIAN_POINT('',(1.139141915552E-14,7.2E1,0.E0));
#630=DIRECTION('',(0.E0,1.E0,0.E0));
#631=DIRECTION('',(-1.E0,0.E0,0.E0));
#632=AXIS2_PLACEMENT_3D('',#629,#630,#631);
#634=CARTESIAN_POINT('',(1.139141915552E-14,7.2E1,0.E0));
#635=DIRECTION('',(0.E0,1.E0,0.E0));
#636=DIRECTION('',(1.E0,0.E0,0.E0));
#637=AXIS2_PLACEMENT_3D('',#634,#635,#636);
#639=CARTESIAN_POINT('',(1.139141915552E-14,7.2E1,0.E0));
#640=DIRECTION('',(0.E0,1.E0,0.E0));
#641=DIRECTION('',(-1.E0,0.E0,0.E0));
#642=AXIS2_PLACEMENT_3D('',#639,#640,#641);
#644=DIRECTION('',(0.E0,1.E0,0.E0));
#645=VECTOR('',#644,2.2E1);
#646=CARTESIAN_POINT('',(-9.E0,5.E1,0.E0));
#647=LINE('',#646,#645);
#648=DIRECTION('',(0.E0,1.E0,0.E0));
#649=VECTOR('',#648,2.2E1);
#650=CARTESIAN_POINT('',(9.E0,5.E1,0.E0));
#651=LINE('',#650,#649);
#652=CARTESIAN_POINT('',(-3.499999961425E0,6.300000005848E1,8.291562024197E0));
#653=CARTESIAN_POINT('',(-3.499999961425E0,6.277171051368E1,8.291562024197E0));
#654=CARTESIAN_POINT('',(-3.456631066922E0,6.231880348978E1,8.310065547616E0));
#655=CARTESIAN_POINT('',(-3.248184480144E0,6.162923395179E1,8.395245898240E0));
#656=CARTESIAN_POINT('',(-2.895692372117E0,6.099305510090E1,8.524906676930E0));
#657=CARTESIAN_POINT('',(-2.460857943231E0,6.048245396967E1,8.661683579980E0));
#658=CARTESIAN_POINT('',(-1.945174184133E0,6.006475470520E1,8.793456737875E0));
#659=CARTESIAN_POINT('',(-1.344367770052E0,5.974377911009E1,8.906942966502E0));
#660=CARTESIAN_POINT('',(-6.766324485696E-1,5.954334343379E1,8.982999281856E0));
#661=CARTESIAN_POINT('',(-9.738874900275E-3,5.947917680921E1,9.008169686530E0));
#662=CARTESIAN_POINT('',(6.606157666840E-1,5.954002128049E1,8.984293991083E0));
#663=CARTESIAN_POINT('',(1.332336635924E0,5.973846145757E1,8.908886240720E0));
#664=CARTESIAN_POINT('',(1.940025491845E0,6.006094599230E1,8.794721733704E0));
#665=CARTESIAN_POINT('',(2.459934957697E0,6.048086017578E1,8.662038815665E0));
#666=CARTESIAN_POINT('',(2.898906462486E0,6.099773746859E1,8.523810358369E0));
#667=CARTESIAN_POINT('',(3.247461231446E0,6.162838203903E1,8.395485348770E0));
#668=CARTESIAN_POINT('',(3.456684373217E0,6.231841521397E1,8.310060401053E0));
#669=CARTESIAN_POINT('',(3.499999965337E0,6.277138658750E1,8.291562019312E0));
#670=CARTESIAN_POINT('',(3.499999965337E0,6.300000000358E1,8.291562019312E0));
#672=CARTESIAN_POINT('',(3.499999965337E0,6.300000000358E1,8.291562019312E0));
#673=CARTESIAN_POINT('',(3.499999965337E0,6.323051742924E1,8.291562019312E0));
#674=CARTESIAN_POINT('',(3.456329176298E0,6.368566468806E1,8.310232185534E0));
#675=CARTESIAN_POINT('',(3.243563373137E0,6.438022315239E1,8.397004955855E0));
#676=CARTESIAN_POINT('',(2.900290629019E0,6.499815705097E1,8.523145606958E0));
#677=CARTESIAN_POINT('',(2.471275899891E0,6.550806115244E1,8.658785826416E0));
#678=CARTESIAN_POINT('',(1.948663131778E0,6.593313915359E1,8.792722181501E0));
#679=CARTESIAN_POINT('',(1.352194330465E0,6.625278737893E1,8.905695206333E0));
#680=CARTESIAN_POINT('',(6.818067957073E-1,6.645598204178E1,8.982722653424E0));
#681=CARTESIAN_POINT('',(1.148194543292E-2,6.652096657818E1,9.008232954773E0));
#682=CARTESIAN_POINT('',(-6.620977423693E-1,6.646004906920E1,8.984305636782E0));
#683=CARTESIAN_POINT('',(-1.337099044278E0,6.625939145067E1,8.908116894670E0));
#684=CARTESIAN_POINT('',(-1.940488186376E0,6.593899706415E1,8.794666416439E0));
#685=CARTESIAN_POINT('',(-2.467978309093E0,6.551185095510E1,8.659817469259E0));
#686=CARTESIAN_POINT('',(-2.901059170031E0,6.499739294027E1,8.522911930650E0));
#687=CARTESIAN_POINT('',(-3.243653294329E0,6.437968436974E1,8.396953215623E0));
#688=CARTESIAN_POINT('',(-3.456195238651E0,6.368624092312E1,8.310291615071E0));
#689=CARTESIAN_POINT('',(-3.499999961425E0,6.323079230546E1,8.291562024197E0));
#690=CARTESIAN_POINT('',(-3.499999961425E0,6.300000005848E1,8.291562024197E0));
#692=CARTESIAN_POINT('',(0.E0,5.E1,0.E0));
#693=DIRECTION('',(0.E0,1.E0,0.E0));
#694=DIRECTION('',(1.E0,0.E0,0.E0));
#695=AXIS2_PLACEMENT_3D('',#692,#693,#694);
#697=CARTESIAN_POINT('',(0.E0,5.E1,0.E0));
#698=DIRECTION('',(0.E0,1.E0,0.E0));
#699=DIRECTION('',(-1.E0,0.E0,0.E0));
#700=AXIS2_PLACEMENT_3D('',#697,#698,#699);
#702=CARTESIAN_POINT('',(1.836970198721E-14,5.E1,0.E0));
#703=DIRECTION('',(0.E0,1.E0,0.E0));
#704=DIRECTION('',(-1.E0,0.E0,0.E0));
#705=AXIS2_PLACEMENT_3D('',#702,#703,#704);
#707=CARTESIAN_POINT('',(1.836970198721E-14,5.E1,0.E0));
#708=DIRECTION('',(0.E0,1.E0,0.E0));
#709=DIRECTION('',(1.E0,0.E0,0.E0));
#710=AXIS2_PLACEMENT_3D('',#707,#708,#709);
#712=CARTESIAN_POINT('',(-1.305145783580E1,4.6E1,-4.227708461091E-11));
#713=DIRECTION('',(-3.239259555032E-12,0.E0,1.E0));
#714=DIRECTION('',(0.E0,1.E0,0.E0));
#715=AXIS2_PLACEMENT_3D('',#712,#713,#714);
#717=CARTESIAN_POINT('',(1.305145783580E1,4.6E1,4.227744543339E-11));
#718=DIRECTION('',(3.239287310608E-12,0.E0,-1.E0));
#719=DIRECTION('',(0.E0,1.E0,0.E0));
#720=AXIS2_PLACEMENT_3D('',#717,#718,#719);
#722=CARTESIAN_POINT('',(0.E0,6.967963427230E-1,0.E0));
#723=DIRECTION('',(0.E0,1.E0,0.E0));
#724=DIRECTION('',(1.E0,0.E0,0.E0));
#725=AXIS2_PLACEMENT_3D('',#722,#723,#724);
#727=DIRECTION('',(3.032036572769E-1,9.529257800133E-1,-1.202681276865E-13));
#728=VECTOR('',#727,4.881389428434E1);
#729=CARTESIAN_POINT('',(-3.166371222880E1,6.967963427228E-1,
-5.818273368563E-13));
#730=LINE('',#729,#728);
#731=CARTESIAN_POINT('',(1.785770434075E-14,4.721281462911E1,0.E0));
#732=DIRECTION('',(0.E0,1.E0,0.E0));
#733=DIRECTION('',(1.E0,0.E0,0.E0));
#734=AXIS2_PLACEMENT_3D('',#731,#732,#733);
#736=DIRECTION('',(-3.032036572769E-1,9.529257800133E-1,1.202931936683E-13));
#737=VECTOR('',#736,4.881389428434E1);
#738=CARTESIAN_POINT('',(3.166371222880E1,6.967963427228E-1,
5.819054734679E-13));
#739=LINE('',#738,#737);
#740=CARTESIAN_POINT('',(3.261663800881E1,1.E0,4.983791157542E-12));
#741=DIRECTION('',(1.527996479345E-13,0.E0,-1.E0));
#742=DIRECTION('',(-9.947598300641E-14,-1.E0,0.E0));
#743=AXIS2_PLACEMENT_3D('',#740,#741,#742);
#745=CARTESIAN_POINT('',(-3.261663800881E1,1.E0,-4.984623824811E-12));
#746=DIRECTION('',(-1.528239340631E-13,0.E0,1.E0));
#747=DIRECTION('',(9.237055564881E-14,-1.E0,0.E0));
#748=AXIS2_PLACEMENT_3D('',#745,#746,#747);
#750=CARTESIAN_POINT('',(0.E0,6.967963427230E-1,0.E0));
#751=DIRECTION('',(0.E0,1.E0,0.E0));
#752=DIRECTION('',(-1.E0,0.E0,0.E0));
#753=AXIS2_PLACEMENT_3D('',#750,#751,#752);
#755=CARTESIAN_POINT('',(1.785770434075E-14,4.721281462911E1,0.E0));
#756=DIRECTION('',(0.E0,1.E0,0.E0));
#757=DIRECTION('',(-1.E0,0.E0,0.E0));
#758=AXIS2_PLACEMENT_3D('',#755,#756,#757);
#760=CARTESIAN_POINT('',(-3.5E0,6.3E1,2.273213584334E1));
#761=CARTESIAN_POINT('',(-3.5E0,6.275358064664E1,2.273213584334E1));
#762=CARTESIAN_POINT('',(-3.449210605760E0,6.227210988962E1,2.274004300078E1));
#763=CARTESIAN_POINT('',(-3.222868597276E0,6.156998883851E1,2.277372336212E1));
#764=CARTESIAN_POINT('',(-2.854228340347E0,6.092999474400E1,2.282359896678E1));
#765=CARTESIAN_POINT('',(-2.358724118906E0,6.037914449926E1,2.288096178677E1));
#766=CARTESIAN_POINT('',(-1.759544533607E0,5.994461918449E1,2.293560050700E1));
#767=CARTESIAN_POINT('',(-1.085369715219E0,5.964562151382E1,2.297795149283E1));
#768=CARTESIAN_POINT('',(-3.666617394460E-1,5.949367933497E1,2.300094878575E1));
#769=CARTESIAN_POINT('',(3.666619564700E-1,5.949367960932E1,2.300094874573E1));
#770=CARTESIAN_POINT('',(1.085366823598E0,5.964562050176E1,2.297795164151E1));
#771=CARTESIAN_POINT('',(1.759547293491E0,5.994462017776E1,2.293560035529E1));
#772=CARTESIAN_POINT('',(2.358730398212E0,6.037914984908E1,2.288096114585E1));
#773=CARTESIAN_POINT('',(2.854233545305E0,6.093000212691E1,2.282359829675E1));
#774=CARTESIAN_POINT('',(3.222870204018E0,6.156999352905E1,2.277372312011E1));
#775=CARTESIAN_POINT('',(3.449210189254E0,6.227210901819E1,2.274004306352E1));
#776=CARTESIAN_POINT('',(3.5E0,6.275358002228E1,2.273213584334E1));
#777=CARTESIAN_POINT('',(3.5E0,6.3E1,2.273213584334E1));
#779=CARTESIAN_POINT('',(3.5E0,6.3E1,2.273213584334E1));
#780=CARTESIAN_POINT('',(3.5E0,6.324641968545E1,2.273213584334E1));
#781=CARTESIAN_POINT('',(3.449210477015E0,6.372789100236E1,2.274004302109E1));
#782=CARTESIAN_POINT('',(3.222867952567E0,6.443001271789E1,2.277372345595E1));
#783=CARTESIAN_POINT('',(2.854227164283E0,6.507000689008E1,2.282359911664E1));
#784=CARTESIAN_POINT('',(2.358722628525E0,6.562085683629E1,2.288096194242E1));
#785=CARTESIAN_POINT('',(1.759542889997E0,6.605538174273E1,2.293560063317E1));
#786=CARTESIAN_POINT('',(1.085368388325E0,6.635437885186E1,2.297795154795E1));
#787=CARTESIAN_POINT('',(3.666614531758E-1,6.650632061798E1,2.300094877866E1));
#788=CARTESIAN_POINT('',(-3.666614334663E-1,6.650632041713E1,2.300094874984E1));
#789=CARTESIAN_POINT('',(-1.085366216597E0,6.635437969194E1,2.297795167036E1));
#790=CARTESIAN_POINT('',(-1.759546643736E0,6.605538018661E1,2.293560040475E1));
#791=CARTESIAN_POINT('',(-2.358729743855E0,6.562085072353E1,2.288096121326E1));
#792=CARTESIAN_POINT('',(-2.854232904214E0,6.506999873592E1,2.282359837762E1));
#793=CARTESIAN_POINT('',(-3.222869797356E0,6.443000744474E1,2.277372317921E1));
#794=CARTESIAN_POINT('',(-3.449210123754E0,6.372789148172E1,2.274004307399E1));
#795=CARTESIAN_POINT('',(-3.5E0,6.324642016560E1,2.273213584334E1));
#796=CARTESIAN_POINT('',(-3.5E0,6.3E1,2.273213584334E1));
#798=CARTESIAN_POINT('',(1.120772213565E-14,7.1E1,0.E0));
#799=DIRECTION('',(0.E0,1.E0,0.E0));
#800=DIRECTION('',(-1.E0,0.E0,0.E0));
#801=AXIS2_PLACEMENT_3D('',#798,#799,#800);
#803=CARTESIAN_POINT('',(0.E0,5.5E1,0.E0));
#804=DIRECTION('',(0.E0,1.E0,0.E0));
#805=DIRECTION('',(-1.E0,0.E0,0.E0));
#806=AXIS2_PLACEMENT_3D('',#803,#804,#805);
#808=DIRECTION('',(2.400373909748E-9,-2.480610814063E-10,1.E0));
#809=VECTOR('',#808,1.444057382403E1);
#810=CARTESIAN_POINT('',(3.499999965337E0,6.300000000358E1,8.291562019312E0));
#811=LINE('',#810,#809);
#812=DIRECTION('',(-2.671300679684E-9,-4.049906086443E-9,1.E0));
#813=VECTOR('',#812,1.444057381914E1);
#814=CARTESIAN_POINT('',(-3.499999961425E0,6.300000005848E1,8.291562024197E0));
#815=LINE('',#814,#813);
#816=CARTESIAN_POINT('',(-2.2E1,7.1E1,-5.735245611760E-12));
#817=DIRECTION('',(-2.606925092463E-13,0.E0,1.E0));
#818=DIRECTION('',(0.E0,1.E0,0.E0));
#819=AXIS2_PLACEMENT_3D('',#816,#817,#818);
#821=CARTESIAN_POINT('',(-3.1E1,0.E0,3.6E1));
#822=CARTESIAN_POINT('',(3.1E1,0.E0,3.6E1));
#823=VERTEX_POINT('',#821);
#824=VERTEX_POINT('',#822);
#825=CARTESIAN_POINT('',(3.1E1,0.E0,-3.6E1));
#826=VERTEX_POINT('',#825);
#827=CARTESIAN_POINT('',(-3.1E1,0.E0,-3.6E1));
#828=VERTEX_POINT('',#827);
#829=CARTESIAN_POINT('',(4.6E1,0.E0,5.E0));
#830=CARTESIAN_POINT('',(5.6E1,0.E0,5.E0));
#831=VERTEX_POINT('',#829);
#832=VERTEX_POINT('',#830);
#833=CARTESIAN_POINT('',(5.6E1,0.E0,-5.E0));
#834=VERTEX_POINT('',#833);
#835=CARTESIAN_POINT('',(4.6E1,0.E0,-5.E0));
#836=VERTEX_POINT('',#835);
#837=CARTESIAN_POINT('',(-4.6E1,0.E0,5.E0));
#838=CARTESIAN_POINT('',(-4.6E1,0.E0,-5.E0));
#839=VERTEX_POINT('',#837);
#840=VERTEX_POINT('',#838);
#841=CARTESIAN_POINT('',(-5.6E1,0.E0,-5.E0));
#842=VERTEX_POINT('',#841);
#843=CARTESIAN_POINT('',(-5.6E1,0.E0,5.E0));
#844=VERTEX_POINT('',#843);
#845=CARTESIAN_POINT('',(4.6E1,1.E1,5.E0));
#846=CARTESIAN_POINT('',(5.6E1,1.E1,5.E0));
#847=VERTEX_POINT('',#845);
#848=VERTEX_POINT('',#846);
#849=CARTESIAN_POINT('',(5.6E1,1.E1,-5.E0));
#850=VERTEX_POINT('',#849);
#851=CARTESIAN_POINT('',(4.6E1,1.E1,-5.E0));
#852=VERTEX_POINT('',#851);
#853=CARTESIAN_POINT('',(-4.6E1,1.E1,5.E0));
#854=CARTESIAN_POINT('',(-4.6E1,1.E1,-5.E0));
#855=VERTEX_POINT('',#853);
#856=VERTEX_POINT('',#854);
#857=CARTESIAN_POINT('',(-5.6E1,1.E1,-5.E0));
#858=VERTEX_POINT('',#857);
#859=CARTESIAN_POINT('',(-5.6E1,1.E1,5.E0));
#860=VERTEX_POINT('',#859);
#861=CARTESIAN_POINT('',(9.E0,7.2E1,0.E0));
#862=CARTESIAN_POINT('',(-9.E0,7.2E1,0.E0));
#863=VERTEX_POINT('',#861);
#864=VERTEX_POINT('',#862);
#865=CARTESIAN_POINT('',(9.E0,5.E1,0.E0));
#866=CARTESIAN_POINT('',(-9.E0,5.E1,0.E0));
#867=VERTEX_POINT('',#865);
#868=VERTEX_POINT('',#866);
#869=VERTEX_POINT('',#760);
#870=VERTEX_POINT('',#777);
#871=VERTEX_POINT('',#652);
#872=VERTEX_POINT('',#670);
#873=CARTESIAN_POINT('',(-3.1E1,6.E0,3.6E1));
#874=CARTESIAN_POINT('',(-1.417745161235E1,6.000000075358E0,3.600005221723E1));
#875=VERTEX_POINT('',#873);
#876=VERTEX_POINT('',#874);
#877=CARTESIAN_POINT('',(-3.1E1,1.E1,-3.2E1));
#878=CARTESIAN_POINT('',(-3.1E1,1.E1,3.2E1));
#879=VERTEX_POINT('',#877);
#880=VERTEX_POINT('',#878);
#881=CARTESIAN_POINT('',(-3.1E1,6.E0,-3.6E1));
#882=VERTEX_POINT('',#881);
#883=CARTESIAN_POINT('',(-1.417745160123E1,6.000000075137E0,-3.600005182825E1));
#884=VERTEX_POINT('',#883);
#885=CARTESIAN_POINT('',(1.417745160123E1,6.000000075137E0,3.600005182825E1));
#886=CARTESIAN_POINT('',(3.1E1,6.E0,3.6E1));
#887=VERTEX_POINT('',#885);
#888=VERTEX_POINT('',#886);
#889=CARTESIAN_POINT('',(3.1E1,1.E1,3.2E1));
#890=CARTESIAN_POINT('',(3.1E1,1.E1,-3.2E1));
#891=VERTEX_POINT('',#889);
#892=VERTEX_POINT('',#890);
#893=CARTESIAN_POINT('',(3.1E1,6.E0,-3.6E1));
#894=VERTEX_POINT('',#893);
#895=CARTESIAN_POINT('',(1.417745161235E1,6.000000075358E0,-3.600005221723E1));
#896=VERTEX_POINT('',#895);
#897=CARTESIAN_POINT('',(-1.305145783580E1,5.E1,0.E0));
#898=CARTESIAN_POINT('',(1.305145783580E1,5.E1,0.E0));
#899=VERTEX_POINT('',#897);
#900=VERTEX_POINT('',#898);
#901=CARTESIAN_POINT('',(-1.686316095586E1,4.721281462911E1,0.E0));
#902=CARTESIAN_POINT('',(1.686316095586E1,4.721281462911E1,0.E0));
#903=VERTEX_POINT('',#901);
#904=VERTEX_POINT('',#902);
#905=CARTESIAN_POINT('',(3.411316829108E1,1.278718537089E1,0.E0));
#906=CARTESIAN_POINT('',(1.830852016160E1,1.278718537089E1,-2.878378606695E1));
#907=VERTEX_POINT('',#905);
#908=VERTEX_POINT('',#906);
#909=VERTEX_POINT('',#482);
#910=VERTEX_POINT('',#490);
#911=VERTEX_POINT('',#394);
#912=VERTEX_POINT('',#542);
#913=VERTEX_POINT('',#384);
#914=VERTEX_POINT('',#418);
#915=VERTEX_POINT('',#352);
#916=CARTESIAN_POINT('',(-3.411316829108E1,1.278718537089E1,0.E0));
#917=VERTEX_POINT('',#916);
#918=CARTESIAN_POINT('',(-1.830852016160E1,1.278718537089E1,2.878378606695E1));
#919=VERTEX_POINT('',#918);
#920=VERTEX_POINT('',#94);
#921=VERTEX_POINT('',#102);
#922=VERTEX_POINT('',#293);
#923=VERTEX_POINT('',#599);
#924=VERTEX_POINT('',#283);
#925=VERTEX_POINT('',#552);
#926=VERTEX_POINT('',#251);
#927=CARTESIAN_POINT('',(2.2E1,7.2E1,0.E0));
#928=CARTESIAN_POINT('',(-2.2E1,7.2E1,-2.492837114965E-14));
#929=VERTEX_POINT('',#927);
#930=VERTEX_POINT('',#928);
#931=CARTESIAN_POINT('',(2.3E1,7.1E1,0.E0));
#932=CARTESIAN_POINT('',(-2.3E1,7.1E1,0.E0));
#933=VERTEX_POINT('',#931);
#934=VERTEX_POINT('',#932);
#935=CARTESIAN_POINT('',(2.3E1,5.5E1,0.E0));
#936=CARTESIAN_POINT('',(-2.3E1,5.5E1,0.E0));
#937=VERTEX_POINT('',#935);
#938=VERTEX_POINT('',#936);
#939=CARTESIAN_POINT('',(-2.217867084976E1,5.401609109799E1,
1.816879979799E-13));
#940=CARTESIAN_POINT('',(2.217867084976E1,5.401609109799E1,
-1.844041018065E-13));
#941=VERTEX_POINT('',#939);
#942=VERTEX_POINT('',#940);
#943=CARTESIAN_POINT('',(-2.140441591950E1,5.272897853871E1,0.E0));
#944=CARTESIAN_POINT('',(2.140441591950E1,5.272897853871E1,0.E0));
#945=VERTEX_POINT('',#943);
#946=VERTEX_POINT('',#944);
#947=CARTESIAN_POINT('',(3.261663800881E1,0.E0,0.E0));
#948=CARTESIAN_POINT('',(-3.261663800881E1,0.E0,0.E0));
#949=VERTEX_POINT('',#947);
#950=VERTEX_POINT('',#948);
#951=CARTESIAN_POINT('',(3.166371222880E1,6.967963427230E-1,0.E0));
#952=CARTESIAN_POINT('',(-3.166371222880E1,6.967963427231E-1,0.E0));
#953=VERTEX_POINT('',#951);
#954=VERTEX_POINT('',#952);
#955=CARTESIAN_POINT('',(0.E0,0.E0,0.E0));
#956=DIRECTION('',(0.E0,1.E0,0.E0));
#957=DIRECTION('',(1.E0,0.E0,0.E0));
#958=AXIS2_PLACEMENT_3D('',#955,#956,#957);
#959=PLANE('',#958);
#961=ORIENTED_EDGE('',*,*,#960,.T.);
#963=ORIENTED_EDGE('',*,*,#962,.T.);
#965=ORIENTED_EDGE('',*,*,#964,.T.);
#967=ORIENTED_EDGE('',*,*,#966,.T.);
#968=EDGE_LOOP('',(#961,#963,#965,#967));
#969=FACE_OUTER_BOUND('',#968,.F.);
#971=ORIENTED_EDGE('',*,*,#970,.F.);
#973=ORIENTED_EDGE('',*,*,#972,.F.);
#975=ORIENTED_EDGE('',*,*,#974,.F.);
#977=ORIENTED_EDGE('',*,*,#976,.F.);
#978=EDGE_LOOP('',(#971,#973,#975,#977));
#979=FACE_BOUND('',#978,.F.);
#981=ORIENTED_EDGE('',*,*,#980,.F.);
#983=ORIENTED_EDGE('',*,*,#982,.F.);
#985=ORIENTED_EDGE('',*,*,#984,.F.);
#987=ORIENTED_EDGE('',*,*,#986,.F.);
#988=EDGE_LOOP('',(#981,#983,#985,#987));
#989=FACE_BOUND('',#988,.F.);
#991=ORIENTED_EDGE('',*,*,#990,.F.);
#993=ORIENTED_EDGE('',*,*,#992,.F.);
#994=EDGE_LOOP('',(#991,#993));
#995=FACE_BOUND('',#994,.F.);
#996=ADVANCED_FACE('',(#969,#979,#989,#995),#959,.F.);
#997=CARTESIAN_POINT('',(-3.1E1,0.E0,3.6E1));
#998=DIRECTION('',(0.E0,0.E0,1.E0));
#999=DIRECTION('',(1.E0,0.E0,0.E0));
#1000=AXIS2_PLACEMENT_3D('',#997,#998,#999);
#1001=PLANE('',#1000);
#1003=ORIENTED_EDGE('',*,*,#1002,.T.);
#1005=ORIENTED_EDGE('',*,*,#1004,.T.);
#1007=ORIENTED_EDGE('',*,*,#1006,.T.);
#1009=ORIENTED_EDGE('',*,*,#1008,.F.);
#1010=ORIENTED_EDGE('',*,*,#960,.F.);
#1012=ORIENTED_EDGE('',*,*,#1011,.T.);
#1013=EDGE_LOOP('',(#1003,#1005,#1007,#1009,#1010,#1012));
#1014=FACE_OUTER_BOUND('',#1013,.F.);
#1015=ADVANCED_FACE('',(#1014),#1001,.T.);
#1016=CARTESIAN_POINT('',(-3.1153768E1,6.E0,3.2E1));
#1017=DIRECTION('',(1.E0,0.E0,0.E0));
#1018=DIRECTION('',(0.E0,1.E0,0.E0));
#1019=AXIS2_PLACEMENT_3D('',#1016,#1017,#1018);
#1020=CYLINDRICAL_SURFACE('',#1019,4.E0);
#1022=ORIENTED_EDGE('',*,*,#1021,.T.);
#1024=ORIENTED_EDGE('',*,*,#1023,.T.);
#1025=ORIENTED_EDGE('',*,*,#1002,.F.);
#1027=ORIENTED_EDGE('',*,*,#1026,.F.);
#1029=ORIENTED_EDGE('',*,*,#1028,.T.);
#1030=EDGE_LOOP('',(#1022,#1024,#1025,#1027,#1029));
#1031=FACE_OUTER_BOUND('',#1030,.F.);
#1032=ADVANCED_FACE('',(#1031),#1020,.T.);
#1033=CARTESIAN_POINT('',(-2.047890732437E1,1.000223855004E1,3.208201303209E1));
#1034=CARTESIAN_POINT('',(-2.045882901338E1,1.000210764170E1,3.208842878607E1));
#1035=CARTESIAN_POINT('',(-2.014934383011E1,9.999854615256E0,3.218719843314E1));
#1036=CARTESIAN_POINT('',(-1.953919119440E1,9.988336484330E0,3.237821827174E1));
#1037=CARTESIAN_POINT('',(-1.862376043505E1,9.952662081265E0,3.265397962966E1));
#1038=CARTESIAN_POINT('',(-1.764999276687E1,9.896073489808E0,3.293506239106E1));
#1039=CARTESIAN_POINT('',(-1.659745439685E1,9.815397357516E0,3.322461357507E1));
#1040=CARTESIAN_POINT('',(-1.545107074451E1,9.706886182974E0,3.352319010272E1));
#1041=CARTESIAN_POINT('',(-1.463104870780E1,9.614847739689E0,3.372378045628E1));
#1042=CARTESIAN_POINT('',(-1.419212551926E1,9.561808156641E0,3.382735129252E1));
#1043=CARTESIAN_POINT('',(-1.417138238539E1,9.559293183883E0,3.383223749863E1));
#1044=CARTESIAN_POINT('',(-1.945483634973E1,9.937383054226E0,3.047609426769E1));
#1045=CARTESIAN_POINT('',(-1.943533072244E1,9.939815523299E0,3.048204133126E1));
#1046=CARTESIAN_POINT('',(-1.913464664170E1,9.977058574048E0,3.057370613187E1));
#1047=CARTESIAN_POINT('',(-1.854106409731E1,1.004291712043E1,3.075432204177E1));
#1048=CARTESIAN_POINT('',(-1.764842518280E1,1.012132105323E1,3.102401178197E1));
#1049=CARTESIAN_POINT('',(-1.669675899759E1,1.018326761204E1,3.130845972942E1));
#1050=CARTESIAN_POINT('',(-1.566580814686E1,1.022689788936E1,3.161208129756E1));
#1051=CARTESIAN_POINT('',(-1.454041097781E1,1.024873901876E1,3.193718733124E1));
#1052=CARTESIAN_POINT('',(-1.373356144859E1,1.024564016102E1,3.216465052063E1));
#1053=CARTESIAN_POINT('',(-1.330116456053E1,1.023885993120E1,3.228471788513E1));
#1054=CARTESIAN_POINT('',(-1.328072866841E1,1.023852813081E1,3.229038838652E1));
#1055=CARTESIAN_POINT('',(-1.862781507081E1,1.105603700420E1,2.917357678430E1));
#1056=CARTESIAN_POINT('',(-1.860877193294E1,1.106054856113E1,2.918101582155E1));
#1057=CARTESIAN_POINT('',(-1.831519546913E1,1.112975671041E1,2.929574069440E1));
#1058=CARTESIAN_POINT('',(-1.773499462090E1,1.125615717487E1,2.952371099923E1));
#1059=CARTESIAN_POINT('',(-1.686076201531E1,1.141834463347E1,2.986915380672E1));
#1060=CARTESIAN_POINT('',(-1.592694449653E1,1.156163024500E1,3.023870892018E1));
#1061=CARTESIAN_POINT('',(-1.491342772241E1,1.168431305919E1,3.063875917944E1));
#1062=CARTESIAN_POINT('',(-1.380497723656E1,1.178204263158E1,3.107323586361E1));
#1063=CARTESIAN_POINT('',(-1.300877010495E1,1.182546562202E1,3.138163281527E1));
#1064=CARTESIAN_POINT('',(-1.258164383765E1,1.184136240733E1,3.154566163120E1));
#1065=CARTESIAN_POINT('',(-1.256145606746E1,1.184209735482E1,3.155341112234E1));
#1066=CARTESIAN_POINT('',(-1.834659886126E1,1.288646335251E1,2.872373299266E1));
#1067=CARTESIAN_POINT('',(-1.832771298646E1,1.289169295513E1,2.873399550148E1));
#1068=CARTESIAN_POINT('',(-1.803655336763E1,1.297185552289E1,2.889222091883E1));
#1069=CARTESIAN_POINT('',(-1.746090275102E1,1.311643258273E1,2.920533456523E1));
#1070=CARTESIAN_POINT('',(-1.659292896683E1,1.329677719354E1,2.967641001074E1));
#1071=CARTESIAN_POINT('',(-1.566518050450E1,1.344990503250E1,3.017692452676E1));
#1072=CARTESIAN_POINT('',(-1.465759240366E1,1.357305000821E1,3.071509774677E1));
#1073=CARTESIAN_POINT('',(-1.355490237435E1,1.366020196031E1,3.129566455640E1));
#1074=CARTESIAN_POINT('',(-1.276231962498E1,1.368811077002E1,3.170492638025E1));
#1075=CARTESIAN_POINT('',(-1.233698567477E1,1.369353932138E1,3.192184300010E1));
#1076=CARTESIAN_POINT('',(-1.231688227351E1,1.369377474404E1,3.193208946424E1));
#1077=(BOUNDED_SURFACE()B_SPLINE_SURFACE(3,3,((#1033,#1034,#1035,#1036,#1037,
#1038,#1039,#1040,#1041,#1042,#1043),(#1044,#1045,#1046,#1047,#1048,#1049,#1050,
#1051,#1052,#1053,#1054),(#1055,#1056,#1057,#1058,#1059,#1060,#1061,#1062,#1063,
#1064,#1065),(#1066,#1067,#1068,#1069,#1070,#1071,#1072,#1073,#1074,#1075,
#1076)),.UNSPECIFIED.,.F.,.F.,.F.)B_SPLINE_SURFACE_WITH_KNOTS((4,4),(4,1,1,1,1,
1,1,1,4),(0.E0,1.E0),(-9.937627954625E-3,0.E0,1.431986050239E-1,
2.907311908716E-1,4.481192136182E-1,6.169890054428E-1,8.000067758114E-1,1.E0,
1.009919399740E0),.UNSPECIFIED.)GEOMETRIC_REPRESENTATION_ITEM()RATIONAL_B_SPLINE_SURFACE(((1.117849447018E0,1.117849447018E0,1.117849447018E0,1.117849447018E0,
1.117849447018E0,1.117849447018E0,1.117849447018E0,1.117849447018E0,
1.117849447018E0,1.117849447018E0,1.117849447018E0),(9.607168509940E-1,
9.607168509940E-1,9.607168509940E-1,9.607168509940E-1,9.607168509940E-1,
9.607168509940E-1,9.607168509940E-1,9.607168509940E-1,9.607168509940E-1,
9.607168509940E-1,9.607168509940E-1),(9.607168509940E-1,9.607168509940E-1,
9.607168509940E-1,9.607168509940E-1,9.607168509940E-1,9.607168509940E-1,
9.607168509940E-1,9.607168509940E-1,9.607168509940E-1,9.607168509940E-1,
9.607168509940E-1),(1.117849447018E0,1.117849447018E0,1.117849447018E0,
1.117849447018E0,1.117849447018E0,1.117849447018E0,1.117849447018E0,
1.117849447018E0,1.117849447018E0,1.117849447018E0,1.117849447018E0)))REPRESENTATION_ITEM('')SURFACE());
#1078=ORIENTED_EDGE('',*,*,#1021,.F.);
#1080=ORIENTED_EDGE('',*,*,#1079,.T.);
#1082=ORIENTED_EDGE('',*,*,#1081,.T.);
#1084=ORIENTED_EDGE('',*,*,#1083,.F.);
#1085=EDGE_LOOP('',(#1078,#1080,#1082,#1084));
#1086=FACE_OUTER_BOUND('',#1085,.F.);
#1087=ADVANCED_FACE('',(#1086),#1077,.F.);
#1088=CARTESIAN_POINT('',(0.E0,1.4E1,0.E0));
#1089=DIRECTION('',(0.E0,-1.E0,0.E0));
#1090=DIRECTION('',(-9.999695701396E-1,0.E0,-7.801204707896E-3));
#1091=AXIS2_PLACEMENT_3D('',#1088,#1089,#1090);
#1092=TOROIDAL_SURFACE('',#1091,3.792487141113E1,4.E0);
#1094=ORIENTED_EDGE('',*,*,#1093,.T.);
#1096=ORIENTED_EDGE('',*,*,#1095,.T.);
#1098=ORIENTED_EDGE('',*,*,#1097,.T.);
#1100=ORIENTED_EDGE('',*,*,#1099,.T.);
#1101=ORIENTED_EDGE('',*,*,#1079,.F.);
#1102=EDGE_LOOP('',(#1094,#1096,#1098,#1100,#1101));
#1103=FACE_OUTER_BOUND('',#1102,.F.);
#1104=ADVANCED_FACE('',(#1103),#1092,.F.);
#1105=CARTESIAN_POINT('',(0.E0,1.E1,0.E0));
#1106=DIRECTION('',(0.E0,1.E0,0.E0));
#1107=DIRECTION('',(1.E0,0.E0,0.E0));
#1108=AXIS2_PLACEMENT_3D('',#1105,#1106,#1107);
#1109=PLANE('',#1108);
#1111=ORIENTED_EDGE('',*,*,#1110,.F.);
#1113=ORIENTED_EDGE('',*,*,#1112,.F.);
#1115=ORIENTED_EDGE('',*,*,#1114,.F.);
#1117=ORIENTED_EDGE('',*,*,#1116,.F.);
#1118=EDGE_LOOP('',(#1111,#1113,#1115,#1117));
#1119=FACE_OUTER_BOUND('',#1118,.F.);
#1121=ORIENTED_EDGE('',*,*,#1120,.T.);
#1123=ORIENTED_EDGE('',*,*,#1122,.T.);
#1125=ORIENTED_EDGE('',*,*,#1124,.T.);
#1127=ORIENTED_EDGE('',*,*,#1126,.T.);
#1128=EDGE_LOOP('',(#1121,#1123,#1125,#1127));
#1129=FACE_BOUND('',#1128,.F.);
#1130=ADVANCED_FACE('',(#1119,#1129),#1109,.T.);
#1131=CARTESIAN_POINT('',(0.E0,1.E1,0.E0));
#1132=DIRECTION('',(0.E0,1.E0,0.E0));
#1133=DIRECTION('',(1.E0,0.E0,0.E0));
#1134=AXIS2_PLACEMENT_3D('',#1131,#1132,#1133);
#1135=PLANE('',#1134);
#1136=ORIENTED_EDGE('',*,*,#1093,.F.);
#1137=ORIENTED_EDGE('',*,*,#1028,.F.);
#1139=ORIENTED_EDGE('',*,*,#1138,.F.);
#1141=ORIENTED_EDGE('',*,*,#1140,.F.);
#1142=EDGE_LOOP('',(#1136,#1137,#1139,#1141));
#1143=FACE_OUTER_BOUND('',#1142,.F.);
#1145=ORIENTED_EDGE('',*,*,#1144,.T.);
#1147=ORIENTED_EDGE('',*,*,#1146,.T.);
#1149=ORIENTED_EDGE('',*,*,#1148,.T.);
#1151=ORIENTED_EDGE('',*,*,#1150,.T.);
#1152=EDGE_LOOP('',(#1145,#1147,#1149,#1151));
#1153=FACE_BOUND('',#1152,.F.);
#1154=ADVANCED_FACE('',(#1143,#1153),#1135,.T.);
#1155=CARTESIAN_POINT('',(4.6E1,1.E1,5.E0));
#1156=DIRECTION('',(0.E0,0.E0,1.E0));
#1157=DIRECTION('',(1.E0,0.E0,0.E0));
#1158=AXIS2_PLACEMENT_3D('',#1155,#1156,#1157);
#1159=PLANE('',#1158);
#1160=ORIENTED_EDGE('',*,*,#970,.T.);
#1162=ORIENTED_EDGE('',*,*,#1161,.F.);
#1163=ORIENTED_EDGE('',*,*,#1120,.F.);
#1165=ORIENTED_EDGE('',*,*,#1164,.T.);
#1166=EDGE_LOOP('',(#1160,#1162,#1163,#1165));
#1167=FACE_OUTER_BOUND('',#1166,.F.);
#1168=ADVANCED_FACE('',(#1167),#1159,.F.);
#1169=CARTESIAN_POINT('',(5.6E1,1.E1,0.E0));
#1170=DIRECTION('',(0.E0,1.E0,0.E0));
#1171=DIRECTION('',(1.E0,0.E0,0.E0));
#1172=AXIS2_PLACEMENT_3D('',#1169,#1170,#1171);
#1173=CYLINDRICAL_SURFACE('',#1172,5.E0);
#1174=ORIENTED_EDGE('',*,*,#976,.T.);
#1176=ORIENTED_EDGE('',*,*,#1175,.F.);
#1177=ORIENTED_EDGE('',*,*,#1122,.F.);
#1178=ORIENTED_EDGE('',*,*,#1161,.T.);
#1179=EDGE_LOOP('',(#1174,#1176,#1177,#1178));
#1180=FACE_OUTER_BOUND('',#1179,.F.);
#1181=ADVANCED_FACE('',(#1180),#1173,.F.);
#1182=CARTESIAN_POINT('',(5.6E1,1.E1,-5.E0));
#1183=DIRECTION('',(0.E0,0.E0,-1.E0));
#1184=DIRECTION('',(-1.E0,0.E0,0.E0));
#1185=AXIS2_PLACEMENT_3D('',#1182,#1183,#1184);
#1186=PLANE('',#1185);
#1187=ORIENTED_EDGE('',*,*,#974,.T.);
#1189=ORIENTED_EDGE('',*,*,#1188,.F.);
#1190=ORIENTED_EDGE('',*,*,#1124,.F.);
#1191=ORIENTED_EDGE('',*,*,#1175,.T.);
#1192=EDGE_LOOP('',(#1187,#1189,#1190,#1191));
#1193=FACE_OUTER_BOUND('',#1192,.F.);
#1194=ADVANCED_FACE('',(#1193),#1186,.F.);
#1195=CARTESIAN_POINT('',(4.6E1,1.E1,0.E0));
#1196=DIRECTION('',(0.E0,1.E0,0.E0));
#1197=DIRECTION('',(1.E0,0.E0,0.E0));
#1198=AXIS2_PLACEMENT_3D('',#1195,#1196,#1197);
#1199=CYLINDRICAL_SURFACE('',#1198,5.E0);
#1200=ORIENTED_EDGE('',*,*,#972,.T.);
#1201=ORIENTED_EDGE('',*,*,#1164,.F.);
#1202=ORIENTED_EDGE('',*,*,#1126,.F.);
#1203=ORIENTED_EDGE('',*,*,#1188,.T.);
#1204=EDGE_LOOP('',(#1200,#1201,#1202,#1203));
#1205=FACE_OUTER_BOUND('',#1204,.F.);
#1206=ADVANCED_FACE('',(#1205),#1199,.F.);
#1207=CARTESIAN_POINT('',(-4.6E1,1.E1,0.E0));
#1208=DIRECTION('',(0.E0,1.E0,0.E0));
#1209=DIRECTION('',(1.E0,0.E0,0.E0));
#1210=AXIS2_PLACEMENT_3D('',#1207,#1208,#1209);
#1211=CYLINDRICAL_SURFACE('',#1210,5.E0);
#1212=ORIENTED_EDGE('',*,*,#980,.T.);
#1214=ORIENTED_EDGE('',*,*,#1213,.F.);
#1215=ORIENTED_EDGE('',*,*,#1144,.F.);
#1217=ORIENTED_EDGE('',*,*,#1216,.T.);
#1218=EDGE_LOOP('',(#1212,#1214,#1215,#1217));
#1219=FACE_OUTER_BOUND('',#1218,.F.);
#1220=ADVANCED_FACE('',(#1219),#1211,.F.);
#1221=CARTESIAN_POINT('',(-4.6E1,1.E1,-5.E0));
#1222=DIRECTION('',(0.E0,0.E0,-1.E0));
#1223=DIRECTION('',(-1.E0,0.E0,0.E0));
#1224=AXIS2_PLACEMENT_3D('',#1221,#1222,#1223);
#1225=PLANE('',#1224);
#1226=ORIENTED_EDGE('',*,*,#986,.T.);
#1228=ORIENTED_EDGE('',*,*,#1227,.F.);
#1229=ORIENTED_EDGE('',*,*,#1146,.F.);
#1230=ORIENTED_EDGE('',*,*,#1213,.T.);
#1231=EDGE_LOOP('',(#1226,#1228,#1229,#1230));
#1232=FACE_OUTER_BOUND('',#1231,.F.);
#1233=ADVANCED_FACE('',(#1232),#1225,.F.);
#1234=CARTESIAN_POINT('',(-5.6E1,1.E1,0.E0));
#1235=DIRECTION('',(0.E0,1.E0,0.E0));
#1236=DIRECTION('',(1.E0,0.E0,0.E0));
#1237=AXIS2_PLACEMENT_3D('',#1234,#1235,#1236);
#1238=CYLINDRICAL_SURFACE('',#1237,5.E0);
#1239=ORIENTED_EDGE('',*,*,#984,.T.);
#1241=ORIENTED_EDGE('',*,*,#1240,.F.);
#1242=ORIENTED_EDGE('',*,*,#1148,.F.);
#1243=ORIENTED_EDGE('',*,*,#1227,.T.);
#1244=EDGE_LOOP('',(#1239,#1241,#1242,#1243));
#1245=FACE_OUTER_BOUND('',#1244,.F.);
#1246=ADVANCED_FACE('',(#1245),#1238,.F.);
#1247=CARTESIAN_POINT('',(-5.6E1,1.E1,5.E0));
#1248=DIRECTION('',(0.E0,0.E0,1.E0));
#1249=DIRECTION('',(1.E0,0.E0,0.E0));
#1250=AXIS2_PLACEMENT_3D('',#1247,#1248,#1249);
#1251=PLANE('',#1250);
#1252=ORIENTED_EDGE('',*,*,#982,.T.);
#1253=ORIENTED_EDGE('',*,*,#1216,.F.);
#1254=ORIENTED_EDGE('',*,*,#1150,.F.);
#1255=ORIENTED_EDGE('',*,*,#1240,.T.);
#1256=EDGE_LOOP('',(#1252,#1253,#1254,#1255));
#1257=FACE_OUTER_BOUND('',#1256,.F.);
#1258=ADVANCED_FACE('',(#1257),#1251,.F.);
#1259=CARTESIAN_POINT('',(0.E0,1.4E1,0.E0));
#1260=DIRECTION('',(0.E0,-1.E0,0.E0));
#1261=DIRECTION('',(5.303962613583E-1,0.E0,8.477498486801E-1));
#1262=AXIS2_PLACEMENT_3D('',#1259,#1260,#1261);
#1263=TOROIDAL_SURFACE('',#1262,3.792487141113E1,4.E0);
#1265=ORIENTED_EDGE('',*,*,#1264,.T.);
#1267=ORIENTED_EDGE('',*,*,#1266,.T.);
#1269=ORIENTED_EDGE('',*,*,#1268,.F.);
#1270=ORIENTED_EDGE('',*,*,#1110,.T.);
#1272=ORIENTED_EDGE('',*,*,#1271,.T.);
#1273=EDGE_LOOP('',(#1265,#1267,#1269,#1270,#1272));
#1274=FACE_OUTER_BOUND('',#1273,.F.);
#1275=ADVANCED_FACE('',(#1274),#1263,.F.);
#1276=CARTESIAN_POINT('',(0.E0,3.169443677307E1,0.E0));
#1277=DIRECTION('',(0.E0,-1.E0,0.E0));
#1278=DIRECTION('',(-1.E0,0.E0,0.E0));
#1279=AXIS2_PLACEMENT_3D('',#1276,#1277,#1278);
#1280=CONICAL_SURFACE('',#1279,2.809722466311E1,1.765012421993E1);
#1282=ORIENTED_EDGE('',*,*,#1281,.F.);
#1284=ORIENTED_EDGE('',*,*,#1283,.F.);
#1285=ORIENTED_EDGE('',*,*,#1264,.F.);
#1287=ORIENTED_EDGE('',*,*,#1286,.F.);
#1289=ORIENTED_EDGE('',*,*,#1288,.F.);
#1290=ORIENTED_EDGE('',*,*,#1081,.F.);
#1291=ORIENTED_EDGE('',*,*,#1099,.F.);
#1293=ORIENTED_EDGE('',*,*,#1292,.T.);
#1294=EDGE_LOOP('',(#1282,#1284,#1285,#1287,#1289,#1290,#1291,#1293));
#1295=FACE_OUTER_BOUND('',#1294,.F.);
#1296=ADVANCED_FACE('',(#1295),#1280,.T.);
#1297=CARTESIAN_POINT('',(0.E0,5.303218219599E1,0.E0));
#1298=DIRECTION('',(0.E0,-1.E0,0.E0));
#1299=DIRECTION('',(9.999848068584E-1,0.E0,-5.512354514597E-3));
#1300=AXIS2_PLACEMENT_3D('',#1297,#1298,#1299);
#1301=TOROIDAL_SURFACE('',#1300,2.235734169951E1,1.E0);
#1303=ORIENTED_EDGE('',*,*,#1302,.F.);
#1305=ORIENTED_EDGE('',*,*,#1304,.T.);
#1306=ORIENTED_EDGE('',*,*,#1281,.T.);
#1308=ORIENTED_EDGE('',*,*,#1307,.F.);
#1309=EDGE_LOOP('',(#1303,#1305,#1306,#1308));
#1310=FACE_OUTER_BOUND('',#1309,.F.);
#1311=ADVANCED_FACE('',(#1310),#1301,.F.);
#1312=CARTESIAN_POINT('',(0.E0,5.5E1,0.E0));
#1313=DIRECTION('',(0.E0,-1.E0,0.E0));
#1314=DIRECTION('',(-9.999793382433E-1,0.E0,-6.428303552373E-3));
#1315=AXIS2_PLACEMENT_3D('',#1312,#1313,#1314);
#1316=TOROIDAL_SURFACE('',#1315,2.2E1,1.E0);
#1317=ORIENTED_EDGE('',*,*,#1302,.T.);
#1319=ORIENTED_EDGE('',*,*,#1318,.F.);
#1321=ORIENTED_EDGE('',*,*,#1320,.T.);
#1323=ORIENTED_EDGE('',*,*,#1322,.T.);
#1324=EDGE_LOOP('',(#1317,#1319,#1321,#1323));
#1325=FACE_OUTER_BOUND('',#1324,.F.);
#1326=ADVANCED_FACE('',(#1325),#1316,.T.);
#1327=CARTESIAN_POINT('',(0.E0,5.5E1,0.E0));
#1328=DIRECTION('',(0.E0,-1.E0,0.E0));
#1329=DIRECTION('',(9.999793382433E-1,0.E0,6.428303552373E-3));
#1330=AXIS2_PLACEMENT_3D('',#1327,#1328,#1329);
#1331=TOROIDAL_SURFACE('',#1330,2.2E1,1.E0);
#1333=ORIENTED_EDGE('',*,*,#1332,.T.);
#1334=ORIENTED_EDGE('',*,*,#1322,.F.);
#1336=ORIENTED_EDGE('',*,*,#1335,.T.);
#1337=ORIENTED_EDGE('',*,*,#1318,.T.);
#1338=EDGE_LOOP('',(#1333,#1334,#1336,#1337));
#1339=FACE_OUTER_BOUND('',#1338,.F.);
#1340=ADVANCED_FACE('',(#1339),#1331,.T.);
#1341=CARTESIAN_POINT('',(0.E0,5.303218219599E1,0.E0));
#1342=DIRECTION('',(0.E0,-1.E0,0.E0));
#1343=DIRECTION('',(-9.999848068584E-1,0.E0,5.512354514598E-3));
#1344=AXIS2_PLACEMENT_3D('',#1341,#1342,#1343);
#1345=TOROIDAL_SURFACE('',#1344,2.235734169951E1,1.E0);
#1346=ORIENTED_EDGE('',*,*,#1332,.F.);
#1347=ORIENTED_EDGE('',*,*,#1307,.T.);
#1349=ORIENTED_EDGE('',*,*,#1348,.T.);
#1350=ORIENTED_EDGE('',*,*,#1304,.F.);
#1351=EDGE_LOOP('',(#1346,#1347,#1349,#1350));
#1352=FACE_OUTER_BOUND('',#1351,.F.);
#1353=ADVANCED_FACE('',(#1352),#1345,.F.);
#1354=CARTESIAN_POINT('',(0.E0,3.169443677307E1,0.E0));
#1355=DIRECTION('',(0.E0,-1.E0,0.E0));
#1356=DIRECTION('',(-1.E0,0.E0,0.E0));
#1357=AXIS2_PLACEMENT_3D('',#1354,#1355,#1356);
#1358=CONICAL_SURFACE('',#1357,2.809722466311E1,1.765012421993E1);
#1359=ORIENTED_EDGE('',*,*,#1348,.F.);
#1360=ORIENTED_EDGE('',*,*,#1292,.F.);
#1361=ORIENTED_EDGE('',*,*,#1097,.F.);
#1363=ORIENTED_EDGE('',*,*,#1362,.F.);
#1365=ORIENTED_EDGE('',*,*,#1364,.F.);
#1367=ORIENTED_EDGE('',*,*,#1366,.F.);
#1368=ORIENTED_EDGE('',*,*,#1266,.F.);
#1369=ORIENTED_EDGE('',*,*,#1283,.T.);
#1370=EDGE_LOOP('',(#1359,#1360,#1361,#1363,#1365,#1367,#1368,#1369));
#1371=FACE_OUTER_BOUND('',#1370,.F.);
#1372=ADVANCED_FACE('',(#1371),#1358,.T.);
#1373=CARTESIAN_POINT('',(-1.417138967829E1,9.559294124590E0,
-3.383223563012E1));
#1374=CARTESIAN_POINT('',(-1.419213038980E1,9.561808807485E0,
-3.382734999049E1));
#1375=CARTESIAN_POINT('',(-1.458722679792E1,9.609552434201E0,
-3.373412063750E1));
#1376=CARTESIAN_POINT('',(-1.533132129646E1,9.693708802379E0,
-3.355274453294E1));
#1377=CARTESIAN_POINT('',(-1.637913781271E1,9.795740252342E0,
-3.328234091036E1));
#1378=CARTESIAN_POINT('',(-1.737163812706E1,9.876236208571E0,
-3.301279017636E1));
#1379=CARTESIAN_POINT('',(-1.834755544763E1,9.938588054168E0,
-3.273507555677E1));
#1380=CARTESIAN_POINT('',(-1.936252233900E1,9.983904974826E0,
-3.243294888607E1));
#1381=CARTESIAN_POINT('',(-2.007611530613E1,9.999321415376E0,
-3.221056885683E1));
#1382=CARTESIAN_POINT('',(-2.045883420875E1,1.000210769150E1,
-3.208842712009E1));
#1383=CARTESIAN_POINT('',(-2.047891506012E1,1.000223862490E1,
-3.208201053895E1));
#1384=CARTESIAN_POINT('',(-1.328073588807E1,1.023852838707E1,
-3.229038630959E1));
#1385=CARTESIAN_POINT('',(-1.330116939053E1,1.023886015105E1,
-3.228471646401E1));
#1386=CARTESIAN_POINT('',(-1.369039109350E1,1.024496347865E1,
-3.217663784538E1));
#1387=CARTESIAN_POINT('',(-1.442262003436E1,1.024864589903E1,
-3.197052261527E1));
#1388=CARTESIAN_POINT('',(-1.545161461765E1,1.023233770773E1,
-3.167430901061E1));
#1389=CARTESIAN_POINT('',(-1.642429271494E1,1.019663217001E1,
-3.138910208936E1));
#1390=CARTESIAN_POINT('',(-1.737871914240E1,1.014120867253E1,
-3.110501249921E1));
#1391=CARTESIAN_POINT('',(-1.836907198166E1,1.006081079212E1,
-3.080659986441E1));
#1392=CARTESIAN_POINT('',(-1.906350068494E1,9.985870780513E0,
-3.059539549101E1));
#1393=CARTESIAN_POINT('',(-1.943533575835E1,9.939814906154E0,
-3.048203977708E1));
#1394=CARTESIAN_POINT('',(-1.945484383851E1,9.937382131528E0,
-3.047609193958E1));
#1395=CARTESIAN_POINT('',(-1.256146327432E1,1.184209726150E1,
-3.155340840120E1));
#1396=CARTESIAN_POINT('',(-1.258164868131E1,1.184136240214E1,
-3.154565980546E1));
#1397=CARTESIAN_POINT('',(-1.296612596462E1,1.182705301255E1,
-3.139800941592E1));
#1398=CARTESIAN_POINT('',(-1.368876790921E1,1.178889793065E1,
-3.111835056060E1));
#1399=CARTESIAN_POINT('',(-1.470256391621E1,1.170472631987E1,
-3.072161222204E1));
#1400=CARTESIAN_POINT('',(-1.565923353585E1,1.159661033177E1,
-3.034452473869E1));
#1401=CARTESIAN_POINT('',(-1.659630441281E1,1.146216345500E1,
-2.997382826939E1));
#1402=CARTESIAN_POINT('',(-1.756677935345E1,1.129119417252E1,
-2.958999294817E1));
#1403=CARTESIAN_POINT('',(-1.824573135666E1,1.114613234212E1,
-2.932288646865E1));
#1404=CARTESIAN_POINT('',(-1.860877684024E1,1.106054740833E1,
-2.918101387158E1));
#1405=CARTESIAN_POINT('',(-1.862782236036E1,1.105603528026E1,
-2.917357386188E1));
#1406=CARTESIAN_POINT('',(-1.231688953349E1,1.369377478320E1,
-3.193208593488E1));
#1407=CARTESIAN_POINT('',(-1.233699058061E1,1.369353939179E1,
-3.192184065498E1));
#1408=CARTESIAN_POINT('',(-1.271985445439E1,1.368865292211E1,
-3.172658342898E1));
#1409=CARTESIAN_POINT('',(-1.343923080624E1,1.366493968349E1,
-3.135558984003E1));
#1410=CARTESIAN_POINT('',(-1.444786084243E1,1.359199892006E1,
-3.082600335686E1));
#1411=CARTESIAN_POINT('',(-1.539908650856E1,1.348579905590E1,
-3.031955702523E1));
#1412=CARTESIAN_POINT('',(-1.633025602379E1,1.334440497049E1,
-2.981854394152E1));
#1413=CARTESIAN_POINT('',(-1.729397174114E1,1.315620169999E1,
-2.929617201012E1));
#1414=CARTESIAN_POINT('',(-1.796766114185E1,1.299082309758E1,
-2.892965961448E1));
#1415=CARTESIAN_POINT('',(-1.832771785033E1,1.289169162368E1,
-2.873399281520E1));
#1416=CARTESIAN_POINT('',(-1.834660608343E1,1.288646136136E1,
-2.872372896739E1));
#1417=(BOUNDED_SURFACE()B_SPLINE_SURFACE(3,3,((#1373,#1374,#1375,#1376,#1377,
#1378,#1379,#1380,#1381,#1382,#1383),(#1384,#1385,#1386,#1387,#1388,#1389,#1390,
#1391,#1392,#1393,#1394),(#1395,#1396,#1397,#1398,#1399,#1400,#1401,#1402,#1403,
#1404,#1405),(#1406,#1407,#1408,#1409,#1410,#1411,#1412,#1413,#1414,#1415,
#1416)),.UNSPECIFIED.,.F.,.F.,.F.)B_SPLINE_SURFACE_WITH_KNOTS((4,4),(4,1,1,1,1,
1,1,1,4),(0.E0,1.E0),(-9.918253628231E-3,0.E0,1.790347705587E-1,
3.465646949945E-1,5.040672907702E-1,6.586512194478E-1,8.205661759264E-1,1.E0,
1.009938890103E0),.UNSPECIFIED.)GEOMETRIC_REPRESENTATION_ITEM()RATIONAL_B_SPLINE_SURFACE(((1.117849447063E0,1.117849447063E0,1.117849447063E0,1.117849447063E0,
1.117849447063E0,1.117849447063E0,1.117849447063E0,1.117849447063E0,
1.117849447063E0,1.117849447063E0,1.117849447063E0),(9.607168509790E-1,
9.607168509790E-1,9.607168509790E-1,9.607168509790E-1,9.607168509790E-1,
9.607168509790E-1,9.607168509790E-1,9.607168509790E-1,9.607168509790E-1,
9.607168509790E-1,9.607168509790E-1),(9.607168509790E-1,9.607168509790E-1,
9.607168509790E-1,9.607168509790E-1,9.607168509790E-1,9.607168509790E-1,
9.607168509790E-1,9.607168509790E-1,9.607168509790E-1,9.607168509790E-1,
9.607168509790E-1),(1.117849447063E0,1.117849447063E0,1.117849447063E0,
1.117849447063E0,1.117849447063E0,1.117849447063E0,1.117849447063E0,
1.117849447063E0,1.117849447063E0,1.117849447063E0,1.117849447063E0)))REPRESENTATION_ITEM('')SURFACE());
#1419=ORIENTED_EDGE('',*,*,#1418,.F.);
#1421=ORIENTED_EDGE('',*,*,#1420,.T.);
#1422=ORIENTED_EDGE('',*,*,#1362,.T.);
#1423=ORIENTED_EDGE('',*,*,#1095,.F.);
#1424=EDGE_LOOP('',(#1419,#1421,#1422,#1423));
#1425=FACE_OUTER_BOUND('',#1424,.F.);
#1426=ADVANCED_FACE('',(#1425),#1417,.F.);
#1427=CARTESIAN_POINT('',(2.417582888795E2,6.E0,-3.2E1));
#1428=DIRECTION('',(-1.E0,0.E0,0.E0));
#1429=DIRECTION('',(0.E0,1.E0,0.E0));
#1430=AXIS2_PLACEMENT_3D('',#1427,#1428,#1429);
#1431=CYLINDRICAL_SURFACE('',#1430,4.E0);
#1432=ORIENTED_EDGE('',*,*,#1418,.T.);
#1433=ORIENTED_EDGE('',*,*,#1140,.T.);
#1435=ORIENTED_EDGE('',*,*,#1434,.T.);
#1437=ORIENTED_EDGE('',*,*,#1436,.F.);
#1439=ORIENTED_EDGE('',*,*,#1438,.F.);
#1440=EDGE_LOOP('',(#1432,#1433,#1435,#1437,#1439));
#1441=FACE_OUTER_BOUND('',#1440,.F.);
#1442=ADVANCED_FACE('',(#1441),#1431,.T.);
#1443=CARTESIAN_POINT('',(-3.1E1,6.E0,0.E0));
#1444=DIRECTION('',(0.E0,1.E0,0.E0));
#1445=DIRECTION('',(4.271320345439E-3,0.E0,-9.999908778696E-1));
#1446=AXIS2_PLACEMENT_3D('',#1443,#1444,#1445);
#1447=TOROIDAL_SURFACE('',#1446,3.2E1,4.E0);
#1448=ORIENTED_EDGE('',*,*,#1138,.T.);
#1449=ORIENTED_EDGE('',*,*,#1026,.T.);
#1451=ORIENTED_EDGE('',*,*,#1450,.F.);
#1452=ORIENTED_EDGE('',*,*,#1434,.F.);
#1453=EDGE_LOOP('',(#1448,#1449,#1451,#1452));
#1454=FACE_OUTER_BOUND('',#1453,.F.);
#1455=ADVANCED_FACE('',(#1454),#1447,.T.);
#1456=CARTESIAN_POINT('',(-3.1E1,0.E0,0.E0));
#1457=DIRECTION('',(0.E0,1.E0,0.E0));
#1458=DIRECTION('',(1.E0,0.E0,0.E0));
#1459=AXIS2_PLACEMENT_3D('',#1456,#1457,#1458);
#1460=CYLINDRICAL_SURFACE('',#1459,3.6E1);
#1461=ORIENTED_EDGE('',*,*,#1450,.T.);
#1462=ORIENTED_EDGE('',*,*,#1011,.F.);
#1463=ORIENTED_EDGE('',*,*,#966,.F.);
#1465=ORIENTED_EDGE('',*,*,#1464,.T.);
#1466=EDGE_LOOP('',(#1461,#1462,#1463,#1465));
#1467=FACE_OUTER_BOUND('',#1466,.F.);
#1468=ADVANCED_FACE('',(#1467),#1460,.T.);
#1469=CARTESIAN_POINT('',(3.1E1,0.E0,-3.6E1));
#1470=DIRECTION('',(0.E0,0.E0,-1.E0));
#1471=DIRECTION('',(-1.E0,0.E0,0.E0));
#1472=AXIS2_PLACEMENT_3D('',#1469,#1470,#1471);
#1473=PLANE('',#1472);
#1474=ORIENTED_EDGE('',*,*,#1436,.T.);
#1475=ORIENTED_EDGE('',*,*,#1464,.F.);
#1476=ORIENTED_EDGE('',*,*,#964,.F.);
#1478=ORIENTED_EDGE('',*,*,#1477,.T.);
#1480=ORIENTED_EDGE('',*,*,#1479,.T.);
#1482=ORIENTED_EDGE('',*,*,#1481,.T.);
#1483=EDGE_LOOP('',(#1474,#1475,#1476,#1478,#1480,#1482));
#1484=FACE_OUTER_BOUND('',#1483,.F.);
#1485=ADVANCED_FACE('',(#1484),#1473,.T.);
#1486=CARTESIAN_POINT('',(3.1E1,0.E0,0.E0));
#1487=DIRECTION('',(0.E0,1.E0,0.E0));
#1488=DIRECTION('',(1.E0,0.E0,0.E0));
#1489=AXIS2_PLACEMENT_3D('',#1486,#1487,#1488);
#1490=CYLINDRICAL_SURFACE('',#1489,3.6E1);
#1492=ORIENTED_EDGE('',*,*,#1491,.T.);
#1493=ORIENTED_EDGE('',*,*,#1477,.F.);
#1494=ORIENTED_EDGE('',*,*,#962,.F.);
#1495=ORIENTED_EDGE('',*,*,#1008,.T.);
#1496=EDGE_LOOP('',(#1492,#1493,#1494,#1495));
#1497=FACE_OUTER_BOUND('',#1496,.F.);
#1498=ADVANCED_FACE('',(#1497),#1490,.T.);
#1499=CARTESIAN_POINT('',(3.1E1,6.E0,0.E0));
#1500=DIRECTION('',(0.E0,1.E0,0.E0));
#1501=DIRECTION('',(-4.271320345439E-3,0.E0,9.999908778696E-1));
#1502=AXIS2_PLACEMENT_3D('',#1499,#1500,#1501);
#1503=TOROIDAL_SURFACE('',#1502,3.2E1,4.E0);
#1504=ORIENTED_EDGE('',*,*,#1114,.T.);
#1506=ORIENTED_EDGE('',*,*,#1505,.T.);
#1507=ORIENTED_EDGE('',*,*,#1491,.F.);
#1509=ORIENTED_EDGE('',*,*,#1508,.F.);
#1510=EDGE_LOOP('',(#1504,#1506,#1507,#1509));
#1511=FACE_OUTER_BOUND('',#1510,.F.);
#1512=ADVANCED_FACE('',(#1511),#1503,.T.);
#1513=CARTESIAN_POINT('',(3.1153768E1,6.E0,-3.2E1));
#1514=DIRECTION('',(-1.E0,0.E0,0.E0));
#1515=DIRECTION('',(0.E0,1.E0,0.E0));
#1516=AXIS2_PLACEMENT_3D('',#1513,#1514,#1515);
#1517=CYLINDRICAL_SURFACE('',#1516,4.E0);
#1519=ORIENTED_EDGE('',*,*,#1518,.T.);
#1521=ORIENTED_EDGE('',*,*,#1520,.T.);
#1522=ORIENTED_EDGE('',*,*,#1479,.F.);
#1523=ORIENTED_EDGE('',*,*,#1505,.F.);
#1524=ORIENTED_EDGE('',*,*,#1112,.T.);
#1525=EDGE_LOOP('',(#1519,#1521,#1522,#1523,#1524));
#1526=FACE_OUTER_BOUND('',#1525,.F.);
#1527=ADVANCED_FACE('',(#1526),#1517,.T.);
#1528=CARTESIAN_POINT('',(2.047890732437E1,1.000223855004E1,-3.208201303209E1));
#1529=CARTESIAN_POINT('',(2.045882901338E1,1.000210764170E1,-3.208842878607E1));
#1530=CARTESIAN_POINT('',(2.014934383011E1,9.999854615256E0,-3.218719843314E1));
#1531=CARTESIAN_POINT('',(1.953919119440E1,9.988336484330E0,-3.237821827174E1));
#1532=CARTESIAN_POINT('',(1.862376043505E1,9.952662081265E0,-3.265397962966E1));
#1533=CARTESIAN_POINT('',(1.764999276687E1,9.896073489808E0,-3.293506239106E1));
#1534=CARTESIAN_POINT('',(1.659745439685E1,9.815397357516E0,-3.322461357507E1));
#1535=CARTESIAN_POINT('',(1.545107074451E1,9.706886182974E0,-3.352319010272E1));
#1536=CARTESIAN_POINT('',(1.463104870780E1,9.614847739689E0,-3.372378045628E1));
#1537=CARTESIAN_POINT('',(1.419212551926E1,9.561808156641E0,-3.382735129252E1));
#1538=CARTESIAN_POINT('',(1.417138238539E1,9.559293183883E0,-3.383223749863E1));
#1539=CARTESIAN_POINT('',(1.945483634973E1,9.937383054226E0,-3.047609426769E1));
#1540=CARTESIAN_POINT('',(1.943533072244E1,9.939815523299E0,-3.048204133126E1));
#1541=CARTESIAN_POINT('',(1.913464664170E1,9.977058574048E0,-3.057370613187E1));
#1542=CARTESIAN_POINT('',(1.854106409731E1,1.004291712043E1,-3.075432204177E1));
#1543=CARTESIAN_POINT('',(1.764842518280E1,1.012132105323E1,-3.102401178197E1));
#1544=CARTESIAN_POINT('',(1.669675899759E1,1.018326761204E1,-3.130845972942E1));
#1545=CARTESIAN_POINT('',(1.566580814686E1,1.022689788936E1,-3.161208129756E1));
#1546=CARTESIAN_POINT('',(1.454041097781E1,1.024873901876E1,-3.193718733124E1));
#1547=CARTESIAN_POINT('',(1.373356144859E1,1.024564016102E1,-3.216465052063E1));
#1548=CARTESIAN_POINT('',(1.330116456053E1,1.023885993120E1,-3.228471788513E1));
#1549=CARTESIAN_POINT('',(1.328072866841E1,1.023852813081E1,-3.229038838652E1));
#1550=CARTESIAN_POINT('',(1.862781507081E1,1.105603700420E1,-2.917357678430E1));
#1551=CARTESIAN_POINT('',(1.860877193294E1,1.106054856113E1,-2.918101582155E1));
#1552=CARTESIAN_POINT('',(1.831519546913E1,1.112975671041E1,-2.929574069440E1));
#1553=CARTESIAN_POINT('',(1.773499462090E1,1.125615717487E1,-2.952371099923E1));
#1554=CARTESIAN_POINT('',(1.686076201531E1,1.141834463347E1,-2.986915380672E1));
#1555=CARTESIAN_POINT('',(1.592694449653E1,1.156163024500E1,-3.023870892018E1));
#1556=CARTESIAN_POINT('',(1.491342772241E1,1.168431305919E1,-3.063875917944E1));
#1557=CARTESIAN_POINT('',(1.380497723656E1,1.178204263158E1,-3.107323586361E1));
#1558=CARTESIAN_POINT('',(1.300877010495E1,1.182546562202E1,-3.138163281527E1));
#1559=CARTESIAN_POINT('',(1.258164383765E1,1.184136240733E1,-3.154566163120E1));
#1560=CARTESIAN_POINT('',(1.256145606746E1,1.184209735482E1,-3.155341112234E1));
#1561=CARTESIAN_POINT('',(1.834659886126E1,1.288646335251E1,-2.872373299266E1));
#1562=CARTESIAN_POINT('',(1.832771298646E1,1.289169295513E1,-2.873399550148E1));
#1563=CARTESIAN_POINT('',(1.803655336763E1,1.297185552289E1,-2.889222091883E1));
#1564=CARTESIAN_POINT('',(1.746090275102E1,1.311643258273E1,-2.920533456523E1));
#1565=CARTESIAN_POINT('',(1.659292896683E1,1.329677719354E1,-2.967641001074E1));
#1566=CARTESIAN_POINT('',(1.566518050450E1,1.344990503250E1,-3.017692452676E1));
#1567=CARTESIAN_POINT('',(1.465759240366E1,1.357305000821E1,-3.071509774677E1));
#1568=CARTESIAN_POINT('',(1.355490237435E1,1.366020196031E1,-3.129566455640E1));
#1569=CARTESIAN_POINT('',(1.276231962498E1,1.368811077002E1,-3.170492638025E1));
#1570=CARTESIAN_POINT('',(1.233698567477E1,1.369353932138E1,-3.192184300010E1));
#1571=CARTESIAN_POINT('',(1.231688227351E1,1.369377474404E1,-3.193208946424E1));
#1572=(BOUNDED_SURFACE()B_SPLINE_SURFACE(3,3,((#1528,#1529,#1530,#1531,#1532,
#1533,#1534,#1535,#1536,#1537,#1538),(#1539,#1540,#1541,#1542,#1543,#1544,#1545,
#1546,#1547,#1548,#1549),(#1550,#1551,#1552,#1553,#1554,#1555,#1556,#1557,#1558,
#1559,#1560),(#1561,#1562,#1563,#1564,#1565,#1566,#1567,#1568,#1569,#1570,
#1571)),.UNSPECIFIED.,.F.,.F.,.F.)B_SPLINE_SURFACE_WITH_KNOTS((4,4),(4,1,1,1,1,
1,1,1,4),(0.E0,1.E0),(-9.937627954611E-3,0.E0,1.431986050239E-1,
2.907311908716E-1,4.481192136183E-1,6.169890054428E-1,8.000067758114E-1,1.E0,
1.009919399740E0),.UNSPECIFIED.)GEOMETRIC_REPRESENTATION_ITEM()RATIONAL_B_SPLINE_SURFACE(((1.117849447018E0,1.117849447018E0,1.117849447018E0,1.117849447018E0,
1.117849447018E0,1.117849447018E0,1.117849447018E0,1.117849447018E0,
1.117849447018E0,1.117849447018E0,1.117849447018E0),(9.607168509940E-1,
9.607168509940E-1,9.607168509940E-1,9.607168509940E-1,9.607168509940E-1,
9.607168509940E-1,9.607168509940E-1,9.607168509940E-1,9.607168509940E-1,
9.607168509940E-1,9.607168509940E-1),(9.607168509940E-1,9.607168509940E-1,
9.607168509940E-1,9.607168509940E-1,9.607168509940E-1,9.607168509940E-1,
9.607168509940E-1,9.607168509940E-1,9.607168509940E-1,9.607168509940E-1,
9.607168509940E-1),(1.117849447018E0,1.117849447018E0,1.117849447018E0,
1.117849447018E0,1.117849447018E0,1.117849447018E0,1.117849447018E0,
1.117849447018E0,1.117849447018E0,1.117849447018E0,1.117849447018E0)))REPRESENTATION_ITEM('')SURFACE());
#1573=ORIENTED_EDGE('',*,*,#1518,.F.);
#1574=ORIENTED_EDGE('',*,*,#1268,.T.);
#1575=ORIENTED_EDGE('',*,*,#1366,.T.);
#1577=ORIENTED_EDGE('',*,*,#1576,.F.);
#1578=EDGE_LOOP('',(#1573,#1574,#1575,#1577));
#1579=FACE_OUTER_BOUND('',#1578,.F.);
#1580=ADVANCED_FACE('',(#1579),#1572,.F.);
#1581=CARTESIAN_POINT('',(1.450582878752E1,9.633247251122E0,-3.367924215844E1));
#1582=CARTESIAN_POINT('',(1.441528260240E1,9.610604192945E0,-3.372588428896E1));
#1583=CARTESIAN_POINT('',(1.407531983088E1,9.527700311927E0,-3.389859180492E1));
#1584=CARTESIAN_POINT('',(1.348729880423E1,9.396960648082E0,-3.418221030624E1));
#1585=CARTESIAN_POINT('',(1.273473841496E1,9.248159428720E0,-3.451918100047E1));
#1586=CARTESIAN_POINT('',(1.198450650451E1,9.114699713385E0,-3.483096302125E1));
#1587=CARTESIAN_POINT('',(1.123062045274E1,8.993047548394E0,-3.512133993726E1));
#1588=CARTESIAN_POINT('',(1.045829582947E1,8.879408897845E0,-3.539649061834E1));
#1589=CARTESIAN_POINT('',(9.633232927891E0,8.768772334464E0,-3.566654756055E1));
#1590=CARTESIAN_POINT('',(8.728292704809E0,8.659043146741E0,-3.593505359977E1));
#1591=CARTESIAN_POINT('',(7.735188829937E0,8.551449433463E0,-3.619726707478E1));
#1592=CARTESIAN_POINT('',(6.654204741116E0,8.448763310470E0,-3.644521470636E1));
#1593=CARTESIAN_POINT('',(5.472100075192E0,8.352950754157E0,-3.667301373192E1));
#1594=CARTESIAN_POINT('',(4.168395421722E0,8.267317032941E0,-3.687265819746E1));
#1595=CARTESIAN_POINT('',(2.743525378708E0,8.198812833104E0,-3.702900631684E1));
#1596=CARTESIAN_POINT('',(1.229940914684E0,8.156282508567E0,-3.712426910262E1));
#1597=CARTESIAN_POINT('',(-3.113234097369E-1,8.146318441113E0,
-3.714638449620E1));
#1598=CARTESIAN_POINT('',(-1.814672301755E0,8.169332597393E0,
-3.709516972790E1));
#1599=CARTESIAN_POINT('',(-3.224238409401E0,8.219556672162E0,
-3.698197721569E1));
#1600=CARTESIAN_POINT('',(-4.517927787149E0,8.288729756388E0,
-3.682301259653E1));
#1601=CARTESIAN_POINT('',(-5.705447217920E0,8.370866048501E0,
-3.663067505262E1));
#1602=CARTESIAN_POINT('',(-6.802751110186E0,8.462250153470E0,
-3.641277090141E1));
#1603=CARTESIAN_POINT('',(-7.814112379665E0,8.559799880325E0,
-3.617694207106E1));
#1604=CARTESIAN_POINT('',(-8.731492705718E0,8.659743153614E0,
-3.593331179373E1));
#1605=CARTESIAN_POINT('',(-9.560295485126E0,8.759835007947E0,
-3.568843142360E1));
#1606=CARTESIAN_POINT('',(-1.032748970304E1,8.861383439654E0,
-3.544042729796E1));
#1607=CARTESIAN_POINT('',(-1.106815194424E1,8.968357827642E0,
-3.518088536448E1));
#1608=CARTESIAN_POINT('',(-1.181126121775E1,9.085737670361E0,
-3.489962821669E1));
#1609=CARTESIAN_POINT('',(-1.257654207340E1,9.218727468683E0,
-3.458715336621E1));
#1610=CARTESIAN_POINT('',(-1.338811526485E1,9.375649251692E0,
-3.422913929129E1));
#1611=CARTESIAN_POINT('',(-1.403460961181E1,9.517786925257E0,
-3.391925968858E1));
#1612=CARTESIAN_POINT('',(-1.441430892937E1,9.610366240253E0,
-3.372637861618E1));
#1613=CARTESIAN_POINT('',(-1.450435849533E1,9.632876462505E0,
-3.367999911512E1));
#1614=CARTESIAN_POINT('',(1.389813603146E1,1.007932467052E1,-3.265940819157E1));
#1615=CARTESIAN_POINT('',(1.381246223048E1,1.005723688340E1,-3.270339184903E1));
#1616=CARTESIAN_POINT('',(1.349045508752E1,9.976278181318E0,-3.286642395621E1));
#1617=CARTESIAN_POINT('',(1.293155323253E1,9.848115821827E0,-3.313508483198E1));
#1618=CARTESIAN_POINT('',(1.221393507818E1,9.701743085128E0,-3.345530888953E1));
#1619=CARTESIAN_POINT('',(1.149672144269E1,9.570103811104E0,-3.375234228281E1));
#1620=CARTESIAN_POINT('',(1.077490982141E1,9.449913726794E0,-3.402940708979E1));
#1621=CARTESIAN_POINT('',(1.003456083896E1,9.337495229180E0,-3.429225817227E1));
#1622=CARTESIAN_POINT('',(9.242995608454E0,9.227946659214E0,-3.455045938689E1));
#1623=CARTESIAN_POINT('',(8.374248923303E0,9.119221227638E0,-3.480733789787E1));
#1624=CARTESIAN_POINT('',(7.420559404201E0,9.012573600639E0,-3.505827226511E1));
#1625=CARTESIAN_POINT('',(6.382453005603E0,8.910785780466E0,-3.529555585150E1));
#1626=CARTESIAN_POINT('',(5.247316089677E0,8.815817818673E0,-3.551353178623E1));
#1627=CARTESIAN_POINT('',(3.996106648214E0,8.730989481006E0,-3.570445186511E1));
#1628=CARTESIAN_POINT('',(2.629365303957E0,8.663170061880E0,-3.585387651663E1));
#1629=CARTESIAN_POINT('',(1.178541327049E0,8.621097965546E0,-3.594485083711E1));
#1630=CARTESIAN_POINT('',(-2.982957496447E-1,8.611244591827E0,
-3.596596366138E1));
#1631=CARTESIAN_POINT('',(-1.738947457998E0,8.634005016184E0,
-3.591706653424E1));
#1632=CARTESIAN_POINT('',(-3.090375771353E0,8.683701554815E0,
-3.580894085369E1));
#1633=CARTESIAN_POINT('',(-4.331518898203E0,8.752197515212E0,
-3.565698335307E1));
#1634=CARTESIAN_POINT('',(-5.471361307749E0,8.833572509380E0,
-3.547302520017E1));
#1635=CARTESIAN_POINT('',(-6.525110311745E0,8.924154984396E0,
-3.526450715869E1));
#1636=CARTESIAN_POINT('',(-7.496351805400E0,9.020850821316E0,
-3.503882121134E1));
#1637=CARTESIAN_POINT('',(-8.377314142579E0,9.119914001565E0,
-3.480567315273E1));
#1638=CARTESIAN_POINT('',(-9.172978991843E0,9.219091498187E0,
-3.457139475820E1));
#1639=CARTESIAN_POINT('',(-9.909088882023E0,9.319650539153E0,
-3.433425844468E1));
#1640=CARTESIAN_POINT('',(-1.061922803251E1,9.425499120477E0,
-3.408626921778E1));
#1641=CARTESIAN_POINT('',(-1.133092796019E1,9.541504633949E0,
-3.381782793545E1));
#1642=CARTESIAN_POINT('',(-1.206283689205E1,9.672739600754E0,
-3.352000940457E1));
#1643=CARTESIAN_POINT('',(-1.283719784275E1,9.827201835783E0,
-3.317958159163E1));
#1644=CARTESIAN_POINT('',(-1.345188503404E1,9.966594635371E0,
-3.288593880070E1));
#1645=CARTESIAN_POINT('',(-1.381154349899E1,1.005700548038E1,
-3.270385681271E1));
#1646=CARTESIAN_POINT('',(-1.389675474812E1,1.007896573246E1,
-3.266011722711E1));
#1647=CARTESIAN_POINT('',(1.334346185624E1,1.099153620004E1,-3.197490156445E1));
#1648=CARTESIAN_POINT('',(1.326285000087E1,1.097024824833E1,-3.201585565023E1));
#1649=CARTESIAN_POINT('',(1.295933616488E1,1.089209146258E1,-3.216793179381E1));
#1650=CARTESIAN_POINT('',(1.242948984867E1,1.076764155920E1,-3.242004986514E1));
#1651=CARTESIAN_POINT('',(1.174556381631E1,1.062476690952E1,-3.272221442327E1));
#1652=CARTESIAN_POINT('',(1.105921600760E1,1.049574987461E1,-3.300369457304E1));
#1653=CARTESIAN_POINT('',(1.036678594570E1,1.037766583190E1,-3.326692886895E1));
#1654=CARTESIAN_POINT('',(9.655236918394E0,1.026700489314E1,-3.351715646523E1));
#1655=CARTESIAN_POINT('',(8.893479402281E0,1.015902351397E1,-3.376329455261E1));
#1656=CARTESIAN_POINT('',(8.056647513869E0,1.005174393434E1,-3.400841540187E1));
#1657=CARTESIAN_POINT('',(7.137580432869E0,9.946459089221E0,-3.424796996352E1));
#1658=CARTESIAN_POINT('',(6.137194012394E0,9.845965221656E0,-3.447447822504E1));
#1659=CARTESIAN_POINT('',(5.043499737985E0,9.752213848807E0,-3.468249558712E1));
#1660=CARTESIAN_POINT('',(3.839141689721E0,9.668545618977E0,-3.486449211487E1));
#1661=CARTESIAN_POINT('',(2.524837680839E0,9.601712586366E0,-3.500677355697E1));
#1662=CARTESIAN_POINT('',(1.131329568449E0,9.560300540925E0,-3.509328053088E1));
#1663=CARTESIAN_POINT('',(-2.863180526131E-1,9.550606615047E0,
-3.511334465788E1));
#1664=CARTESIAN_POINT('',(-1.669466571871E0,9.573001553428E0,
-3.506686922943E1));
#1665=CARTESIAN_POINT('',(-2.968010801762E0,9.621938207145E0,
-3.496400458382E1));
#1666=CARTESIAN_POINT('',(-4.161917276188E0,9.689458810320E0,
-3.481925558513E1));
#1667=CARTESIAN_POINT('',(-5.259313135069E0,9.769737199382E0,
-3.464385093082E1));
#1668=CARTESIAN_POINT('',(-6.274669778273E0,9.859164973396E0,
-3.444483984319E1));
#1669=CARTESIAN_POINT('',(-7.210622065669E0,9.954630831868E0,
-3.422940074580E1));
#1670=CARTESIAN_POINT('',(-8.059591078643E0,1.005242628963E1,
-3.400682908486E1));
#1671=CARTESIAN_POINT('',(-8.826040231794E0,1.015028670752E1,
-3.378327050748E1));
#1672=CARTESIAN_POINT('',(-9.534524069822E0,1.024942058906E1,
-3.355718288409E1));
#1673=CARTESIAN_POINT('',(-1.021725103353E1,1.035364751181E1,
-3.332102631516E1));
#1674=CARTESIAN_POINT('',(-1.090029378798E1,1.046767338449E1,
-3.306586099087E1));
#1675=CARTESIAN_POINT('',(-1.160117654826E1,1.059638061925E1,
-3.278343673312E1));
#1676=CARTESIAN_POINT('',(-1.233991011826E1,1.074730001949E1,
-3.246187623150E1));
#1677=CARTESIAN_POINT('',(-1.292296527092E1,1.088273898874E1,
-3.218614292789E1));
#1678=CARTESIAN_POINT('',(-1.326198966756E1,1.097002627974E1,
-3.201628670387E1));
#1679=CARTESIAN_POINT('',(-1.334217804845E1,1.099119433200E1,
-3.197555412607E1));
#1680=CARTESIAN_POINT('',(1.295648957026E1,1.218127483246E1,-3.176724948011E1));
#1681=CARTESIAN_POINT('',(1.288008262433E1,1.216086590819E1,-3.180542928368E1));
#1682=CARTESIAN_POINT('',(1.259177613505E1,1.208578845763E1,-3.194753414167E1));
#1683=CARTESIAN_POINT('',(1.208491426043E1,1.196541858222E1,-3.218494458640E1));
#1684=CARTESIAN_POINT('',(1.142646412226E1,1.182638836654E1,-3.247147072787E1));
#1685=CARTESIAN_POINT('',(1.076244793638E1,1.170025319969E1,-3.273980877524E1));
#1686=CARTESIAN_POINT('',(1.009063169107E1,1.158448371860E1,-3.299155372646E1));
#1687=CARTESIAN_POINT('',(9.398752312872E0,1.147575435529E1,-3.323144395538E1));
#1688=CARTESIAN_POINT('',(8.656949571849E0,1.136949533512E1,-3.346780566361E1));
#1689=CARTESIAN_POINT('',(7.841155100285E0,1.126380476182E1,-3.370346970799E1));
#1690=CARTESIAN_POINT('',(6.944760074580E0,1.116001762816E1,-3.393389663177E1));
#1691=CARTESIAN_POINT('',(5.969137013893E0,1.106094582797E1,-3.415174617305E1));
#1692=CARTESIAN_POINT('',(4.902791675950E0,1.096853149903E1,-3.435172849497E1));
#1693=CARTESIAN_POINT('',(3.729954302963E0,1.088613823978E1,-3.452644732249E1));
#1694=CARTESIAN_POINT('',(2.451554428878E0,1.082038925621E1,-3.466284272911E1));
#1695=CARTESIAN_POINT('',(1.098067046414E0,1.077970261356E1,-3.474562713469E1));
#1696=CARTESIAN_POINT('',(-2.778668030068E-1,1.077018392252E1,
-3.476481326301E1));
#1697=CARTESIAN_POINT('',(-1.620595370582E0,1.079217718801E1,
-3.472036288523E1));
#1698=CARTESIAN_POINT('',(-2.882443433760E0,1.084027872030E1,
-3.462186571694E1));
#1699=CARTESIAN_POINT('',(-4.044189408764E0,1.090672739575E1,
-3.448303618830E1));
#1700=CARTESIAN_POINT('',(-5.113145350335E0,1.098580060439E1,
-3.431459063614E1));
#1701=CARTESIAN_POINT('',(-6.103210086939E0,1.107395934999E1,
-3.412324170796E1));
#1702=CARTESIAN_POINT('',(-7.016000062412E0,1.116807344936E1,
-3.391603480957E1));
#1703=CARTESIAN_POINT('',(-7.844015290726E0,1.126447566692E1,
-3.370194697070E1));
#1704=CARTESIAN_POINT('',(-8.591211559917E0,1.136088860158E1,
-3.348700964433E1));
#1705=CARTESIAN_POINT('',(-9.281239527929E0,1.145845621809E1,
-3.326986718431E1));
#1706=CARTESIAN_POINT('',(-9.945332896985E0,1.156090092120E1,
-3.304337672836E1));
#1707=CARTESIAN_POINT('',(-1.060839574987E1,1.167275114805E1,
-3.279920254450E1));
#1708=CARTESIAN_POINT('',(-1.128701299912E1,1.179868037900E1,
-3.252972762471E1));
#1709=CARTESIAN_POINT('',(-1.199907029354E1,1.194570616697E1,
-3.222441451671E1));
#1710=CARTESIAN_POINT('',(-1.255720870078E1,1.207679983548E1,
-3.196456044662E1));
#1711=CARTESIAN_POINT('',(-1.287927207157E1,1.216065430814E1,
-3.180582889197E1));
#1712=CARTESIAN_POINT('',(-1.295529155086E1,1.218095172457E1,
-3.176784869147E1));
#1713=(BOUNDED_SURFACE()B_SPLINE_SURFACE(3,3,((#1581,#1582,#1583,#1584,#1585,
#1586,#1587,#1588,#1589,#1590,#1591,#1592,#1593,#1594,#1595,#1596,#1597,#1598,
#1599,#1600,#1601,#1602,#1603,#1604,#1605,#1606,#1607,#1608,#1609,#1610,#1611,
#1612,#1613),(#1614,#1615,#1616,#1617,#1618,#1619,#1620,#1621,#1622,#1623,#1624,
#1625,#1626,#1627,#1628,#1629,#1630,#1631,#1632,#1633,#1634,#1635,#1636,#1637,
#1638,#1639,#1640,#1641,#1642,#1643,#1644,#1645,#1646),(#1647,#1648,#1649,#1650,
#1651,#1652,#1653,#1654,#1655,#1656,#1657,#1658,#1659,#1660,#1661,#1662,#1663,
#1664,#1665,#1666,#1667,#1668,#1669,#1670,#1671,#1672,#1673,#1674,#1675,#1676,
#1677,#1678,#1679),(#1680,#1681,#1682,#1683,#1684,#1685,#1686,#1687,#1688,#1689,
#1690,#1691,#1692,#1693,#1694,#1695,#1696,#1697,#1698,#1699,#1700,#1701,#1702,
#1703,#1704,#1705,#1706,#1707,#1708,#1709,#1710,#1711,#1712)),.UNSPECIFIED.,.F.,
.F.,.F.)B_SPLINE_SURFACE_WITH_KNOTS((4,4),(4,1,1,1,1,1,1,1,1,1,1,1,1,1,1,1,1,1,
1,1,1,1,1,1,1,1,1,1,1,1,4),(0.E0,1.E0),(-1.045688570852E-2,0.E0,
2.871858542582E-2,5.675132039153E-2,8.497936736345E-2,1.125238478861E-1,
1.400243115592E-1,1.694130691185E-1,2.017923133653E-1,2.368950941968E-1,
2.745220444245E-1,3.148613670893E-1,3.591527327641E-1,4.077272379545E-1,
4.588734367709E-1,5.107436203878E-1,5.614076499434E-1,6.089531664652E-1,
6.523330882224E-1,6.925754195649E-1,7.306018381132E-1,7.660286500034E-1,
7.984940934644E-1,8.277499485455E-1,8.547122250542E-1,8.813822038583E-1,
9.085548253367E-1,9.365948117868E-1,9.666434842307E-1,1.E0,1.010401362218E0),
.UNSPECIFIED.)GEOMETRIC_REPRESENTATION_ITEM()RATIONAL_B_SPLINE_SURFACE(((
1.054506928901E0,1.054506928901E0,1.054506928901E0,1.054506928901E0,
1.054506928901E0,1.054506928901E0,1.054506928901E0,1.054506928901E0,
1.054506928901E0,1.054506928901E0,1.054506928901E0,1.054506928901E0,
1.054506928901E0,1.054506928901E0,1.054506928901E0,1.054506928901E0,
1.054506928901E0,1.054506928901E0,1.054506928901E0,1.054506928901E0,
1.054506928901E0,1.054506928901E0,1.054506928901E0,1.054506928901E0,
1.054506928901E0,1.054506928901E0,1.054506928901E0,1.054506928901E0,
1.054506928901E0,1.054506928901E0,1.054506928901E0,1.054506928901E0,
1.054506928901E0),(9.818310236997E-1,9.818310236997E-1,9.818310236997E-1,
9.818310236997E-1,9.818310236997E-1,9.818310236997E-1,9.818310236997E-1,
9.818310236997E-1,9.818310236997E-1,9.818310236997E-1,9.818310236997E-1,
9.818310236997E-1,9.818310236997E-1,9.818310236997E-1,9.818310236997E-1,
9.818310236997E-1,9.818310236997E-1,9.818310236997E-1,9.818310236997E-1,
9.818310236997E-1,9.818310236997E-1,9.818310236997E-1,9.818310236997E-1,
9.818310236997E-1,9.818310236997E-1,9.818310236997E-1,9.818310236997E-1,
9.818310236997E-1,9.818310236997E-1,9.818310236997E-1,9.818310236997E-1,
9.818310236997E-1,9.818310236997E-1),(9.818310236997E-1,9.818310236997E-1,
9.818310236997E-1,9.818310236997E-1,9.818310236997E-1,9.818310236997E-1,
9.818310236997E-1,9.818310236997E-1,9.818310236997E-1,9.818310236997E-1,
9.818310236997E-1,9.818310236997E-1,9.818310236997E-1,9.818310236997E-1,
9.818310236997E-1,9.818310236997E-1,9.818310236997E-1,9.818310236997E-1,
9.818310236997E-1,9.818310236997E-1,9.818310236997E-1,9.818310236997E-1,
9.818310236997E-1,9.818310236997E-1,9.818310236997E-1,9.818310236997E-1,
9.818310236997E-1,9.818310236997E-1,9.818310236997E-1,9.818310236997E-1,
9.818310236997E-1,9.818310236997E-1,9.818310236997E-1),(1.054506928901E0,
1.054506928901E0,1.054506928901E0,1.054506928901E0,1.054506928901E0,
1.054506928901E0,1.054506928901E0,1.054506928901E0,1.054506928901E0,
1.054506928901E0,1.054506928901E0,1.054506928901E0,1.054506928901E0,
1.054506928901E0,1.054506928901E0,1.054506928901E0,1.054506928901E0,
1.054506928901E0,1.054506928901E0,1.054506928901E0,1.054506928901E0,
1.054506928901E0,1.054506928901E0,1.054506928901E0,1.054506928901E0,
1.054506928901E0,1.054506928901E0,1.054506928901E0,1.054506928901E0,
1.054506928901E0,1.054506928901E0,1.054506928901E0,1.054506928901E0)))REPRESENTATION_ITEM('')SURFACE());
#1715=ORIENTED_EDGE('',*,*,#1714,.F.);
#1716=ORIENTED_EDGE('',*,*,#1576,.T.);
#1717=ORIENTED_EDGE('',*,*,#1364,.T.);
#1718=ORIENTED_EDGE('',*,*,#1420,.F.);
#1719=EDGE_LOOP('',(#1715,#1716,#1717,#1718));
#1720=FACE_OUTER_BOUND('',#1719,.F.);
#1721=ADVANCED_FACE('',(#1720),#1713,.F.);
#1722=CARTESIAN_POINT('',(1.441367019169E1,9.992664855460E0,-3.226416680437E1));
#1723=CARTESIAN_POINT('',(1.401244175477E1,9.975891987080E0,-3.244517847767E1));
#1724=CARTESIAN_POINT('',(1.292765864312E1,9.933022641200E0,-3.290624356413E1));
#1725=CARTESIAN_POINT('',(1.098875325996E1,9.868322301183E0,-3.360340529554E1));
#1726=CARTESIAN_POINT('',(8.539691315691E0,9.805040163534E0,-3.428595865610E1));
#1727=CARTESIAN_POINT('',(5.956854870246E0,9.756732414614E0,-3.479493360741E1));
#1728=CARTESIAN_POINT('',(3.460367719789E0,9.725835387064E0,-3.510064823730E1));
#1729=CARTESIAN_POINT('',(1.128680705145E0,9.710997030256E0,-3.523677852478E1));
#1730=CARTESIAN_POINT('',(-1.121754158795E0,9.710974687197E0,
-3.523697642375E1));
#1731=CARTESIAN_POINT('',(-3.453001359511E0,9.725766520856E0,
-3.510129961102E1));
#1732=CARTESIAN_POINT('',(-5.949965914878E0,9.756623617034E0,
-3.479605240885E1));
#1733=CARTESIAN_POINT('',(-8.535820963049E0,9.804943604491E0,
-3.428700300257E1));
#1734=CARTESIAN_POINT('',(-1.098780721913E1,9.868286726367E0,
-3.360378752606E1));
#1735=CARTESIAN_POINT('',(-1.292853663005E1,9.933055238091E0,
-3.290589318845E1));
#1736=CARTESIAN_POINT('',(-1.401304013107E1,9.975916192592E0,
-3.244491774590E1));
#1737=CARTESIAN_POINT('',(-1.441419917362E1,9.992686978375E0,
-3.226392795758E1));
#1738=CARTESIAN_POINT('',(1.441542991322E1,9.845499241928E0,-3.448795834473E1));
#1739=CARTESIAN_POINT('',(1.401232834884E1,9.727848448381E0,-3.466235104212E1));
#1740=CARTESIAN_POINT('',(1.290699168574E1,9.428176402376E0,-3.508801943208E1));
#1741=CARTESIAN_POINT('',(1.089505372462E1,8.979461853500E0,-3.566172107413E1));
#1742=CARTESIAN_POINT('',(8.355809582231E0,8.544729693183E0,-3.613087217210E1));
#1743=CARTESIAN_POINT('',(5.730628675446E0,8.216014776488E0,-3.639987538583E1));
#1744=CARTESIAN_POINT('',(3.276528417327E0,8.007266774793E0,-3.651250236456E1));
#1745=CARTESIAN_POINT('',(1.058420516555E0,7.907343062721E0,-3.654635641557E1));
#1746=CARTESIAN_POINT('',(-1.051907825295E0,7.907192720675E0,
-3.654639646547E1));
#1747=CARTESIAN_POINT('',(-3.269417997877E0,8.006802612302E0,
-3.651269173109E1));
#1748=CARTESIAN_POINT('',(-5.723718219055E0,8.215277563724E0,
-3.640037330337E1));
#1749=CARTESIAN_POINT('',(-8.351788364339E0,8.544067764562E0,
-3.613155971511E1));
#1750=CARTESIAN_POINT('',(-1.089407618576E1,8.979214036463E0,
-3.566205904743E1));
#1751=CARTESIAN_POINT('',(-1.290789524332E1,9.428403524800E0,
-3.508771021537E1));
#1752=CARTESIAN_POINT('',(-1.401293472181E1,9.728017906613E0,
-3.466210517474E1));
#1753=CARTESIAN_POINT('',(-1.441596134824E1,9.845654432176E0,
-3.448772761078E1));
#1754=CARTESIAN_POINT('',(1.443490337375E1,8.215827713751E0,-3.600803052179E1));
#1755=CARTESIAN_POINT('',(1.399855152086E1,8.028822006940E0,-3.610855078977E1));
#1756=CARTESIAN_POINT('',(1.280576509182E1,7.567851702806E0,-3.633254349533E1));
#1757=CARTESIAN_POINT('',(1.066627364014E1,6.931011499957E0,-3.655032263895E1));
#1758=CARTESIAN_POINT('',(8.036618238564E0,6.376635677089E0,-3.660356813637E1));
#1759=CARTESIAN_POINT('',(5.408675720532E0,6.005430237797E0,-3.650351286276E1));
#1760=CARTESIAN_POINT('',(3.042895389020E0,5.792691621976E0,-3.635878844450E1));
#1761=CARTESIAN_POINT('',(9.736332876868E-1,5.695940717050E0,
-3.626616928754E1));
#1762=CARTESIAN_POINT('',(-9.676265632357E-1,5.695797006436E0,
-3.626601879716E1));
#1763=CARTESIAN_POINT('',(-3.036166853406E0,5.792235865650E0,
-3.635839260008E1));
#1764=CARTESIAN_POINT('',(-5.401872129279E0,6.004645616100E0,
-3.650313146652E1));
#1765=CARTESIAN_POINT('',(-8.032464066592E0,6.375813033269E0,
-3.660359724550E1));
#1766=CARTESIAN_POINT('',(-1.066522044061E1,6.930643234586E0,
-3.655048255041E1));
#1767=CARTESIAN_POINT('',(-1.280673558505E1,7.568189964758E0,
-3.633239793102E1));
#1768=CARTESIAN_POINT('',(-1.399920666516E1,8.029086467150E0,
-3.610841521435E1));
#1769=CARTESIAN_POINT('',(-1.443547862773E1,8.216074572722E0,
-3.600789681069E1));
#1770=CARTESIAN_POINT('',(1.446153063907E1,5.987377335567E0,-3.600008905303E1));
#1771=CARTESIAN_POINT('',(1.397858207433E1,5.800149032620E0,-3.599954247088E1));
#1772=CARTESIAN_POINT('',(1.267887132231E1,5.360852622085E0,-3.596494380682E1));
#1773=CARTESIAN_POINT('',(1.042647429679E1,4.833790805541E0,-3.578734524673E1));
#1774=CARTESIAN_POINT('',(7.755206170591E0,4.476457222454E0,-3.544771623341E1));
#1775=CARTESIAN_POINT('',(5.165582438952E0,4.323719374012E0,-3.504964622022E1));
#1776=CARTESIAN_POINT('',(2.886161546131E0,4.283014506859E0,-3.472286140419E1));
#1777=CARTESIAN_POINT('',(9.202968537001E-1,4.275974043459E0,
-3.454815508889E1));
#1778=CARTESIAN_POINT('',(-9.146138355771E-1,4.275967998646E0,
-3.454788469189E1));
#1779=CARTESIAN_POINT('',(-2.879733752021E0,4.282966300709E0,
-3.472207448921E1));
#1780=CARTESIAN_POINT('',(-5.158956128909E0,4.323494058222E0,
-3.504860390853E1));
#1781=CARTESIAN_POINT('',(-7.751009053132E0,4.475965669345E0,
-3.544714232926E1));
#1782=CARTESIAN_POINT('',(-1.042534230270E1,4.833459201614E0,
-3.578728984989E1));
#1783=CARTESIAN_POINT('',(-1.267991381879E1,5.361158369585E0,
-3.596499564402E1));
#1784=CARTESIAN_POINT('',(-1.397930031724E1,5.800406727049E0,
-3.599955280663E1));
#1785=CARTESIAN_POINT('',(-1.446216731602E1,5.987624755167E0,
-3.600008866189E1));
#1786=(BOUNDED_SURFACE()B_SPLINE_SURFACE(3,3,((#1722,#1723,#1724,#1725,#1726,
#1727,#1728,#1729,#1730,#1731,#1732,#1733,#1734,#1735,#1736,#1737),(#1738,#1739,
#1740,#1741,#1742,#1743,#1744,#1745,#1746,#1747,#1748,#1749,#1750,#1751,#1752,
#1753),(#1754,#1755,#1756,#1757,#1758,#1759,#1760,#1761,#1762,#1763,#1764,#1765,
#1766,#1767,#1768,#1769),(#1770,#1771,#1772,#1773,#1774,#1775,#1776,#1777,#1778,
#1779,#1780,#1781,#1782,#1783,#1784,#1785)),.UNSPECIFIED.,.F.,.F.,.F.)B_SPLINE_SURFACE_WITH_KNOTS((4,4),(4,1,1,1,1,1,1,1,1,1,1,1,1,4),(0.E0,1.E0),(
2.068606345600E-2,6.686238732301E-2,1.426511375222E-1,2.279743700561E-1,
3.157075942622E-1,3.947933448236E-1,4.653744520195E-1,5.344140075723E-1,
6.049824785562E-1,6.840338527972E-1,7.718454916337E-1,8.573973001791E-1,
9.331650931380E-1,9.793343342500E-1),.UNSPECIFIED.)GEOMETRIC_REPRESENTATION_ITEM()RATIONAL_B_SPLINE_SURFACE(((1.156829367721E0,1.156829367721E0,1.156829367721E0,
1.156829367721E0,1.156829367721E0,1.156829367721E0,1.156829367721E0,
1.156829367721E0,1.156829367721E0,1.156829367721E0,1.156829367721E0,
1.156829367721E0,1.156829367721E0,1.156829367721E0,1.156829367721E0,
1.156829367721E0),(9.477235440931E-1,9.477235440931E-1,9.477235440931E-1,
9.477235440931E-1,9.477235440931E-1,9.477235440931E-1,9.477235440931E-1,
9.477235440931E-1,9.477235440931E-1,9.477235440931E-1,9.477235440931E-1,
9.477235440931E-1,9.477235440931E-1,9.477235440931E-1,9.477235440931E-1,
9.477235440931E-1),(9.477235440931E-1,9.477235440931E-1,9.477235440931E-1,
9.477235440931E-1,9.477235440931E-1,9.477235440931E-1,9.477235440931E-1,
9.477235440931E-1,9.477235440931E-1,9.477235440931E-1,9.477235440931E-1,
9.477235440931E-1,9.477235440931E-1,9.477235440931E-1,9.477235440931E-1,
9.477235440931E-1),(1.156829367721E0,1.156829367721E0,1.156829367721E0,
1.156829367721E0,1.156829367721E0,1.156829367721E0,1.156829367721E0,
1.156829367721E0,1.156829367721E0,1.156829367721E0,1.156829367721E0,
1.156829367721E0,1.156829367721E0,1.156829367721E0,1.156829367721E0,
1.156829367721E0)))REPRESENTATION_ITEM('')SURFACE());
#1787=ORIENTED_EDGE('',*,*,#1714,.T.);
#1788=ORIENTED_EDGE('',*,*,#1438,.T.);
#1789=ORIENTED_EDGE('',*,*,#1481,.F.);
#1790=ORIENTED_EDGE('',*,*,#1520,.F.);
#1791=EDGE_LOOP('',(#1787,#1788,#1789,#1790));
#1792=FACE_OUTER_BOUND('',#1791,.F.);
#1793=ADVANCED_FACE('',(#1792),#1786,.T.);
#1794=CARTESIAN_POINT('',(-2.417582888795E2,6.E0,3.2E1));
#1795=DIRECTION('',(1.E0,0.E0,0.E0));
#1796=DIRECTION('',(0.E0,1.E0,0.E0));
#1797=AXIS2_PLACEMENT_3D('',#1794,#1795,#1796);
#1798=CYLINDRICAL_SURFACE('',#1797,4.E0);
#1800=ORIENTED_EDGE('',*,*,#1799,.T.);
#1801=ORIENTED_EDGE('',*,*,#1116,.T.);
#1802=ORIENTED_EDGE('',*,*,#1508,.T.);
#1803=ORIENTED_EDGE('',*,*,#1006,.F.);
#1805=ORIENTED_EDGE('',*,*,#1804,.F.);
#1806=EDGE_LOOP('',(#1800,#1801,#1802,#1803,#1805));
#1807=FACE_OUTER_BOUND('',#1806,.F.);
#1808=ADVANCED_FACE('',(#1807),#1798,.T.);
#1809=CARTESIAN_POINT('',(1.417138967829E1,9.559294124590E0,3.383223563012E1));
#1810=CARTESIAN_POINT('',(1.419213038980E1,9.561808807485E0,3.382734999049E1));
#1811=CARTESIAN_POINT('',(1.458722679792E1,9.609552434201E0,3.373412063750E1));
#1812=CARTESIAN_POINT('',(1.533132129646E1,9.693708802379E0,3.355274453294E1));
#1813=CARTESIAN_POINT('',(1.637913781271E1,9.795740252342E0,3.328234091036E1));
#1814=CARTESIAN_POINT('',(1.737163812706E1,9.876236208571E0,3.301279017637E1));
#1815=CARTESIAN_POINT('',(1.834755544763E1,9.938588054168E0,3.273507555677E1));
#1816=CARTESIAN_POINT('',(1.936252233900E1,9.983904974826E0,3.243294888607E1));
#1817=CARTESIAN_POINT('',(2.007611530613E1,9.999321415376E0,3.221056885683E1));
#1818=CARTESIAN_POINT('',(2.045883420875E1,1.000210769150E1,3.208842712009E1));
#1819=CARTESIAN_POINT('',(2.047891506012E1,1.000223862490E1,3.208201053895E1));
#1820=CARTESIAN_POINT('',(1.328073588807E1,1.023852838707E1,3.229038630959E1));
#1821=CARTESIAN_POINT('',(1.330116939053E1,1.023886015105E1,3.228471646401E1));
#1822=CARTESIAN_POINT('',(1.369039109350E1,1.024496347865E1,3.217663784538E1));
#1823=CARTESIAN_POINT('',(1.442262003436E1,1.024864589903E1,3.197052261527E1));
#1824=CARTESIAN_POINT('',(1.545161461765E1,1.023233770773E1,3.167430901061E1));
#1825=CARTESIAN_POINT('',(1.642429271494E1,1.019663217001E1,3.138910208936E1));
#1826=CARTESIAN_POINT('',(1.737871914240E1,1.014120867253E1,3.110501249921E1));
#1827=CARTESIAN_POINT('',(1.836907198166E1,1.006081079212E1,3.080659986441E1));
#1828=CARTESIAN_POINT('',(1.906350068494E1,9.985870780513E0,3.059539549101E1));
#1829=CARTESIAN_POINT('',(1.943533575835E1,9.939814906154E0,3.048203977708E1));
#1830=CARTESIAN_POINT('',(1.945484383851E1,9.937382131528E0,3.047609193958E1));
#1831=CARTESIAN_POINT('',(1.256146327432E1,1.184209726150E1,3.155340840120E1));
#1832=CARTESIAN_POINT('',(1.258164868131E1,1.184136240214E1,3.154565980546E1));
#1833=CARTESIAN_POINT('',(1.296612596462E1,1.182705301255E1,3.139800941592E1));
#1834=CARTESIAN_POINT('',(1.368876790921E1,1.178889793065E1,3.111835056060E1));
#1835=CARTESIAN_POINT('',(1.470256391620E1,1.170472631987E1,3.072161222204E1));
#1836=CARTESIAN_POINT('',(1.565923353585E1,1.159661033177E1,3.034452473869E1));
#1837=CARTESIAN_POINT('',(1.659630441281E1,1.146216345500E1,2.997382826939E1));
#1838=CARTESIAN_POINT('',(1.756677935345E1,1.129119417252E1,2.958999294817E1));
#1839=CARTESIAN_POINT('',(1.824573135665E1,1.114613234212E1,2.932288646865E1));
#1840=CARTESIAN_POINT('',(1.860877684024E1,1.106054740833E1,2.918101387158E1));
#1841=CARTESIAN_POINT('',(1.862782236036E1,1.105603528026E1,2.917357386188E1));
#1842=CARTESIAN_POINT('',(1.231688953349E1,1.369377478320E1,3.193208593488E1));
#1843=CARTESIAN_POINT('',(1.233699058061E1,1.369353939179E1,3.192184065498E1));
#1844=CARTESIAN_POINT('',(1.271985445439E1,1.368865292211E1,3.172658342898E1));
#1845=CARTESIAN_POINT('',(1.343923080624E1,1.366493968349E1,3.135558984003E1));
#1846=CARTESIAN_POINT('',(1.444786084243E1,1.359199892006E1,3.082600335686E1));
#1847=CARTESIAN_POINT('',(1.539908650856E1,1.348579905590E1,3.031955702523E1));
#1848=CARTESIAN_POINT('',(1.633025602379E1,1.334440497049E1,2.981854394152E1));
#1849=CARTESIAN_POINT('',(1.729397174114E1,1.315620169999E1,2.929617201012E1));
#1850=CARTESIAN_POINT('',(1.796766114185E1,1.299082309758E1,2.892965961448E1));
#1851=CARTESIAN_POINT('',(1.832771785033E1,1.289169162368E1,2.873399281520E1));
#1852=CARTESIAN_POINT('',(1.834660608343E1,1.288646136136E1,2.872372896739E1));
#1853=(BOUNDED_SURFACE()B_SPLINE_SURFACE(3,3,((#1809,#1810,#1811,#1812,#1813,
#1814,#1815,#1816,#1817,#1818,#1819),(#1820,#1821,#1822,#1823,#1824,#1825,#1826,
#1827,#1828,#1829,#1830),(#1831,#1832,#1833,#1834,#1835,#1836,#1837,#1838,#1839,
#1840,#1841),(#1842,#1843,#1844,#1845,#1846,#1847,#1848,#1849,#1850,#1851,
#1852)),.UNSPECIFIED.,.F.,.F.,.F.)B_SPLINE_SURFACE_WITH_KNOTS((4,4),(4,1,1,1,1,
1,1,1,4),(0.E0,1.E0),(-9.918253628233E-3,0.E0,1.790347705586E-1,
3.465646949944E-1,5.040672907701E-1,6.586512194477E-1,8.205661759264E-1,1.E0,
1.009938890103E0),.UNSPECIFIED.)GEOMETRIC_REPRESENTATION_ITEM()RATIONAL_B_SPLINE_SURFACE(((1.117849447063E0,1.117849447063E0,1.117849447063E0,1.117849447063E0,
1.117849447063E0,1.117849447063E0,1.117849447063E0,1.117849447063E0,
1.117849447063E0,1.117849447063E0,1.117849447063E0),(9.607168509790E-1,
9.607168509790E-1,9.607168509790E-1,9.607168509790E-1,9.607168509790E-1,
9.607168509790E-1,9.607168509790E-1,9.607168509790E-1,9.607168509790E-1,
9.607168509790E-1,9.607168509790E-1),(9.607168509790E-1,9.607168509790E-1,
9.607168509790E-1,9.607168509790E-1,9.607168509790E-1,9.607168509790E-1,
9.607168509790E-1,9.607168509790E-1,9.607168509790E-1,9.607168509790E-1,
9.607168509790E-1),(1.117849447063E0,1.117849447063E0,1.117849447063E0,
1.117849447063E0,1.117849447063E0,1.117849447063E0,1.117849447063E0,
1.117849447063E0,1.117849447063E0,1.117849447063E0,1.117849447063E0)))REPRESENTATION_ITEM('')SURFACE());
#1854=ORIENTED_EDGE('',*,*,#1799,.F.);
#1856=ORIENTED_EDGE('',*,*,#1855,.T.);
#1857=ORIENTED_EDGE('',*,*,#1286,.T.);
#1858=ORIENTED_EDGE('',*,*,#1271,.F.);
#1859=EDGE_LOOP('',(#1854,#1856,#1857,#1858));
#1860=FACE_OUTER_BOUND('',#1859,.F.);
#1861=ADVANCED_FACE('',(#1860),#1853,.F.);
#1862=CARTESIAN_POINT('',(-1.450582878752E1,9.633247251122E0,3.367924215844E1));
#1863=CARTESIAN_POINT('',(-1.441528260240E1,9.610604192945E0,3.372588428896E1));
#1864=CARTESIAN_POINT('',(-1.407531983088E1,9.527700311927E0,3.389859180492E1));
#1865=CARTESIAN_POINT('',(-1.348729880423E1,9.396960648082E0,3.418221030624E1));
#1866=CARTESIAN_POINT('',(-1.273473841496E1,9.248159428720E0,3.451918100047E1));
#1867=CARTESIAN_POINT('',(-1.198450650451E1,9.114699713385E0,3.483096302125E1));
#1868=CARTESIAN_POINT('',(-1.123062045274E1,8.993047548394E0,3.512133993726E1));
#1869=CARTESIAN_POINT('',(-1.045829582947E1,8.879408897845E0,3.539649061834E1));
#1870=CARTESIAN_POINT('',(-9.633232927891E0,8.768772334464E0,3.566654756055E1));
#1871=CARTESIAN_POINT('',(-8.728292704809E0,8.659043146741E0,3.593505359977E1));
#1872=CARTESIAN_POINT('',(-7.735188829936E0,8.551449433463E0,3.619726707478E1));
#1873=CARTESIAN_POINT('',(-6.654204741116E0,8.448763310470E0,3.644521470636E1));
#1874=CARTESIAN_POINT('',(-5.472100075192E0,8.352950754157E0,3.667301373192E1));
#1875=CARTESIAN_POINT('',(-4.168395421721E0,8.267317032941E0,3.687265819746E1));
#1876=CARTESIAN_POINT('',(-2.743525378708E0,8.198812833104E0,3.702900631684E1));
#1877=CARTESIAN_POINT('',(-1.229940914684E0,8.156282508567E0,3.712426910262E1));
#1878=CARTESIAN_POINT('',(3.113234097372E-1,8.146318441113E0,3.714638449620E1));
#1879=CARTESIAN_POINT('',(1.814672301756E0,8.169332597393E0,3.709516972790E1));
#1880=CARTESIAN_POINT('',(3.224238409401E0,8.219556672162E0,3.698197721569E1));
#1881=CARTESIAN_POINT('',(4.517927787149E0,8.288729756388E0,3.682301259653E1));
#1882=CARTESIAN_POINT('',(5.705447217920E0,8.370866048501E0,3.663067505262E1));
#1883=CARTESIAN_POINT('',(6.802751110186E0,8.462250153470E0,3.641277090141E1));
#1884=CARTESIAN_POINT('',(7.814112379665E0,8.559799880325E0,3.617694207106E1));
#1885=CARTESIAN_POINT('',(8.731492705718E0,8.659743153614E0,3.593331179373E1));
#1886=CARTESIAN_POINT('',(9.560295485126E0,8.759835007947E0,3.568843142360E1));
#1887=CARTESIAN_POINT('',(1.032748970304E1,8.861383439654E0,3.544042729796E1));
#1888=CARTESIAN_POINT('',(1.106815194424E1,8.968357827642E0,3.518088536448E1));
#1889=CARTESIAN_POINT('',(1.181126121775E1,9.085737670361E0,3.489962821669E1));
#1890=CARTESIAN_POINT('',(1.257654207340E1,9.218727468683E0,3.458715336621E1));
#1891=CARTESIAN_POINT('',(1.338811526485E1,9.375649251692E0,3.422913929129E1));
#1892=CARTESIAN_POINT('',(1.403460961181E1,9.517786925257E0,3.391925968858E1));
#1893=CARTESIAN_POINT('',(1.441430892937E1,9.610366240253E0,3.372637861618E1));
#1894=CARTESIAN_POINT('',(1.450435849533E1,9.632876462505E0,3.367999911512E1));
#1895=CARTESIAN_POINT('',(-1.389813603146E1,1.007932467052E1,3.265940819157E1));
#1896=CARTESIAN_POINT('',(-1.381246223048E1,1.005723688340E1,3.270339184903E1));
#1897=CARTESIAN_POINT('',(-1.349045508752E1,9.976278181318E0,3.286642395621E1));
#1898=CARTESIAN_POINT('',(-1.293155323253E1,9.848115821827E0,3.313508483198E1));
#1899=CARTESIAN_POINT('',(-1.221393507818E1,9.701743085128E0,3.345530888953E1));
#1900=CARTESIAN_POINT('',(-1.149672144269E1,9.570103811104E0,3.375234228281E1));
#1901=CARTESIAN_POINT('',(-1.077490982141E1,9.449913726794E0,3.402940708979E1));
#1902=CARTESIAN_POINT('',(-1.003456083896E1,9.337495229180E0,3.429225817227E1));
#1903=CARTESIAN_POINT('',(-9.242995608453E0,9.227946659214E0,3.455045938689E1));
#1904=CARTESIAN_POINT('',(-8.374248923303E0,9.119221227638E0,3.480733789787E1));
#1905=CARTESIAN_POINT('',(-7.420559404201E0,9.012573600639E0,3.505827226511E1));
#1906=CARTESIAN_POINT('',(-6.382453005603E0,8.910785780466E0,3.529555585150E1));
#1907=CARTESIAN_POINT('',(-5.247316089676E0,8.815817818673E0,3.551353178623E1));
#1908=CARTESIAN_POINT('',(-3.996106648213E0,8.730989481006E0,3.570445186511E1));
#1909=CARTESIAN_POINT('',(-2.629365303956E0,8.663170061880E0,3.585387651663E1));
#1910=CARTESIAN_POINT('',(-1.178541327049E0,8.621097965546E0,3.594485083711E1));
#1911=CARTESIAN_POINT('',(2.982957496450E-1,8.611244591827E0,3.596596366138E1));
#1912=CARTESIAN_POINT('',(1.738947457999E0,8.634005016184E0,3.591706653424E1));
#1913=CARTESIAN_POINT('',(3.090375771353E0,8.683701554815E0,3.580894085369E1));
#1914=CARTESIAN_POINT('',(4.331518898203E0,8.752197515212E0,3.565698335307E1));
#1915=CARTESIAN_POINT('',(5.471361307749E0,8.833572509380E0,3.547302520017E1));
#1916=CARTESIAN_POINT('',(6.525110311745E0,8.924154984396E0,3.526450715869E1));
#1917=CARTESIAN_POINT('',(7.496351805400E0,9.020850821316E0,3.503882121134E1));
#1918=CARTESIAN_POINT('',(8.377314142579E0,9.119914001565E0,3.480567315273E1));
#1919=CARTESIAN_POINT('',(9.172978991843E0,9.219091498187E0,3.457139475820E1));
#1920=CARTESIAN_POINT('',(9.909088882023E0,9.319650539153E0,3.433425844468E1));
#1921=CARTESIAN_POINT('',(1.061922803251E1,9.425499120477E0,3.408626921778E1));
#1922=CARTESIAN_POINT('',(1.133092796019E1,9.541504633949E0,3.381782793545E1));
#1923=CARTESIAN_POINT('',(1.206283689205E1,9.672739600754E0,3.352000940457E1));
#1924=CARTESIAN_POINT('',(1.283719784275E1,9.827201835783E0,3.317958159163E1));
#1925=CARTESIAN_POINT('',(1.345188503404E1,9.966594635371E0,3.288593880070E1));
#1926=CARTESIAN_POINT('',(1.381154349899E1,1.005700548038E1,3.270385681271E1));
#1927=CARTESIAN_POINT('',(1.389675474812E1,1.007896573246E1,3.266011722711E1));
#1928=CARTESIAN_POINT('',(-1.334346185624E1,1.099153620004E1,3.197490156445E1));
#1929=CARTESIAN_POINT('',(-1.326285000087E1,1.097024824833E1,3.201585565023E1));
#1930=CARTESIAN_POINT('',(-1.295933616488E1,1.089209146258E1,3.216793179381E1));
#1931=CARTESIAN_POINT('',(-1.242948984867E1,1.076764155920E1,3.242004986514E1));
#1932=CARTESIAN_POINT('',(-1.174556381631E1,1.062476690952E1,3.272221442327E1));
#1933=CARTESIAN_POINT('',(-1.105921600760E1,1.049574987461E1,3.300369457304E1));
#1934=CARTESIAN_POINT('',(-1.036678594570E1,1.037766583190E1,3.326692886895E1));
#1935=CARTESIAN_POINT('',(-9.655236918394E0,1.026700489314E1,3.351715646523E1));
#1936=CARTESIAN_POINT('',(-8.893479402281E0,1.015902351397E1,3.376329455261E1));
#1937=CARTESIAN_POINT('',(-8.056647513869E0,1.005174393434E1,3.400841540187E1));
#1938=CARTESIAN_POINT('',(-7.137580432868E0,9.946459089221E0,3.424796996352E1));
#1939=CARTESIAN_POINT('',(-6.137194012393E0,9.845965221656E0,3.447447822504E1));
#1940=CARTESIAN_POINT('',(-5.043499737985E0,9.752213848807E0,3.468249558712E1));
#1941=CARTESIAN_POINT('',(-3.839141689721E0,9.668545618977E0,3.486449211487E1));
#1942=CARTESIAN_POINT('',(-2.524837680838E0,9.601712586366E0,3.500677355697E1));
#1943=CARTESIAN_POINT('',(-1.131329568448E0,9.560300540925E0,3.509328053088E1));
#1944=CARTESIAN_POINT('',(2.863180526134E-1,9.550606615047E0,3.511334465788E1));
#1945=CARTESIAN_POINT('',(1.669466571871E0,9.573001553428E0,3.506686922943E1));
#1946=CARTESIAN_POINT('',(2.968010801762E0,9.621938207145E0,3.496400458382E1));
#1947=CARTESIAN_POINT('',(4.161917276188E0,9.689458810320E0,3.481925558513E1));
#1948=CARTESIAN_POINT('',(5.259313135069E0,9.769737199382E0,3.464385093082E1));
#1949=CARTESIAN_POINT('',(6.274669778273E0,9.859164973396E0,3.444483984319E1));
#1950=CARTESIAN_POINT('',(7.210622065669E0,9.954630831868E0,3.422940074580E1));
#1951=CARTESIAN_POINT('',(8.059591078643E0,1.005242628963E1,3.400682908486E1));
#1952=CARTESIAN_POINT('',(8.826040231794E0,1.015028670752E1,3.378327050748E1));
#1953=CARTESIAN_POINT('',(9.534524069823E0,1.024942058906E1,3.355718288409E1));
#1954=CARTESIAN_POINT('',(1.021725103353E1,1.035364751181E1,3.332102631516E1));
#1955=CARTESIAN_POINT('',(1.090029378798E1,1.046767338449E1,3.306586099087E1));
#1956=CARTESIAN_POINT('',(1.160117654826E1,1.059638061925E1,3.278343673312E1));
#1957=CARTESIAN_POINT('',(1.233991011826E1,1.074730001949E1,3.246187623150E1));
#1958=CARTESIAN_POINT('',(1.292296527092E1,1.088273898874E1,3.218614292789E1));
#1959=CARTESIAN_POINT('',(1.326198966756E1,1.097002627974E1,3.201628670387E1));
#1960=CARTESIAN_POINT('',(1.334217804845E1,1.099119433200E1,3.197555412607E1));
#1961=CARTESIAN_POINT('',(-1.295648957026E1,1.218127483246E1,3.176724948011E1));
#1962=CARTESIAN_POINT('',(-1.288008262433E1,1.216086590819E1,3.180542928368E1));
#1963=CARTESIAN_POINT('',(-1.259177613505E1,1.208578845763E1,3.194753414167E1));
#1964=CARTESIAN_POINT('',(-1.208491426043E1,1.196541858222E1,3.218494458640E1));
#1965=CARTESIAN_POINT('',(-1.142646412226E1,1.182638836654E1,3.247147072787E1));
#1966=CARTESIAN_POINT('',(-1.076244793638E1,1.170025319969E1,3.273980877524E1));
#1967=CARTESIAN_POINT('',(-1.009063169107E1,1.158448371860E1,3.299155372646E1));
#1968=CARTESIAN_POINT('',(-9.398752312871E0,1.147575435529E1,3.323144395538E1));
#1969=CARTESIAN_POINT('',(-8.656949571849E0,1.136949533512E1,3.346780566361E1));
#1970=CARTESIAN_POINT('',(-7.841155100285E0,1.126380476182E1,3.370346970799E1));
#1971=CARTESIAN_POINT('',(-6.944760074580E0,1.116001762816E1,3.393389663177E1));
#1972=CARTESIAN_POINT('',(-5.969137013893E0,1.106094582797E1,3.415174617305E1));
#1973=CARTESIAN_POINT('',(-4.902791675949E0,1.096853149903E1,3.435172849497E1));
#1974=CARTESIAN_POINT('',(-3.729954302963E0,1.088613823978E1,3.452644732249E1));
#1975=CARTESIAN_POINT('',(-2.451554428878E0,1.082038925621E1,3.466284272911E1));
#1976=CARTESIAN_POINT('',(-1.098067046414E0,1.077970261356E1,3.474562713469E1));
#1977=CARTESIAN_POINT('',(2.778668030070E-1,1.077018392252E1,3.476481326301E1));
#1978=CARTESIAN_POINT('',(1.620595370582E0,1.079217718801E1,3.472036288523E1));
#1979=CARTESIAN_POINT('',(2.882443433760E0,1.084027872030E1,3.462186571694E1));
#1980=CARTESIAN_POINT('',(4.044189408764E0,1.090672739575E1,3.448303618830E1));
#1981=CARTESIAN_POINT('',(5.113145350335E0,1.098580060439E1,3.431459063614E1));
#1982=CARTESIAN_POINT('',(6.103210086939E0,1.107395934999E1,3.412324170796E1));
#1983=CARTESIAN_POINT('',(7.016000062412E0,1.116807344936E1,3.391603480957E1));
#1984=CARTESIAN_POINT('',(7.844015290726E0,1.126447566692E1,3.370194697070E1));
#1985=CARTESIAN_POINT('',(8.591211559917E0,1.136088860158E1,3.348700964433E1));
#1986=CARTESIAN_POINT('',(9.281239527929E0,1.145845621809E1,3.326986718431E1));
#1987=CARTESIAN_POINT('',(9.945332896985E0,1.156090092120E1,3.304337672836E1));
#1988=CARTESIAN_POINT('',(1.060839574987E1,1.167275114805E1,3.279920254450E1));
#1989=CARTESIAN_POINT('',(1.128701299912E1,1.179868037900E1,3.252972762471E1));
#1990=CARTESIAN_POINT('',(1.199907029354E1,1.194570616697E1,3.222441451671E1));
#1991=CARTESIAN_POINT('',(1.255720870078E1,1.207679983548E1,3.196456044662E1));
#1992=CARTESIAN_POINT('',(1.287927207157E1,1.216065430814E1,3.180582889197E1));
#1993=CARTESIAN_POINT('',(1.295529155086E1,1.218095172457E1,3.176784869147E1));
#1994=(BOUNDED_SURFACE()B_SPLINE_SURFACE(3,3,((#1862,#1863,#1864,#1865,#1866,
#1867,#1868,#1869,#1870,#1871,#1872,#1873,#1874,#1875,#1876,#1877,#1878,#1879,
#1880,#1881,#1882,#1883,#1884,#1885,#1886,#1887,#1888,#1889,#1890,#1891,#1892,
#1893,#1894),(#1895,#1896,#1897,#1898,#1899,#1900,#1901,#1902,#1903,#1904,#1905,
#1906,#1907,#1908,#1909,#1910,#1911,#1912,#1913,#1914,#1915,#1916,#1917,#1918,
#1919,#1920,#1921,#1922,#1923,#1924,#1925,#1926,#1927),(#1928,#1929,#1930,#1931,
#1932,#1933,#1934,#1935,#1936,#1937,#1938,#1939,#1940,#1941,#1942,#1943,#1944,
#1945,#1946,#1947,#1948,#1949,#1950,#1951,#1952,#1953,#1954,#1955,#1956,#1957,
#1958,#1959,#1960),(#1961,#1962,#1963,#1964,#1965,#1966,#1967,#1968,#1969,#1970,
#1971,#1972,#1973,#1974,#1975,#1976,#1977,#1978,#1979,#1980,#1981,#1982,#1983,
#1984,#1985,#1986,#1987,#1988,#1989,#1990,#1991,#1992,#1993)),.UNSPECIFIED.,.F.,
.F.,.F.)B_SPLINE_SURFACE_WITH_KNOTS((4,4),(4,1,1,1,1,1,1,1,1,1,1,1,1,1,1,1,1,1,
1,1,1,1,1,1,1,1,1,1,1,1,4),(0.E0,1.E0),(-1.045688570852E-2,0.E0,
2.871858542583E-2,5.675132039155E-2,8.497936736346E-2,1.125238478861E-1,
1.400243115592E-1,1.694130691186E-1,2.017923133653E-1,2.368950941968E-1,
2.745220444245E-1,3.148613670893E-1,3.591527327641E-1,4.077272379545E-1,
4.588734367709E-1,5.107436203879E-1,5.614076499434E-1,6.089531664652E-1,
6.523330882224E-1,6.925754195649E-1,7.306018381132E-1,7.660286500034E-1,
7.984940934644E-1,8.277499485455E-1,8.547122250542E-1,8.813822038583E-1,
9.085548253367E-1,9.365948117868E-1,9.666434842307E-1,1.E0,1.010401362218E0),
.UNSPECIFIED.)GEOMETRIC_REPRESENTATION_ITEM()RATIONAL_B_SPLINE_SURFACE(((
1.054506928901E0,1.054506928901E0,1.054506928901E0,1.054506928901E0,
1.054506928901E0,1.054506928901E0,1.054506928901E0,1.054506928901E0,
1.054506928901E0,1.054506928901E0,1.054506928901E0,1.054506928901E0,
1.054506928901E0,1.054506928901E0,1.054506928901E0,1.054506928901E0,
1.054506928901E0,1.054506928901E0,1.054506928901E0,1.054506928901E0,
1.054506928901E0,1.054506928901E0,1.054506928901E0,1.054506928901E0,
1.054506928901E0,1.054506928901E0,1.054506928901E0,1.054506928901E0,
1.054506928901E0,1.054506928901E0,1.054506928901E0,1.054506928901E0,
1.054506928901E0),(9.818310236997E-1,9.818310236997E-1,9.818310236997E-1,
9.818310236997E-1,9.818310236997E-1,9.818310236997E-1,9.818310236997E-1,
9.818310236997E-1,9.818310236997E-1,9.818310236997E-1,9.818310236997E-1,
9.818310236997E-1,9.818310236997E-1,9.818310236997E-1,9.818310236997E-1,
9.818310236997E-1,9.818310236997E-1,9.818310236997E-1,9.818310236997E-1,
9.818310236997E-1,9.818310236997E-1,9.818310236997E-1,9.818310236997E-1,
9.818310236997E-1,9.818310236997E-1,9.818310236997E-1,9.818310236997E-1,
9.818310236997E-1,9.818310236997E-1,9.818310236997E-1,9.818310236997E-1,
9.818310236997E-1,9.818310236997E-1),(9.818310236997E-1,9.818310236997E-1,
9.818310236997E-1,9.818310236997E-1,9.818310236997E-1,9.818310236997E-1,
9.818310236997E-1,9.818310236997E-1,9.818310236997E-1,9.818310236997E-1,
9.818310236997E-1,9.818310236997E-1,9.818310236997E-1,9.818310236997E-1,
9.818310236997E-1,9.818310236997E-1,9.818310236997E-1,9.818310236997E-1,
9.818310236997E-1,9.818310236997E-1,9.818310236997E-1,9.818310236997E-1,
9.818310236997E-1,9.818310236997E-1,9.818310236997E-1,9.818310236997E-1,
9.818310236997E-1,9.818310236997E-1,9.818310236997E-1,9.818310236997E-1,
9.818310236997E-1,9.818310236997E-1,9.818310236997E-1),(1.054506928901E0,
1.054506928901E0,1.054506928901E0,1.054506928901E0,1.054506928901E0,
1.054506928901E0,1.054506928901E0,1.054506928901E0,1.054506928901E0,
1.054506928901E0,1.054506928901E0,1.054506928901E0,1.054506928901E0,
1.054506928901E0,1.054506928901E0,1.054506928901E0,1.054506928901E0,
1.054506928901E0,1.054506928901E0,1.054506928901E0,1.054506928901E0,
1.054506928901E0,1.054506928901E0,1.054506928901E0,1.054506928901E0,
1.054506928901E0,1.054506928901E0,1.054506928901E0,1.054506928901E0,
1.054506928901E0,1.054506928901E0,1.054506928901E0,1.054506928901E0)))REPRESENTATION_ITEM('')SURFACE());
#1996=ORIENTED_EDGE('',*,*,#1995,.F.);
#1997=ORIENTED_EDGE('',*,*,#1083,.T.);
#1998=ORIENTED_EDGE('',*,*,#1288,.T.);
#1999=ORIENTED_EDGE('',*,*,#1855,.F.);
#2000=EDGE_LOOP('',(#1996,#1997,#1998,#1999));
#2001=FACE_OUTER_BOUND('',#2000,.F.);
#2002=ADVANCED_FACE('',(#2001),#1994,.F.);
#2003=CARTESIAN_POINT('',(-1.441367019169E1,9.992664855460E0,3.226416680437E1));
#2004=CARTESIAN_POINT('',(-1.401244175477E1,9.975891987080E0,3.244517847767E1));
#2005=CARTESIAN_POINT('',(-1.292765864312E1,9.933022641200E0,3.290624356413E1));
#2006=CARTESIAN_POINT('',(-1.098875325996E1,9.868322301183E0,3.360340529553E1));
#2007=CARTESIAN_POINT('',(-8.539691315698E0,9.805040163535E0,3.428595865609E1));
#2008=CARTESIAN_POINT('',(-5.956854870255E0,9.756732414614E0,3.479493360741E1));
#2009=CARTESIAN_POINT('',(-3.460367719799E0,9.725835387064E0,3.510064823730E1));
#2010=CARTESIAN_POINT('',(-1.128680705157E0,9.710997030256E0,3.523677852478E1));
#2011=CARTESIAN_POINT('',(1.121754158786E0,9.710974687197E0,3.523697642375E1));
#2012=CARTESIAN_POINT('',(3.453001359506E0,9.725766520856E0,3.510129961102E1));
#2013=CARTESIAN_POINT('',(5.949965914879E0,9.756623617034E0,3.479605240885E1));
#2014=CARTESIAN_POINT('',(8.535820963053E0,9.804943604491E0,3.428700300257E1));
#2015=CARTESIAN_POINT('',(1.098780721914E1,9.868286726367E0,3.360378752606E1));
#2016=CARTESIAN_POINT('',(1.292853663005E1,9.933055238091E0,3.290589318845E1));
#2017=CARTESIAN_POINT('',(1.401304013107E1,9.975916192592E0,3.244491774590E1));
#2018=CARTESIAN_POINT('',(1.441419917362E1,9.992686978375E0,3.226392795758E1));
#2019=CARTESIAN_POINT('',(-1.441542991322E1,9.845499241928E0,3.448795834473E1));
#2020=CARTESIAN_POINT('',(-1.401232834884E1,9.727848448381E0,3.466235104212E1));
#2021=CARTESIAN_POINT('',(-1.290699168574E1,9.428176402377E0,3.508801943208E1));
#2022=CARTESIAN_POINT('',(-1.089505372462E1,8.979461853501E0,3.566172107413E1));
#2023=CARTESIAN_POINT('',(-8.355809582238E0,8.544729693184E0,3.613087217210E1));
#2024=CARTESIAN_POINT('',(-5.730628675455E0,8.216014776489E0,3.639987538583E1));
#2025=CARTESIAN_POINT('',(-3.276528417338E0,8.007266774793E0,3.651250236456E1));
#2026=CARTESIAN_POINT('',(-1.058420516566E0,7.907343062721E0,3.654635641557E1));
#2027=CARTESIAN_POINT('',(1.051907825286E0,7.907192720675E0,3.654639646547E1));
#2028=CARTESIAN_POINT('',(3.269417997873E0,8.006802612301E0,3.651269173109E1));
#2029=CARTESIAN_POINT('',(5.723718219055E0,8.215277563724E0,3.640037330337E1));
#2030=CARTESIAN_POINT('',(8.351788364343E0,8.544067764563E0,3.613155971511E1));
#2031=CARTESIAN_POINT('',(1.089407618577E1,8.979214036464E0,3.566205904743E1));
#2032=CARTESIAN_POINT('',(1.290789524332E1,9.428403524800E0,3.508771021537E1));
#2033=CARTESIAN_POINT('',(1.401293472181E1,9.728017906613E0,3.466210517474E1));
#2034=CARTESIAN_POINT('',(1.441596134824E1,9.845654432176E0,3.448772761078E1));
#2035=CARTESIAN_POINT('',(-1.443490337375E1,8.215827713751E0,3.600803052179E1));
#2036=CARTESIAN_POINT('',(-1.399855152086E1,8.028822006940E0,3.610855078977E1));
#2037=CARTESIAN_POINT('',(-1.280576509182E1,7.567851702806E0,3.633254349533E1));
#2038=CARTESIAN_POINT('',(-1.066627364014E1,6.931011499959E0,3.655032263895E1));
#2039=CARTESIAN_POINT('',(-8.036618238571E0,6.376635677091E0,3.660356813637E1));
#2040=CARTESIAN_POINT('',(-5.408675720541E0,6.005430237798E0,3.650351286277E1));
#2041=CARTESIAN_POINT('',(-3.042895389030E0,5.792691621977E0,3.635878844450E1));
#2042=CARTESIAN_POINT('',(-9.736332876966E-1,5.695940717050E0,
3.626616928754E1));
#2043=CARTESIAN_POINT('',(9.676265632276E-1,5.695797006435E0,3.626601879716E1));
#2044=CARTESIAN_POINT('',(3.036166853401E0,5.792235865650E0,3.635839260008E1));
#2045=CARTESIAN_POINT('',(5.401872129280E0,6.004645616100E0,3.650313146652E1));
#2046=CARTESIAN_POINT('',(8.032464066595E0,6.375813033270E0,3.660359724550E1));
#2047=CARTESIAN_POINT('',(1.066522044062E1,6.930643234587E0,3.655048255041E1));
#2048=CARTESIAN_POINT('',(1.280673558505E1,7.568189964759E0,3.633239793102E1));
#2049=CARTESIAN_POINT('',(1.399920666516E1,8.029086467151E0,3.610841521435E1));
#2050=CARTESIAN_POINT('',(1.443547862773E1,8.216074572722E0,3.600789681069E1));
#2051=CARTESIAN_POINT('',(-1.446153063907E1,5.987377335567E0,3.600008905303E1));
#2052=CARTESIAN_POINT('',(-1.397858207433E1,5.800149032620E0,3.599954247088E1));
#2053=CARTESIAN_POINT('',(-1.267887132232E1,5.360852622086E0,3.596494380682E1));
#2054=CARTESIAN_POINT('',(-1.042647429680E1,4.833790805542E0,3.578734524673E1));
#2055=CARTESIAN_POINT('',(-7.755206170598E0,4.476457222455E0,3.544771623341E1));
#2056=CARTESIAN_POINT('',(-5.165582438961E0,4.323719374012E0,3.504964622022E1));
#2057=CARTESIAN_POINT('',(-2.886161546141E0,4.283014506860E0,3.472286140420E1));
#2058=CARTESIAN_POINT('',(-9.202968537093E-1,4.275974043459E0,
3.454815508889E1));
#2059=CARTESIAN_POINT('',(9.146138355694E-1,4.275967998646E0,3.454788469189E1));
#2060=CARTESIAN_POINT('',(2.879733752017E0,4.282966300709E0,3.472207448921E1));
#2061=CARTESIAN_POINT('',(5.158956128909E0,4.323494058222E0,3.504860390853E1));
#2062=CARTESIAN_POINT('',(7.751009053135E0,4.475965669345E0,3.544714232926E1));
#2063=CARTESIAN_POINT('',(1.042534230270E1,4.833459201615E0,3.578728984989E1));
#2064=CARTESIAN_POINT('',(1.267991381879E1,5.361158369586E0,3.596499564402E1));
#2065=CARTESIAN_POINT('',(1.397930031724E1,5.800406727049E0,3.599955280663E1));
#2066=CARTESIAN_POINT('',(1.446216731602E1,5.987624755167E0,3.600008866189E1));
#2067=(BOUNDED_SURFACE()B_SPLINE_SURFACE(3,3,((#2003,#2004,#2005,#2006,#2007,
#2008,#2009,#2010,#2011,#2012,#2013,#2014,#2015,#2016,#2017,#2018),(#2019,#2020,
#2021,#2022,#2023,#2024,#2025,#2026,#2027,#2028,#2029,#2030,#2031,#2032,#2033,
#2034),(#2035,#2036,#2037,#2038,#2039,#2040,#2041,#2042,#2043,#2044,#2045,#2046,
#2047,#2048,#2049,#2050),(#2051,#2052,#2053,#2054,#2055,#2056,#2057,#2058,#2059,
#2060,#2061,#2062,#2063,#2064,#2065,#2066)),.UNSPECIFIED.,.F.,.F.,.F.)B_SPLINE_SURFACE_WITH_KNOTS((4,4),(4,1,1,1,1,1,1,1,1,1,1,1,1,4),(0.E0,1.E0),(
2.068606345600E-2,6.686238732295E-2,1.426511375221E-1,2.279743700559E-1,
3.157075942619E-1,3.947933448232E-1,4.653744520191E-1,5.344140075720E-1,
6.049824785561E-1,6.840338527973E-1,7.718454916339E-1,8.573973001792E-1,
9.331650931380E-1,9.793343342500E-1),.UNSPECIFIED.)GEOMETRIC_REPRESENTATION_ITEM()RATIONAL_B_SPLINE_SURFACE(((1.156829367721E0,1.156829367721E0,1.156829367721E0,
1.156829367721E0,1.156829367721E0,1.156829367721E0,1.156829367721E0,
1.156829367721E0,1.156829367721E0,1.156829367721E0,1.156829367721E0,
1.156829367721E0,1.156829367721E0,1.156829367721E0,1.156829367721E0,
1.156829367721E0),(9.477235440931E-1,9.477235440931E-1,9.477235440931E-1,
9.477235440931E-1,9.477235440931E-1,9.477235440931E-1,9.477235440931E-1,
9.477235440931E-1,9.477235440931E-1,9.477235440931E-1,9.477235440931E-1,
9.477235440931E-1,9.477235440931E-1,9.477235440931E-1,9.477235440931E-1,
9.477235440931E-1),(9.477235440931E-1,9.477235440931E-1,9.477235440931E-1,
9.477235440931E-1,9.477235440931E-1,9.477235440931E-1,9.477235440931E-1,
9.477235440931E-1,9.477235440931E-1,9.477235440931E-1,9.477235440931E-1,
9.477235440931E-1,9.477235440931E-1,9.477235440931E-1,9.477235440931E-1,
9.477235440931E-1),(1.156829367721E0,1.156829367721E0,1.156829367721E0,
1.156829367721E0,1.156829367721E0,1.156829367721E0,1.156829367721E0,
1.156829367721E0,1.156829367721E0,1.156829367721E0,1.156829367721E0,
1.156829367721E0,1.156829367721E0,1.156829367721E0,1.156829367721E0,
1.156829367721E0)))REPRESENTATION_ITEM('')SURFACE());
#2068=ORIENTED_EDGE('',*,*,#1995,.T.);
#2069=ORIENTED_EDGE('',*,*,#1804,.T.);
#2070=ORIENTED_EDGE('',*,*,#1004,.F.);
#2071=ORIENTED_EDGE('',*,*,#1023,.F.);
#2072=EDGE_LOOP('',(#2068,#2069,#2070,#2071));
#2073=FACE_OUTER_BOUND('',#2072,.F.);
#2074=ADVANCED_FACE('',(#2073),#2067,.T.);
#2075=CARTESIAN_POINT('',(1.196087991713E-14,7.51E1,0.E0));
#2076=DIRECTION('',(0.E0,-1.E0,0.E0));
#2077=DIRECTION('',(-1.E0,0.E0,0.E0));
#2078=AXIS2_PLACEMENT_3D('',#2075,#2076,#2077);
#2079=CYLINDRICAL_SURFACE('',#2078,2.3E1);
#2081=ORIENTED_EDGE('',*,*,#2080,.T.);
#2083=ORIENTED_EDGE('',*,*,#2082,.F.);
#2084=ORIENTED_EDGE('',*,*,#1335,.F.);
#2086=ORIENTED_EDGE('',*,*,#2085,.T.);
#2087=EDGE_LOOP('',(#2081,#2083,#2084,#2086));
#2088=FACE_OUTER_BOUND('',#2087,.F.);
#2089=ADVANCED_FACE('',(#2088),#2079,.T.);
#2090=CARTESIAN_POINT('',(1.120772213565E-14,7.1E1,0.E0));
#2091=DIRECTION('',(0.E0,-1.E0,0.E0));
#2092=DIRECTION('',(9.999549017699E-1,0.E0,9.497074621643E-3));
#2093=AXIS2_PLACEMENT_3D('',#2090,#2091,#2092);
#2094=TOROIDAL_SURFACE('',#2093,2.2E1,1.E0);
#2096=ORIENTED_EDGE('',*,*,#2095,.T.);
#2098=ORIENTED_EDGE('',*,*,#2097,.T.);
#2099=ORIENTED_EDGE('',*,*,#2080,.F.);
#2101=ORIENTED_EDGE('',*,*,#2100,.F.);
#2102=EDGE_LOOP('',(#2096,#2098,#2099,#2101));
#2103=FACE_OUTER_BOUND('',#2102,.F.);
#2104=ADVANCED_FACE('',(#2103),#2094,.T.);
#2105=CARTESIAN_POINT('',(1.139141915552E-14,7.2E1,0.E0));
#2106=DIRECTION('',(0.E0,-1.E0,0.E0));
#2107=DIRECTION('',(-1.E0,0.E0,0.E0));
#2108=AXIS2_PLACEMENT_3D('',#2105,#2106,#2107);
#2109=PLANE('',#2108);
#2110=ORIENTED_EDGE('',*,*,#2095,.F.);
#2112=ORIENTED_EDGE('',*,*,#2111,.F.);
#2113=EDGE_LOOP('',(#2110,#2112));
#2114=FACE_OUTER_BOUND('',#2113,.F.);
#2116=ORIENTED_EDGE('',*,*,#2115,.T.);
#2118=ORIENTED_EDGE('',*,*,#2117,.T.);
#2119=EDGE_LOOP('',(#2116,#2118));
#2120=FACE_BOUND('',#2119,.F.);
#2121=ADVANCED_FACE('',(#2114,#2120),#2109,.F.);
#2122=CARTESIAN_POINT('',(0.E0,-1.116E1,0.E0));
#2123=DIRECTION('',(0.E0,1.E0,0.E0));
#2124=DIRECTION('',(1.E0,0.E0,0.E0));
#2125=AXIS2_PLACEMENT_3D('',#2122,#2123,#2124);
#2126=CYLINDRICAL_SURFACE('',#2125,9.E0);
#2127=ORIENTED_EDGE('',*,*,#2115,.F.);
#2129=ORIENTED_EDGE('',*,*,#2128,.F.);
#2131=ORIENTED_EDGE('',*,*,#2130,.T.);
#2133=ORIENTED_EDGE('',*,*,#2132,.T.);
#2134=EDGE_LOOP('',(#2127,#2129,#2131,#2133));
#2135=FACE_OUTER_BOUND('',#2134,.F.);
#2136=ADVANCED_FACE('',(#2135),#2126,.F.);
#2137=CARTESIAN_POINT('',(0.E0,-1.116E1,0.E0));
#2138=DIRECTION('',(0.E0,1.E0,0.E0));
#2139=DIRECTION('',(1.E0,0.E0,0.E0));
#2140=AXIS2_PLACEMENT_3D('',#2137,#2138,#2139);
#2141=CYLINDRICAL_SURFACE('',#2140,9.E0);
#2142=ORIENTED_EDGE('',*,*,#2117,.F.);
#2143=ORIENTED_EDGE('',*,*,#2132,.F.);
#2145=ORIENTED_EDGE('',*,*,#2144,.T.);
#2146=ORIENTED_EDGE('',*,*,#2128,.T.);
#2147=EDGE_LOOP('',(#2142,#2143,#2145,#2146));
#2148=FACE_OUTER_BOUND('',#2147,.F.);
#2150=ORIENTED_EDGE('',*,*,#2149,.F.);
#2152=ORIENTED_EDGE('',*,*,#2151,.F.);
#2153=EDGE_LOOP('',(#2150,#2152));
#2154=FACE_BOUND('',#2153,.F.);
#2155=ADVANCED_FACE('',(#2148,#2154),#2141,.F.);
#2156=CARTESIAN_POINT('',(1.836970198721E-14,5.E1,0.E0));
#2157=DIRECTION('',(0.E0,-1.E0,0.E0));
#2158=DIRECTION('',(-1.E0,0.E0,0.E0));
#2159=AXIS2_PLACEMENT_3D('',#2156,#2157,#2158);
#2160=PLANE('',#2159);
#2162=ORIENTED_EDGE('',*,*,#2161,.T.);
#2164=ORIENTED_EDGE('',*,*,#2163,.T.);
#2165=EDGE_LOOP('',(#2162,#2164));
#2166=FACE_OUTER_BOUND('',#2165,.F.);
#2167=ORIENTED_EDGE('',*,*,#2130,.F.);
#2168=ORIENTED_EDGE('',*,*,#2144,.F.);
#2169=EDGE_LOOP('',(#2167,#2168));
#2170=FACE_BOUND('',#2169,.F.);
#2171=ADVANCED_FACE('',(#2166,#2170),#2160,.T.);
#2172=CARTESIAN_POINT('',(1.763491390772E-14,4.6E1,0.E0));
#2173=DIRECTION('',(0.E0,-1.E0,0.E0));
#2174=DIRECTION('',(-9.999583420136E-1,0.E0,-9.127663301699E-3));
#2175=AXIS2_PLACEMENT_3D('',#2172,#2173,#2174);
#2176=TOROIDAL_SURFACE('',#2175,1.305145783580E1,4.E0);
#2177=ORIENTED_EDGE('',*,*,#2161,.F.);
#2179=ORIENTED_EDGE('',*,*,#2178,.T.);
#2181=ORIENTED_EDGE('',*,*,#2180,.T.);
#2183=ORIENTED_EDGE('',*,*,#2182,.F.);
#2184=EDGE_LOOP('',(#2177,#2179,#2181,#2183));
#2185=FACE_OUTER_BOUND('',#2184,.F.);
#2186=ADVANCED_FACE('',(#2185),#2176,.F.);
#2187=CARTESIAN_POINT('',(1.763491390772E-14,4.6E1,0.E0));
#2188=DIRECTION('',(0.E0,-1.E0,0.E0));
#2189=DIRECTION('',(9.999583420136E-1,0.E0,9.127663301699E-3));
#2190=AXIS2_PLACEMENT_3D('',#2187,#2188,#2189);
#2191=TOROIDAL_SURFACE('',#2190,1.305145783580E1,4.E0);
#2192=ORIENTED_EDGE('',*,*,#2163,.F.);
#2193=ORIENTED_EDGE('',*,*,#2182,.T.);
#2195=ORIENTED_EDGE('',*,*,#2194,.T.);
#2196=ORIENTED_EDGE('',*,*,#2178,.F.);
#2197=EDGE_LOOP('',(#2192,#2193,#2195,#2196));
#2198=FACE_OUTER_BOUND('',#2197,.F.);
#2199=ADVANCED_FACE('',(#2198),#2191,.F.);
#2200=CARTESIAN_POINT('',(1.358527737298E-14,2.395480548592E1,0.E0));
#2201=DIRECTION('',(0.E0,-1.E0,0.E0));
#2202=DIRECTION('',(-1.E0,0.E0,0.E0));
#2203=AXIS2_PLACEMENT_3D('',#2200,#2201,#2202);
#2204=CONICAL_SURFACE('',#2203,2.426343659233E1,1.765012421993E1);
#2206=ORIENTED_EDGE('',*,*,#2205,.T.);
#2208=ORIENTED_EDGE('',*,*,#2207,.T.);
#2209=ORIENTED_EDGE('',*,*,#2194,.F.);
#2211=ORIENTED_EDGE('',*,*,#2210,.F.);
#2212=EDGE_LOOP('',(#2206,#2208,#2209,#2211));
#2213=FACE_OUTER_BOUND('',#2212,.F.);
#2214=ADVANCED_FACE('',(#2213),#2204,.F.);
#2215=CARTESIAN_POINT('',(0.E0,1.E0,0.E0));
#2216=DIRECTION('',(0.E0,-1.E0,0.E0));
#2217=DIRECTION('',(9.999598438969E-1,0.E0,8.961617801538E-3));
#2218=AXIS2_PLACEMENT_3D('',#2215,#2216,#2217);
#2219=TOROIDAL_SURFACE('',#2218,3.261663800881E1,1.E0);
#2220=ORIENTED_EDGE('',*,*,#990,.T.);
#2222=ORIENTED_EDGE('',*,*,#2221,.T.);
#2223=ORIENTED_EDGE('',*,*,#2205,.F.);
#2225=ORIENTED_EDGE('',*,*,#2224,.F.);
#2226=EDGE_LOOP('',(#2220,#2222,#2223,#2225));
#2227=FACE_OUTER_BOUND('',#2226,.F.);
#2228=ADVANCED_FACE('',(#2227),#2219,.T.);
#2229=CARTESIAN_POINT('',(0.E0,1.E0,0.E0));
#2230=DIRECTION('',(0.E0,-1.E0,0.E0));
#2231=DIRECTION('',(-9.999598438969E-1,0.E0,-8.961617801538E-3));
#2232=AXIS2_PLACEMENT_3D('',#2229,#2230,#2231);
#2233=TOROIDAL_SURFACE('',#2232,3.261663800881E1,1.E0);
#2234=ORIENTED_EDGE('',*,*,#992,.T.);
#2235=ORIENTED_EDGE('',*,*,#2224,.T.);
#2237=ORIENTED_EDGE('',*,*,#2236,.F.);
#2238=ORIENTED_EDGE('',*,*,#2221,.F.);
#2239=EDGE_LOOP('',(#2234,#2235,#2237,#2238));
#2240=FACE_OUTER_BOUND('',#2239,.F.);
#2241=ADVANCED_FACE('',(#2240),#2233,.T.);
#2242=CARTESIAN_POINT('',(1.358527737298E-14,2.395480548592E1,0.E0));
#2243=DIRECTION('',(0.E0,-1.E0,0.E0));
#2244=DIRECTION('',(-1.E0,0.E0,0.E0));
#2245=AXIS2_PLACEMENT_3D('',#2242,#2243,#2244);
#2246=CONICAL_SURFACE('',#2245,2.426343659233E1,1.765012421993E1);
#2247=ORIENTED_EDGE('',*,*,#2236,.T.);
#2248=ORIENTED_EDGE('',*,*,#2210,.T.);
#2249=ORIENTED_EDGE('',*,*,#2180,.F.);
#2250=ORIENTED_EDGE('',*,*,#2207,.F.);
#2251=EDGE_LOOP('',(#2247,#2248,#2249,#2250));
#2252=FACE_OUTER_BOUND('',#2251,.F.);
#2253=ADVANCED_FACE('',(#2252),#2246,.F.);
#2254=CARTESIAN_POINT('',(0.E0,6.3E1,8.3E0));
#2255=DIRECTION('',(0.E0,0.E0,1.E0));
#2256=DIRECTION('',(-1.E0,0.E0,0.E0));
#2257=AXIS2_PLACEMENT_3D('',#2254,#2255,#2256);
#2258=CYLINDRICAL_SURFACE('',#2257,3.5E0);
#2260=ORIENTED_EDGE('',*,*,#2259,.F.);
#2262=ORIENTED_EDGE('',*,*,#2261,.F.);
#2263=ORIENTED_EDGE('',*,*,#2149,.T.);
#2265=ORIENTED_EDGE('',*,*,#2264,.T.);
#2266=EDGE_LOOP('',(#2260,#2262,#2263,#2265));
#2267=FACE_OUTER_BOUND('',#2266,.F.);
#2268=ADVANCED_FACE('',(#2267),#2258,.F.);
#2269=CARTESIAN_POINT('',(1.196087991713E-14,7.51E1,0.E0));
#2270=DIRECTION('',(0.E0,-1.E0,0.E0));
#2271=DIRECTION('',(-1.E0,0.E0,0.E0));
#2272=AXIS2_PLACEMENT_3D('',#2269,#2270,#2271);
#2273=CYLINDRICAL_SURFACE('',#2272,2.3E1);
#2275=ORIENTED_EDGE('',*,*,#2274,.T.);
#2276=ORIENTED_EDGE('',*,*,#2085,.F.);
#2277=ORIENTED_EDGE('',*,*,#1320,.F.);
#2278=ORIENTED_EDGE('',*,*,#2082,.T.);
#2279=EDGE_LOOP('',(#2275,#2276,#2277,#2278));
#2280=FACE_OUTER_BOUND('',#2279,.F.);
#2281=ORIENTED_EDGE('',*,*,#2259,.T.);
#2283=ORIENTED_EDGE('',*,*,#2282,.T.);
#2284=EDGE_LOOP('',(#2281,#2283));
#2285=FACE_BOUND('',#2284,.F.);
#2286=ADVANCED_FACE('',(#2280,#2285),#2273,.T.);
#2287=CARTESIAN_POINT('',(0.E0,6.3E1,8.3E0));
#2288=DIRECTION('',(0.E0,0.E0,1.E0));
#2289=DIRECTION('',(-1.E0,0.E0,0.E0));
#2290=AXIS2_PLACEMENT_3D('',#2287,#2288,#2289);
#2291=CYLINDRICAL_SURFACE('',#2290,3.5E0);
#2292=ORIENTED_EDGE('',*,*,#2282,.F.);
#2293=ORIENTED_EDGE('',*,*,#2264,.F.);
#2294=ORIENTED_EDGE('',*,*,#2151,.T.);
#2295=ORIENTED_EDGE('',*,*,#2261,.T.);
#2296=EDGE_LOOP('',(#2292,#2293,#2294,#2295));
#2297=FACE_OUTER_BOUND('',#2296,.F.);
#2298=ADVANCED_FACE('',(#2297),#2291,.F.);
#2299=CARTESIAN_POINT('',(1.120772213565E-14,7.1E1,0.E0));
#2300=DIRECTION('',(0.E0,-1.E0,0.E0));
#2301=DIRECTION('',(-9.999549017699E-1,0.E0,-9.497074621643E-3));
#2302=AXIS2_PLACEMENT_3D('',#2299,#2300,#2301);
#2303=TOROIDAL_SURFACE('',#2302,2.2E1,1.E0);
#2304=ORIENTED_EDGE('',*,*,#2111,.T.);
#2305=ORIENTED_EDGE('',*,*,#2100,.T.);
#2306=ORIENTED_EDGE('',*,*,#2274,.F.);
#2307=ORIENTED_EDGE('',*,*,#2097,.F.);
#2308=EDGE_LOOP('',(#2304,#2305,#2306,#2307));
#2309=FACE_OUTER_BOUND('',#2308,.F.);
#2310=ADVANCED_FACE('',(#2309),#2303,.T.);
#2313=CARTESIAN_POINT('',(1.139141915552E-14,7.2E1,0.E0));
#2314=DIRECTION('',(0.E0,-1.E0,0.E0));
#2315=DIRECTION('',(-1.E0,0.E0,0.E0));
#2316=AXIS2_PLACEMENT_3D('',#2313,#2314,#2315);
#2318=CARTESIAN_POINT('',(0.E0,5.E1,0.E0));
#2319=DIRECTION('',(0.E0,1.E0,0.E0));
#2320=DIRECTION('',(1.E0,0.E0,0.E0));
#2321=AXIS2_PLACEMENT_3D('',#2318,#2319,#2320);
#2323=CARTESIAN_POINT('',(1.139141915552E-14,7.2E1,0.E0));
#2324=DIRECTION('',(0.E0,-1.E0,0.E0));
#2325=DIRECTION('',(1.E0,0.E0,0.E0));
#2326=AXIS2_PLACEMENT_3D('',#2323,#2324,#2325);
#2328=DIRECTION('',(0.E0,-1.E0,0.E0));
#2329=VECTOR('',#2328,2.2E1);
#2330=CARTESIAN_POINT('',(-1.E1,7.2E1,0.E0));
#2331=LINE('',#2330,#2329);
#2332=CARTESIAN_POINT('',(0.E0,5.E1,0.E0));
#2333=DIRECTION('',(0.E0,1.E0,0.E0));
#2334=DIRECTION('',(-1.E0,0.E0,0.E0));
#2335=AXIS2_PLACEMENT_3D('',#2332,#2333,#2334);
#2337=DIRECTION('',(0.E0,-1.E0,0.E0));
#2338=VECTOR('',#2337,2.2E1);
#2339=CARTESIAN_POINT('',(1.E1,7.2E1,0.E0));
#2340=LINE('',#2339,#2338);
#2341=CARTESIAN_POINT('',(1.E1,7.2E1,0.E0));
#2342=CARTESIAN_POINT('',(-1.E1,7.2E1,0.E0));
#2343=VERTEX_POINT('',#2341);
#2344=VERTEX_POINT('',#2342);
#2345=CARTESIAN_POINT('',(1.E1,5.E1,0.E0));
#2346=CARTESIAN_POINT('',(-1.E1,5.E1,0.E0));
#2347=VERTEX_POINT('',#2345);
#2348=VERTEX_POINT('',#2346);
#2349=CARTESIAN_POINT('',(0.E0,-1.116E1,0.E0));
#2350=DIRECTION('',(0.E0,1.E0,0.E0));
#2351=DIRECTION('',(1.E0,0.E0,0.E0));
#2352=AXIS2_PLACEMENT_3D('',#2349,#2350,#2351);
#2353=CYLINDRICAL_SURFACE('',#2352,1.E1);
#2355=ORIENTED_EDGE('',*,*,#2354,.T.);
#2357=ORIENTED_EDGE('',*,*,#2356,.T.);
#2359=ORIENTED_EDGE('',*,*,#2358,.T.);
#2361=ORIENTED_EDGE('',*,*,#2360,.F.);
#2362=EDGE_LOOP('',(#2355,#2357,#2359,#2361));
#2363=FACE_OUTER_BOUND('',#2362,.F.);
#2364=ADVANCED_FACE('',(#2363),#2353,.F.);
#2365=CARTESIAN_POINT('',(0.E0,-1.116E1,0.E0));
#2366=DIRECTION('',(0.E0,1.E0,0.E0));
#2367=DIRECTION('',(1.E0,0.E0,0.E0));
#2368=AXIS2_PLACEMENT_3D('',#2365,#2366,#2367);
#2369=CYLINDRICAL_SURFACE('',#2368,1.E1);
#2371=ORIENTED_EDGE('',*,*,#2370,.T.);
#2372=ORIENTED_EDGE('',*,*,#2360,.T.);
#2374=ORIENTED_EDGE('',*,*,#2373,.T.);
#2375=ORIENTED_EDGE('',*,*,#2356,.F.);
#2376=EDGE_LOOP('',(#2371,#2372,#2374,#2375));
#2377=FACE_OUTER_BOUND('',#2376,.F.);
#2378=ADVANCED_FACE('',(#2377),#2369,.F.);
#2381=CARTESIAN_POINT('',(-4.900347542281E-14,5.9E1,2.3E1));
#2382=CARTESIAN_POINT('',(-2.443127520003E-1,5.9E1,2.3E1));
#2383=CARTESIAN_POINT('',(-7.427598350955E-1,5.904453516672E1,
2.299218283776E1));
#2384=CARTESIAN_POINT('',(-1.499701575127E0,5.926327957620E1,2.295508157911E1));
#2385=CARTESIAN_POINT('',(-2.209524044267E0,5.963402857245E1,2.289688770960E1));
#2386=CARTESIAN_POINT('',(-2.823530674330E0,6.013124057231E1,2.282832315187E1));
#2387=CARTESIAN_POINT('',(-3.325270198946E0,6.072997309111E1,2.275984397511E1));
#2388=CARTESIAN_POINT('',(-3.714872864318E0,6.144350289402E1,2.269874946760E1));
#2389=CARTESIAN_POINT('',(-3.950212598787E0,6.222008331870E1,2.265838407153E1));
#2390=CARTESIAN_POINT('',(-4.E0,6.274196408036E1,2.264950330581E1));
#2391=CARTESIAN_POINT('',(-4.E0,6.3E1,2.264950330581E1));
#2393=CARTESIAN_POINT('',(-4.E0,6.3E1,8.062257748299E0));
#2394=CARTESIAN_POINT('',(-4.E0,6.275419305974E1,8.062257748299E0));
#2395=CARTESIAN_POINT('',(-3.955065653588E0,6.225493480249E1,8.084839858041E0));
#2396=CARTESIAN_POINT('',(-3.736463232154E0,6.150188202709E1,8.189727976263E0));
#2397=CARTESIAN_POINT('',(-3.374203164483E0,6.080339184911E1,8.347903537073E0));
#2398=CARTESIAN_POINT('',(-2.869676805086E0,6.017458135700E1,8.537230210814E0));
#2399=CARTESIAN_POINT('',(-2.247266727311E0,5.965833192921E1,8.724108281360E0));
#2400=CARTESIAN_POINT('',(-1.535036829295E0,5.927710554458E1,8.878922556141E0));
#2401=CARTESIAN_POINT('',(-7.693708755542E-1,5.904871772693E1,
8.978180504258E0));
#2402=CARTESIAN_POINT('',(-2.148198630989E-3,5.897585094397E1,
9.010816656375E0));
#2403=CARTESIAN_POINT('',(7.652702546709E-1,5.904788185393E1,8.978551378366E0));
#2404=CARTESIAN_POINT('',(1.532233679017E0,5.927585636623E1,8.879449671987E0));
#2405=CARTESIAN_POINT('',(2.246035378263E0,5.965734287177E1,8.724472985971E0));
#2406=CARTESIAN_POINT('',(2.869962961262E0,6.017478342068E1,8.537149214536E0));
#2407=CARTESIAN_POINT('',(3.374235373799E0,6.080351729458E1,8.347881017460E0));
#2408=CARTESIAN_POINT('',(3.736420270867E0,6.150174867687E1,8.189749824373E0));
#2409=CARTESIAN_POINT('',(3.955107380040E0,6.225509864847E1,8.084819320731E0));
#2410=CARTESIAN_POINT('',(4.E0,6.275426180789E1,8.062257748299E0));
#2411=CARTESIAN_POINT('',(4.E0,6.3E1,8.062257748299E0));
#2413=CARTESIAN_POINT('',(4.E0,6.3E1,2.264950330581E1));
#2414=CARTESIAN_POINT('',(4.E0,6.277877033836E1,2.264950330581E1));
#2415=CARTESIAN_POINT('',(3.964103032673E0,6.232904420228E1,2.265590317364E1));
#2416=CARTESIAN_POINT('',(3.782244355200E0,6.163481695688E1,2.268730162099E1));
#2417=CARTESIAN_POINT('',(3.487705955913E0,6.100100010671E1,2.273492150564E1));
#2418=CARTESIAN_POINT('',(3.091998458190E0,6.043153050220E1,2.279264657220E1));
#2419=CARTESIAN_POINT('',(2.612068563140E0,5.994507529886E1,2.285319040099E1));
#2420=CARTESIAN_POINT('',(2.051138638733E0,5.954240462605E1,2.291099453386E1));
#2421=CARTESIAN_POINT('',(1.412805040494E0,5.923485615547E1,2.295988325400E1));
#2422=CARTESIAN_POINT('',(7.136236579134E-1,5.904215599729E1,2.299260744878E1));
#2423=CARTESIAN_POINT('',(2.378140230271E-1,5.9E1,2.3E1));
#2424=CARTESIAN_POINT('',(-4.900347542281E-14,5.9E1,2.3E1));
#2426=CARTESIAN_POINT('',(0.E0,6.7E1,2.3E1));
#2427=CARTESIAN_POINT('',(2.363678768302E-1,6.7E1,2.3E1));
#2428=CARTESIAN_POINT('',(7.096693699988E-1,6.695831216123E1,2.299269061536E1));
#2429=CARTESIAN_POINT('',(1.405627844738E0,6.676768284320E1,2.296030752934E1));
#2430=CARTESIAN_POINT('',(2.044288901277E0,6.646172693298E1,2.291162277485E1));
#2431=CARTESIAN_POINT('',(2.607506312264E0,6.605898762306E1,2.285372965308E1));
#2432=CARTESIAN_POINT('',(3.089400724937E0,6.557171718110E1,2.279300783641E1));
#2433=CARTESIAN_POINT('',(3.485971683117E0,6.500202995006E1,2.273518961876E1));
#2434=CARTESIAN_POINT('',(3.780847335553E0,6.436887813038E1,2.268753625094E1));
#2435=CARTESIAN_POINT('',(3.963458401332E0,6.367523761448E1,2.265601774013E1));
#2436=CARTESIAN_POINT('',(4.E0,6.322297914208E1,2.264950330581E1));
#2437=CARTESIAN_POINT('',(4.E0,6.3E1,2.264950330581E1));
#2439=DIRECTION('',(0.E0,0.E0,-1.E0));
#2440=VECTOR('',#2439,1.458724555751E1);
#2441=CARTESIAN_POINT('',(4.E0,6.3E1,2.264950330581E1));
#2442=LINE('',#2441,#2440);
#2443=CARTESIAN_POINT('',(4.E0,6.3E1,8.062257748299E0));
#2444=CARTESIAN_POINT('',(4.E0,6.324302276224E1,8.062257748299E0));
#2445=CARTESIAN_POINT('',(3.956173523361E0,6.373248884983E1,8.084272644145E0));
#2446=CARTESIAN_POINT('',(3.748312671049E0,6.446262610115E1,8.184076708140E0));
#2447=CARTESIAN_POINT('',(3.414053374323E0,6.512762500406E1,8.330970554244E0));
#2448=CARTESIAN_POINT('',(2.971023773490E0,6.570902529979E1,8.500410020174E0));
#2449=CARTESIAN_POINT('',(2.460193932019E0,6.618066214674E1,8.663872333927E0));
#2450=CARTESIAN_POINT('',(1.834468620415E0,6.658113311536E1,8.819929931386E0));
#2451=CARTESIAN_POINT('',(1.131586033706E0,6.686166416099E1,8.938755218809E0));
#2452=CARTESIAN_POINT('',(3.852519790842E-1,6.700459202376E1,9.002008892490E0));
#2453=CARTESIAN_POINT('',(-3.535428622520E-1,6.700766336438E1,
9.003389952840E0));
#2454=CARTESIAN_POINT('',(-1.105569514173E0,6.686964851091E1,8.942229219869E0));
#2455=CARTESIAN_POINT('',(-1.817483673076E0,6.659031804324E1,8.823666286536E0));
#2456=CARTESIAN_POINT('',(-2.450639374140E0,6.618857079403E1,8.666740813166E0));
#2457=CARTESIAN_POINT('',(-2.967713744050E0,6.571313753889E1,8.501652643623E0));
#2458=CARTESIAN_POINT('',(-3.412578989170E0,6.512992239301E1,8.331576244766E0));
#2459=CARTESIAN_POINT('',(-3.746784297592E0,6.446655676442E1,8.184784261895E0));
#2460=CARTESIAN_POINT('',(-3.955984601711E0,6.373440852569E1,8.084374364777E0));
#2461=CARTESIAN_POINT('',(-4.E0,6.324375629666E1,8.062257748299E0));
#2462=CARTESIAN_POINT('',(-4.E0,6.3E1,8.062257748299E0));
#2464=DIRECTION('',(0.E0,0.E0,-1.E0));
#2465=VECTOR('',#2464,1.458724555751E1);
#2466=CARTESIAN_POINT('',(-4.E0,6.3E1,2.264950330581E1));
#2467=LINE('',#2466,#2465);
#2468=CARTESIAN_POINT('',(-4.E0,6.3E1,2.264950330581E1));
#2469=CARTESIAN_POINT('',(-4.E0,6.325818707730E1,2.264950330581E1));
#2470=CARTESIAN_POINT('',(-3.950166038845E0,6.378034044374E1,2.265839269900E1));
#2471=CARTESIAN_POINT('',(-3.714517176759E0,6.455739902548E1,2.269880905952E1));
#2472=CARTESIAN_POINT('',(-3.324725480428E0,6.527080004261E1,2.275992424916E1));
#2473=CARTESIAN_POINT('',(-2.823067165477E0,6.586916811148E1,2.282837797031E1));
#2474=CARTESIAN_POINT('',(-2.209484768377E0,6.636596104971E1,2.289688769001E1));
#2475=CARTESIAN_POINT('',(-1.499822917514E0,6.673668065976E1,2.295507467252E1));
#2476=CARTESIAN_POINT('',(-7.426770236615E-1,6.695548823702E1,
2.299218686993E1));
#2477=CARTESIAN_POINT('',(-2.442767073653E-1,6.7E1,2.3E1));
#2478=CARTESIAN_POINT('',(0.E0,6.7E1,2.3E1));
#2480=VERTEX_POINT('',#2391);
#2481=VERTEX_POINT('',#2381);
#2482=VERTEX_POINT('',#2413);
#2483=VERTEX_POINT('',#2411);
#2484=VERTEX_POINT('',#2393);
#2485=VERTEX_POINT('',#2426);
#2486=CARTESIAN_POINT('',(0.E0,6.3E1,8.3E0));
#2487=DIRECTION('',(0.E0,0.E0,1.E0));
#2488=DIRECTION('',(-1.E0,0.E0,0.E0));
#2489=AXIS2_PLACEMENT_3D('',#2486,#2487,#2488);
#2490=CYLINDRICAL_SURFACE('',#2489,4.E0);
#2492=ORIENTED_EDGE('',*,*,#2491,.T.);
#2494=ORIENTED_EDGE('',*,*,#2493,.T.);
#2496=ORIENTED_EDGE('',*,*,#2495,.T.);
#2498=ORIENTED_EDGE('',*,*,#2497,.F.);
#2500=ORIENTED_EDGE('',*,*,#2499,.T.);
#2501=EDGE_LOOP('',(#2492,#2494,#2496,#2498,#2500));
#2502=FACE_OUTER_BOUND('',#2501,.F.);
#2503=ADVANCED_FACE('',(#2502),#2490,.F.);
#2504=CARTESIAN_POINT('',(0.E0,6.3E1,8.3E0));
#2505=DIRECTION('',(0.E0,0.E0,1.E0));
#2506=DIRECTION('',(-1.E0,0.E0,0.E0));
#2507=AXIS2_PLACEMENT_3D('',#2504,#2505,#2506);
#2508=CYLINDRICAL_SURFACE('',#2507,4.E0);
#2510=ORIENTED_EDGE('',*,*,#2509,.T.);
#2511=ORIENTED_EDGE('',*,*,#2497,.T.);
#2513=ORIENTED_EDGE('',*,*,#2512,.T.);
#2514=ORIENTED_EDGE('',*,*,#2493,.F.);
#2516=ORIENTED_EDGE('',*,*,#2515,.T.);
#2517=EDGE_LOOP('',(#2510,#2511,#2513,#2514,#2516));
#2518=FACE_OUTER_BOUND('',#2517,.F.);
#2519=ADVANCED_FACE('',(#2518),#2508,.F.);
#2524=DIMENSIONAL_EXPONENTS(0.E0,0.E0,0.E0,0.E0,0.E0,0.E0,0.E0);
#2526=PLANE_ANGLE_MEASURE_WITH_UNIT(PLANE_ANGLE_MEASURE(1.745329251994E-2),
#2525);
#2527=(CONVERSION_BASED_UNIT('DEGREE',#2526)NAMED_UNIT(*)PLANE_ANGLE_UNIT());
#2529=UNCERTAINTY_MEASURE_WITH_UNIT(LENGTH_MEASURE(1.E-2),#2523,'closure',
'Maximum model space distance between geometric entities at asserted connectivities');
#2530=(GEOMETRIC_REPRESENTATION_CONTEXT(3)GLOBAL_UNCERTAINTY_ASSIGNED_CONTEXT((
#2529))GLOBAL_UNIT_ASSIGNED_CONTEXT((#2523,#2527,#2528))REPRESENTATION_CONTEXT(
'ID1','3'));
#2533=CARTESIAN_POINT('',(0.E0,0.E0,0.E0));
#2534=DIRECTION('',(0.E0,0.E0,1.E0));
#2535=DIRECTION('',(1.E0,0.E0,0.E0));
#2538=SHAPE_REPRESENTATION_RELATIONSHIP('','',#2537,#2531);
#2539=SHAPE_REPRESENTATION_RELATIONSHIP('','',#2537,#2532);
#2540=APPLICATION_CONTEXT(
'CONFIGURATION CONTROLLED 3D DESIGNS OF MECHANICAL PARTS AND ASSEMBLIES');
#2541=APPLICATION_PROTOCOL_DEFINITION('international standard',
'config_control_design',1994,#2540);
#2542=DESIGN_CONTEXT('',#2540,'design');
#2543=MECHANICAL_CONTEXT('',#2540,'mechanical');
#2544=PRODUCT('01_BASE','01_BASE','NOT SPECIFIED',(#2543));
#2545=PRODUCT_DEFINITION_FORMATION_WITH_SPECIFIED_SOURCE('1','LAST_VERSION',
#2544,.MADE.);
#2549=PRODUCT_CATEGORY('part','');
#2550=PRODUCT_RELATED_PRODUCT_CATEGORY('detail','',(#2544));
#2551=PRODUCT_CATEGORY_RELATIONSHIP('','',#2549,#2550);
#2552=SECURITY_CLASSIFICATION_LEVEL('unclassified');
#2553=SECURITY_CLASSIFICATION('','',#2552);
#2554=CC_DESIGN_SECURITY_CLASSIFICATION(#2553,(#2545));
#2555=APPROVAL_STATUS('approved');
#2556=APPROVAL(#2555,'');
#2557=CC_DESIGN_APPROVAL(#2556,(#2553,#2545,#2546));
#2558=CALENDAR_DATE(126,8,9);
#2559=COORDINATED_UNIVERSAL_TIME_OFFSET(5,30,.AHEAD.);
#2560=LOCAL_TIME(23,5,9.E0,#2559);
#2561=DATE_AND_TIME(#2558,#2560);
#2562=APPROVAL_DATE_TIME(#2561,#2556);
#2563=DATE_TIME_ROLE('creation_date');
#2564=CC_DESIGN_DATE_AND_TIME_ASSIGNMENT(#2561,#2563,(#2546));
#2565=DATE_TIME_ROLE('classification_date');
#2566=CC_DESIGN_DATE_AND_TIME_ASSIGNMENT(#2561,#2565,(#2553));
#2567=PERSON('UNSPECIFIED','UNSPECIFIED',$,$,$,$);
#2568=ORGANIZATION('UNSPECIFIED','UNSPECIFIED','UNSPECIFIED');
#2569=PERSON_AND_ORGANIZATION(#2567,#2568);
#2570=APPROVAL_ROLE('approver');
#2571=APPROVAL_PERSON_ORGANIZATION(#2569,#2556,#2570);
#2572=PERSON_AND_ORGANIZATION_ROLE('creator');
#2573=CC_DESIGN_PERSON_AND_ORGANIZATION_ASSIGNMENT(#2569,#2572,(#2545,#2546));
#2574=PERSON_AND_ORGANIZATION_ROLE('design_supplier');
#2575=CC_DESIGN_PERSON_AND_ORGANIZATION_ASSIGNMENT(#2569,#2574,(#2545));
#2576=PERSON_AND_ORGANIZATION_ROLE('classification_officer');
#2577=CC_DESIGN_PERSON_AND_ORGANIZATION_ASSIGNMENT(#2569,#2576,(#2553));
#2578=PERSON_AND_ORGANIZATION_ROLE('design_owner');
#2579=CC_DESIGN_PERSON_AND_ORGANIZATION_ASSIGNMENT(#2569,#2578,(#2544));
#9=CIRCLE('',#8,3.6E1);
#18=CIRCLE('',#17,3.6E1);
#27=CIRCLE('',#26,5.E0);
#36=CIRCLE('',#35,5.E0);
#41=CIRCLE('',#40,5.E0);
#50=CIRCLE('',#49,5.E0);
#59=CIRCLE('',#58,3.261663800881E1);
#64=CIRCLE('',#63,3.261663800881E1);
#85=B_SPLINE_CURVE_WITH_KNOTS('',3,(#69,#70,#71,#72,#73,#74,#75,#76,#77,#78,#79,
#80,#81,#82,#83,#84),.UNSPECIFIED.,.F.,.F.,(4,1,1,1,1,1,1,1,1,1,1,1,1,4),(0.E0,
7.692307692308E-2,1.538461538462E-1,2.307692307692E-1,3.076923076923E-1,
3.846153846154E-1,4.615384615385E-1,5.384615384615E-1,6.153846153846E-1,
6.923076923077E-1,7.692307692308E-1,8.461538461538E-1,9.230769230769E-1,1.E0),
.UNSPECIFIED.);
#103=B_SPLINE_CURVE_WITH_KNOTS('',3,(#94,#95,#96,#97,#98,#99,#100,#101,#102),
.UNSPECIFIED.,.F.,.F.,(4,1,1,1,1,1,4),(0.E0,1.666666666667E-1,3.333333333333E-1,
5.E-1,6.666666666667E-1,8.333333333333E-1,1.E0),.UNSPECIFIED.);
#108=CIRCLE('',#107,4.E0);
#113=CIRCLE('',#112,4.E0);
#118=CIRCLE('',#117,4.E0);
#123=CIRCLE('',#122,3.792487141113E1);
#128=CIRCLE('',#127,4.E0);
#137=CIRCLE('',#136,5.E0);
#146=CIRCLE('',#145,5.E0);
#151=CIRCLE('',#150,5.E0);
#160=CIRCLE('',#159,5.E0);
#173=CIRCLE('',#172,3.2E1);
#186=CIRCLE('',#185,3.2E1);
#227=CIRCLE('',#226,3.792487141113E1);
#232=CIRCLE('',#231,4.E0);
#237=CIRCLE('',#236,2.140441591950E1);
#242=CIRCLE('',#241,3.411316829108E1);
#252=B_SPLINE_CURVE_WITH_KNOTS('',3,(#243,#244,#245,#246,#247,#248,#249,#250,
#251),.UNSPECIFIED.,.F.,.F.,(4,1,1,1,1,1,4),(0.E0,1.666666666667E-1,
3.333333333333E-1,5.E-1,6.666666666667E-1,8.333333333333E-1,1.E0),
.UNSPECIFIED.);
#284=B_SPLINE_CURVE_WITH_KNOTS('',3,(#253,#254,#255,#256,#257,#258,#259,#260,
#261,#262,#263,#264,#265,#266,#267,#268,#269,#270,#271,#272,#273,#274,#275,#276,
#277,#278,#279,#280,#281,#282,#283),.UNSPECIFIED.,.F.,.F.,(4,1,1,1,1,1,1,1,1,1,
1,1,1,1,1,1,1,1,1,1,1,1,1,1,1,1,1,1,4),(0.E0,3.571428571429E-2,
7.142857142857E-2,1.071428571429E-1,1.428571428571E-1,1.785714285714E-1,
2.142857142857E-1,2.5E-1,2.857142857143E-1,3.214285714286E-1,3.571428571429E-1,
3.928571428571E-1,4.285714285714E-1,4.642857142857E-1,5.E-1,5.357142857143E-1,
5.714285714286E-1,6.071428571429E-1,6.428571428571E-1,6.785714285714E-1,
7.142857142857E-1,7.5E-1,7.857142857143E-1,8.214285714286E-1,8.571428571429E-1,
8.928571428571E-1,9.285714285714E-1,9.642857142857E-1,1.E0),.UNSPECIFIED.);
#294=B_SPLINE_CURVE_WITH_KNOTS('',3,(#285,#286,#287,#288,#289,#290,#291,#292,
#293),.UNSPECIFIED.,.F.,.F.,(4,1,1,1,1,1,4),(0.E0,1.666666666667E-1,
3.333333333333E-1,5.E-1,6.666666666667E-1,8.333333333333E-1,1.E0),
.UNSPECIFIED.);
#299=CIRCLE('',#298,3.411316829108E1);
#304=CIRCLE('',#303,1.E0);
#309=CIRCLE('',#308,2.217867084976E1);
#314=CIRCLE('',#313,1.E0);
#319=CIRCLE('',#318,2.217867084976E1);
#324=CIRCLE('',#323,1.E0);
#329=CIRCLE('',#328,1.E0);
#334=CIRCLE('',#333,2.140441591950E1);
#343=CIRCLE('',#342,3.411316829108E1);
#353=B_SPLINE_CURVE_WITH_KNOTS('',3,(#344,#345,#346,#347,#348,#349,#350,#351,
#352),.UNSPECIFIED.,.F.,.F.,(4,1,1,1,1,1,4),(0.E0,1.666666666667E-1,
3.333333333333E-1,5.E-1,6.666666666667E-1,8.333333333333E-1,1.E0),
.UNSPECIFIED.);
#385=B_SPLINE_CURVE_WITH_KNOTS('',3,(#354,#355,#356,#357,#358,#359,#360,#361,
#362,#363,#364,#365,#366,#367,#368,#369,#370,#371,#372,#373,#374,#375,#376,#377,
#378,#379,#380,#381,#382,#383,#384),.UNSPECIFIED.,.F.,.F.,(4,1,1,1,1,1,1,1,1,1,
1,1,1,1,1,1,1,1,1,1,1,1,1,1,1,1,1,1,4),(0.E0,3.571428571429E-2,
7.142857142857E-2,1.071428571429E-1,1.428571428571E-1,1.785714285714E-1,
2.142857142857E-1,2.5E-1,2.857142857143E-1,3.214285714286E-1,3.571428571429E-1,
3.928571428571E-1,4.285714285714E-1,4.642857142857E-1,5.E-1,5.357142857143E-1,
5.714285714286E-1,6.071428571429E-1,6.428571428571E-1,6.785714285714E-1,
7.142857142857E-1,7.5E-1,7.857142857143E-1,8.214285714286E-1,8.571428571429E-1,
8.928571428571E-1,9.285714285714E-1,9.642857142857E-1,1.E0),.UNSPECIFIED.);
#395=B_SPLINE_CURVE_WITH_KNOTS('',3,(#386,#387,#388,#389,#390,#391,#392,#393,
#394),.UNSPECIFIED.,.F.,.F.,(4,1,1,1,1,1,4),(0.E0,1.666666666667E-1,
3.333333333333E-1,5.E-1,6.666666666667E-1,8.333333333333E-1,1.E0),
.UNSPECIFIED.);
#400=CIRCLE('',#399,3.411316829108E1);
#409=CIRCLE('',#408,4.000011159369E0);
#419=B_SPLINE_CURVE_WITH_KNOTS('',3,(#410,#411,#412,#413,#414,#415,#416,#417,
#418),.UNSPECIFIED.,.F.,.F.,(4,1,1,1,1,1,4),(0.E0,1.666666666667E-1,
3.333333333333E-1,5.E-1,6.666666666667E-1,8.333333333333E-1,1.E0),
.UNSPECIFIED.);
#424=CIRCLE('',#423,4.E0);
#429=CIRCLE('',#428,4.E0);
#434=CIRCLE('',#433,3.6E1);
#467=B_SPLINE_CURVE_WITH_KNOTS('',3,(#451,#452,#453,#454,#455,#456,#457,#458,
#459,#460,#461,#462,#463,#464,#465,#466),.UNSPECIFIED.,.F.,.F.,(4,1,1,1,1,1,1,1,
1,1,1,1,1,4),(0.E0,7.692307692308E-2,1.538461538462E-1,2.307692307692E-1,
3.076923076923E-1,3.846153846154E-1,4.615384615385E-1,5.384615384615E-1,
6.153846153846E-1,6.923076923077E-1,7.692307692308E-1,8.461538461538E-1,
9.230769230769E-1,1.E0),.UNSPECIFIED.);
#472=CIRCLE('',#471,3.6E1);
#481=CIRCLE('',#480,4.E0);
#491=B_SPLINE_CURVE_WITH_KNOTS('',3,(#482,#483,#484,#485,#486,#487,#488,#489,
#490),.UNSPECIFIED.,.F.,.F.,(4,1,1,1,1,1,4),(0.E0,1.666666666667E-1,
3.333333333333E-1,5.E-1,6.666666666667E-1,8.333333333333E-1,1.E0),
.UNSPECIFIED.);
#496=CIRCLE('',#495,4.E0);
#501=CIRCLE('',#500,4.E0);
#506=CIRCLE('',#505,4.E0);
#511=CIRCLE('',#510,3.999999998883E0);
#543=B_SPLINE_CURVE_WITH_KNOTS('',3,(#512,#513,#514,#515,#516,#517,#518,#519,
#520,#521,#522,#523,#524,#525,#526,#527,#528,#529,#530,#531,#532,#533,#534,#535,
#536,#537,#538,#539,#540,#541,#542),.UNSPECIFIED.,.F.,.F.,(4,1,1,1,1,1,1,1,1,1,
1,1,1,1,1,1,1,1,1,1,1,1,1,1,1,1,1,1,4),(0.E0,3.571428571429E-2,
7.142857142857E-2,1.071428571429E-1,1.428571428571E-1,1.785714285714E-1,
2.142857142857E-1,2.5E-1,2.857142857143E-1,3.214285714286E-1,3.571428571429E-1,
3.928571428571E-1,4.285714285714E-1,4.642857142857E-1,5.E-1,5.357142857143E-1,
5.714285714286E-1,6.071428571429E-1,6.428571428571E-1,6.785714285714E-1,
7.142857142857E-1,7.5E-1,7.857142857143E-1,8.214285714286E-1,8.571428571429E-1,
8.928571428571E-1,9.285714285714E-1,9.642857142857E-1,1.E0),.UNSPECIFIED.);
#553=B_SPLINE_CURVE_WITH_KNOTS('',3,(#544,#545,#546,#547,#548,#549,#550,#551,
#552),.UNSPECIFIED.,.F.,.F.,(4,1,1,1,1,1,4),(0.E0,1.666666666667E-1,
3.333333333333E-1,5.E-1,6.666666666667E-1,8.333333333333E-1,1.E0),
.UNSPECIFIED.);
#558=CIRCLE('',#557,4.E0);
#563=CIRCLE('',#562,4.000011159369E0);
#568=CIRCLE('',#567,3.999999998883E0);
#600=B_SPLINE_CURVE_WITH_KNOTS('',3,(#569,#570,#571,#572,#573,#574,#575,#576,
#577,#578,#579,#580,#581,#582,#583,#584,#585,#586,#587,#588,#589,#590,#591,#592,
#593,#594,#595,#596,#597,#598,#599),.UNSPECIFIED.,.F.,.F.,(4,1,1,1,1,1,1,1,1,1,
1,1,1,1,1,1,1,1,1,1,1,1,1,1,1,1,1,1,4),(0.E0,3.571428571429E-2,
7.142857142857E-2,1.071428571429E-1,1.428571428571E-1,1.785714285714E-1,
2.142857142857E-1,2.5E-1,2.857142857143E-1,3.214285714286E-1,3.571428571429E-1,
3.928571428571E-1,4.285714285714E-1,4.642857142857E-1,5.E-1,5.357142857143E-1,
5.714285714286E-1,6.071428571429E-1,6.428571428571E-1,6.785714285714E-1,
7.142857142857E-1,7.5E-1,7.857142857143E-1,8.214285714286E-1,8.571428571429E-1,
8.928571428571E-1,9.285714285714E-1,9.642857142857E-1,1.E0),.UNSPECIFIED.);
#605=CIRCLE('',#604,2.3E1);
#614=CIRCLE('',#613,2.3E1);
#623=CIRCLE('',#622,1.E0);
#628=CIRCLE('',#627,9.E0);
#633=CIRCLE('',#632,9.E0);
#638=CIRCLE('',#637,2.2E1);
#643=CIRCLE('',#642,2.2E1);
#671=B_SPLINE_CURVE_WITH_KNOTS('',3,(#652,#653,#654,#655,#656,#657,#658,#659,
#660,#661,#662,#663,#664,#665,#666,#667,#668,#669,#670),.UNSPECIFIED.,.F.,.F.,
(4,1,1,1,1,1,1,1,1,1,1,1,1,1,1,1,4),(0.E0,6.25E-2,1.25E-1,1.875E-1,2.5E-1,
3.125E-1,3.75E-1,4.375E-1,5.E-1,5.625E-1,6.25E-1,6.875E-1,7.5E-1,8.125E-1,
8.75E-1,9.375E-1,1.E0),.UNSPECIFIED.);
#691=B_SPLINE_CURVE_WITH_KNOTS('',3,(#672,#673,#674,#675,#676,#677,#678,#679,
#680,#681,#682,#683,#684,#685,#686,#687,#688,#689,#690),.UNSPECIFIED.,.F.,.F.,
(4,1,1,1,1,1,1,1,1,1,1,1,1,1,1,1,4),(0.E0,6.25E-2,1.25E-1,1.875E-1,2.5E-1,
3.125E-1,3.75E-1,4.375E-1,5.E-1,5.625E-1,6.25E-1,6.875E-1,7.5E-1,8.125E-1,
8.75E-1,9.375E-1,1.E0),.UNSPECIFIED.);
#696=CIRCLE('',#695,9.E0);
#701=CIRCLE('',#700,9.E0);
#706=CIRCLE('',#705,1.305145783580E1);
#711=CIRCLE('',#710,1.305145783580E1);
#716=CIRCLE('',#715,4.E0);
#721=CIRCLE('',#720,4.E0);
#726=CIRCLE('',#725,3.166371222880E1);
#735=CIRCLE('',#734,1.686316095586E1);
#744=CIRCLE('',#743,1.E0);
#749=CIRCLE('',#748,1.E0);
#754=CIRCLE('',#753,3.166371222880E1);
#759=CIRCLE('',#758,1.686316095586E1);
#778=B_SPLINE_CURVE_WITH_KNOTS('',3,(#760,#761,#762,#763,#764,#765,#766,#767,
#768,#769,#770,#771,#772,#773,#774,#775,#776,#777),.UNSPECIFIED.,.F.,.F.,(4,1,1,
1,1,1,1,1,1,1,1,1,1,1,1,4),(0.E0,6.666666666667E-2,1.333333333333E-1,2.E-1,
2.666666666667E-1,3.333333333333E-1,4.E-1,4.666666666667E-1,5.333333333333E-1,
6.E-1,6.666666666667E-1,7.333333333333E-1,8.E-1,8.666666666667E-1,
9.333333333333E-1,1.E0),.UNSPECIFIED.);
#797=B_SPLINE_CURVE_WITH_KNOTS('',3,(#779,#780,#781,#782,#783,#784,#785,#786,
#787,#788,#789,#790,#791,#792,#793,#794,#795,#796),.UNSPECIFIED.,.F.,.F.,(4,1,1,
1,1,1,1,1,1,1,1,1,1,1,1,4),(0.E0,6.666666666667E-2,1.333333333333E-1,2.E-1,
2.666666666667E-1,3.333333333333E-1,4.E-1,4.666666666667E-1,5.333333333333E-1,
6.E-1,6.666666666667E-1,7.333333333333E-1,8.E-1,8.666666666667E-1,
9.333333333333E-1,1.E0),.UNSPECIFIED.);
#802=CIRCLE('',#801,2.3E1);
#807=CIRCLE('',#806,2.3E1);
#820=CIRCLE('',#819,1.E0);
#960=EDGE_CURVE('',#823,#824,#4,.T.);
#962=EDGE_CURVE('',#824,#826,#9,.T.);
#964=EDGE_CURVE('',#826,#828,#13,.T.);
#966=EDGE_CURVE('',#828,#823,#18,.T.);
#970=EDGE_CURVE('',#831,#832,#22,.T.);
#972=EDGE_CURVE('',#836,#831,#27,.T.);
#974=EDGE_CURVE('',#834,#836,#31,.T.);
#976=EDGE_CURVE('',#832,#834,#36,.T.);
#980=EDGE_CURVE('',#839,#840,#41,.T.);
#982=EDGE_CURVE('',#844,#839,#45,.T.);
#984=EDGE_CURVE('',#842,#844,#50,.T.);
#986=EDGE_CURVE('',#840,#842,#54,.T.);
#990=EDGE_CURVE('',#949,#950,#59,.T.);
#992=EDGE_CURVE('',#950,#949,#64,.T.);
#1002=EDGE_CURVE('',#875,#876,#68,.T.);
#1004=EDGE_CURVE('',#876,#887,#85,.T.);
#1006=EDGE_CURVE('',#887,#888,#89,.T.);
#1008=EDGE_CURVE('',#824,#888,#476,.T.);
#1011=EDGE_CURVE('',#823,#875,#93,.T.);
#1021=EDGE_CURVE('',#920,#921,#103,.T.);
#1023=EDGE_CURVE('',#921,#876,#108,.T.);
#1026=EDGE_CURVE('',#880,#875,#113,.T.);
#1028=EDGE_CURVE('',#880,#920,#181,.T.);
#1079=EDGE_CURVE('',#920,#919,#118,.T.);
#1081=EDGE_CURVE('',#919,#922,#294,.T.);
#1083=EDGE_CURVE('',#921,#922,#568,.T.);
#1093=EDGE_CURVE('',#920,#914,#123,.T.);
#1095=EDGE_CURVE('',#914,#915,#128,.T.);
#1097=EDGE_CURVE('',#915,#917,#343,.T.);
#1099=EDGE_CURVE('',#917,#919,#299,.T.);
#1110=EDGE_CURVE('',#909,#925,#227,.T.);
#1112=EDGE_CURVE('',#892,#909,#168,.T.);
#1114=EDGE_CURVE('',#891,#892,#173,.T.);
#1116=EDGE_CURVE('',#925,#891,#177,.T.);
#1120=EDGE_CURVE('',#847,#848,#132,.T.);
#1122=EDGE_CURVE('',#848,#850,#137,.T.);
#1124=EDGE_CURVE('',#850,#852,#141,.T.);
#1126=EDGE_CURVE('',#852,#847,#146,.T.);
#1138=EDGE_CURVE('',#879,#880,#186,.T.);
#1140=EDGE_CURVE('',#914,#879,#190,.T.);
#1144=EDGE_CURVE('',#855,#856,#151,.T.);
#1146=EDGE_CURVE('',#856,#858,#155,.T.);
#1148=EDGE_CURVE('',#858,#860,#160,.T.);
#1150=EDGE_CURVE('',#860,#855,#164,.T.);
#1161=EDGE_CURVE('',#848,#832,#198,.T.);
#1164=EDGE_CURVE('',#847,#831,#194,.T.);
#1175=EDGE_CURVE('',#850,#834,#202,.T.);
#1188=EDGE_CURVE('',#852,#836,#206,.T.);
#1213=EDGE_CURVE('',#856,#840,#214,.T.);
#1216=EDGE_CURVE('',#855,#839,#210,.T.);
#1227=EDGE_CURVE('',#858,#842,#218,.T.);
#1240=EDGE_CURVE('',#860,#844,#222,.T.);
#1264=EDGE_CURVE('',#926,#907,#242,.T.);
#1266=EDGE_CURVE('',#907,#908,#400,.T.);
#1268=EDGE_CURVE('',#909,#908,#506,.T.);
#1271=EDGE_CURVE('',#925,#926,#232,.T.);
#1281=EDGE_CURVE('',#946,#945,#237,.T.);
#1283=EDGE_CURVE('',#907,#946,#404,.T.);
#1286=EDGE_CURVE('',#924,#926,#252,.T.);
#1288=EDGE_CURVE('',#922,#924,#284,.T.);
#1292=EDGE_CURVE('',#917,#945,#338,.T.);
#1302=EDGE_CURVE('',#942,#941,#309,.T.);
#1304=EDGE_CURVE('',#942,#946,#304,.T.);
#1307=EDGE_CURVE('',#941,#945,#329,.T.);
#1318=EDGE_CURVE('',#938,#941,#314,.T.);
#1320=EDGE_CURVE('',#938,#937,#807,.T.);
#1322=EDGE_CURVE('',#937,#942,#324,.T.);
#1332=EDGE_CURVE('',#941,#942,#319,.T.);
#1335=EDGE_CURVE('',#937,#938,#614,.T.);
#1348=EDGE_CURVE('',#945,#946,#334,.T.);
#1362=EDGE_CURVE('',#913,#915,#353,.T.);
#1364=EDGE_CURVE('',#911,#913,#385,.T.);
#1366=EDGE_CURVE('',#908,#911,#395,.T.);
#1418=EDGE_CURVE('',#912,#914,#419,.T.);
#1420=EDGE_CURVE('',#912,#913,#409,.T.);
#1434=EDGE_CURVE('',#879,#882,#429,.T.);
#1436=EDGE_CURVE('',#884,#882,#442,.T.);
#1438=EDGE_CURVE('',#912,#884,#424,.T.);
#1450=EDGE_CURVE('',#882,#875,#434,.T.);
#1464=EDGE_CURVE('',#828,#882,#438,.T.);
#1477=EDGE_CURVE('',#826,#894,#446,.T.);
#1479=EDGE_CURVE('',#894,#896,#450,.T.);
#1481=EDGE_CURVE('',#896,#884,#467,.T.);
#1491=EDGE_CURVE('',#888,#894,#472,.T.);
#1505=EDGE_CURVE('',#892,#894,#501,.T.);
#1508=EDGE_CURVE('',#891,#888,#481,.T.);
#1518=EDGE_CURVE('',#909,#910,#491,.T.);
#1520=EDGE_CURVE('',#910,#896,#496,.T.);
#1576=EDGE_CURVE('',#910,#911,#511,.T.);
#1714=EDGE_CURVE('',#910,#912,#543,.T.);
#1799=EDGE_CURVE('',#923,#925,#553,.T.);
#1804=EDGE_CURVE('',#923,#887,#558,.T.);
#1855=EDGE_CURVE('',#923,#924,#563,.T.);
#1995=EDGE_CURVE('',#921,#923,#600,.T.);
#2080=EDGE_CURVE('',#933,#934,#605,.T.);
#2082=EDGE_CURVE('',#938,#934,#609,.T.);
#2085=EDGE_CURVE('',#937,#933,#618,.T.);
#2095=EDGE_CURVE('',#929,#930,#638,.T.);
#2097=EDGE_CURVE('',#930,#934,#820,.T.);
#2100=EDGE_CURVE('',#929,#933,#623,.T.);
#2111=EDGE_CURVE('',#930,#929,#643,.T.);
#2115=EDGE_CURVE('',#863,#864,#628,.T.);
#2117=EDGE_CURVE('',#864,#863,#633,.T.);
#2128=EDGE_CURVE('',#867,#863,#651,.T.);
#2130=EDGE_CURVE('',#867,#868,#696,.T.);
#2132=EDGE_CURVE('',#868,#864,#647,.T.);
#2144=EDGE_CURVE('',#868,#867,#701,.T.);
#2149=EDGE_CURVE('',#871,#872,#671,.T.);
#2151=EDGE_CURVE('',#872,#871,#691,.T.);
#2161=EDGE_CURVE('',#899,#900,#706,.T.);
#2163=EDGE_CURVE('',#900,#899,#711,.T.);
#2178=EDGE_CURVE('',#899,#903,#716,.T.);
#2180=EDGE_CURVE('',#903,#904,#759,.T.);
#2182=EDGE_CURVE('',#900,#904,#721,.T.);
#2194=EDGE_CURVE('',#904,#903,#735,.T.);
#2205=EDGE_CURVE('',#953,#954,#726,.T.);
#2207=EDGE_CURVE('',#954,#903,#730,.T.);
#2210=EDGE_CURVE('',#953,#904,#739,.T.);
#2221=EDGE_CURVE('',#950,#954,#749,.T.);
#2224=EDGE_CURVE('',#949,#953,#744,.T.);
#2236=EDGE_CURVE('',#954,#953,#754,.T.);
#2259=EDGE_CURVE('',#869,#870,#778,.T.);
#2261=EDGE_CURVE('',#871,#869,#815,.T.);
#2264=EDGE_CURVE('',#872,#870,#811,.T.);
#2274=EDGE_CURVE('',#934,#933,#802,.T.);
#2282=EDGE_CURVE('',#870,#869,#797,.T.);
#2311=CLOSED_SHELL('',(#996,#1015,#1032,#1087,#1104,#1130,#1154,#1168,#1181,
#1194,#1206,#1220,#1233,#1246,#1258,#1275,#1296,#1311,#1326,#1340,#1353,#1372,
#1426,#1442,#1455,#1468,#1485,#1498,#1512,#1527,#1580,#1721,#1793,#1808,#1861,
#2002,#2074,#2089,#2104,#2121,#2136,#2155,#2171,#2186,#2199,#2214,#2228,#2241,
#2253,#2268,#2286,#2298,#2310));
#2317=CIRCLE('',#2316,1.E1);
#2322=CIRCLE('',#2321,1.E1);
#2327=CIRCLE('',#2326,1.E1);
#2336=CIRCLE('',#2335,1.E1);
#2354=EDGE_CURVE('',#2344,#2343,#2317,.T.);
#2356=EDGE_CURVE('',#2343,#2347,#2340,.T.);
#2358=EDGE_CURVE('',#2347,#2348,#2322,.T.);
#2360=EDGE_CURVE('',#2344,#2348,#2331,.T.);
#2370=EDGE_CURVE('',#2343,#2344,#2327,.T.);
#2373=EDGE_CURVE('',#2348,#2347,#2336,.T.);
#2379=OPEN_SHELL('',(#2364,#2378));
#2392=B_SPLINE_CURVE_WITH_KNOTS('',3,(#2381,#2382,#2383,#2384,#2385,#2386,#2387,
#2388,#2389,#2390,#2391),.UNSPECIFIED.,.F.,.F.,(4,1,1,1,1,1,1,1,4),(0.E0,
1.25E-1,2.5E-1,3.75E-1,5.E-1,6.25E-1,7.5E-1,8.75E-1,1.E0),.UNSPECIFIED.);
#2412=B_SPLINE_CURVE_WITH_KNOTS('',3,(#2393,#2394,#2395,#2396,#2397,#2398,#2399,
#2400,#2401,#2402,#2403,#2404,#2405,#2406,#2407,#2408,#2409,#2410,#2411),
.UNSPECIFIED.,.F.,.F.,(4,1,1,1,1,1,1,1,1,1,1,1,1,1,1,1,4),(0.E0,6.25E-2,1.25E-1,
1.875E-1,2.5E-1,3.125E-1,3.75E-1,4.375E-1,5.E-1,5.625E-1,6.25E-1,6.875E-1,
7.5E-1,8.125E-1,8.75E-1,9.375E-1,1.E0),.UNSPECIFIED.);
#2425=B_SPLINE_CURVE_WITH_KNOTS('',3,(#2413,#2414,#2415,#2416,#2417,#2418,#2419,
#2420,#2421,#2422,#2423,#2424),.UNSPECIFIED.,.F.,.F.,(4,1,1,1,1,1,1,1,1,4),
(0.E0,1.111111111111E-1,2.222222222222E-1,3.333333333333E-1,4.444444444444E-1,
5.555555555556E-1,6.666666666667E-1,7.777777777778E-1,8.888888888889E-1,1.E0),
.UNSPECIFIED.);
#2438=B_SPLINE_CURVE_WITH_KNOTS('',3,(#2426,#2427,#2428,#2429,#2430,#2431,#2432,
#2433,#2434,#2435,#2436,#2437),.UNSPECIFIED.,.F.,.F.,(4,1,1,1,1,1,1,1,1,4),
(0.E0,1.111111111111E-1,2.222222222222E-1,3.333333333333E-1,4.444444444444E-1,
5.555555555556E-1,6.666666666667E-1,7.777777777778E-1,8.888888888889E-1,1.E0),
.UNSPECIFIED.);
#2463=B_SPLINE_CURVE_WITH_KNOTS('',3,(#2443,#2444,#2445,#2446,#2447,#2448,#2449,
#2450,#2451,#2452,#2453,#2454,#2455,#2456,#2457,#2458,#2459,#2460,#2461,#2462),
.UNSPECIFIED.,.F.,.F.,(4,1,1,1,1,1,1,1,1,1,1,1,1,1,1,1,1,4),(0.E0,
5.882352941176E-2,1.176470588235E-1,1.764705882353E-1,2.352941176471E-1,
2.941176470588E-1,3.529411764706E-1,4.117647058824E-1,4.705882352941E-1,
5.294117647059E-1,5.882352941176E-1,6.470588235294E-1,7.058823529412E-1,
7.647058823529E-1,8.235294117647E-1,8.823529411765E-1,9.411764705882E-1,1.E0),
.UNSPECIFIED.);
#2479=B_SPLINE_CURVE_WITH_KNOTS('',3,(#2468,#2469,#2470,#2471,#2472,#2473,#2474,
#2475,#2476,#2477,#2478),.UNSPECIFIED.,.F.,.F.,(4,1,1,1,1,1,1,1,4),(0.E0,
1.25E-1,2.5E-1,3.75E-1,5.E-1,6.25E-1,7.5E-1,8.75E-1,1.E0),.UNSPECIFIED.);
#2491=EDGE_CURVE('',#2481,#2480,#2392,.T.);
#2493=EDGE_CURVE('',#2480,#2484,#2467,.T.);
#2495=EDGE_CURVE('',#2484,#2483,#2412,.T.);
#2497=EDGE_CURVE('',#2482,#2483,#2442,.T.);
#2499=EDGE_CURVE('',#2482,#2481,#2425,.T.);
#2509=EDGE_CURVE('',#2485,#2482,#2438,.T.);
#2512=EDGE_CURVE('',#2483,#2484,#2463,.T.);
#2515=EDGE_CURVE('',#2480,#2485,#2479,.T.);
#2520=OPEN_SHELL('',(#2503,#2519));
#2521=MANIFOLD_SOLID_BREP('',#2311);
#2522=SHELL_BASED_SURFACE_MODEL('',(#2379,#2520));
#2523=(LENGTH_UNIT()NAMED_UNIT(*)SI_UNIT(.MILLI.,.METRE.));
#2525=(NAMED_UNIT(*)PLANE_ANGLE_UNIT()SI_UNIT($,.RADIAN.));
#2528=(NAMED_UNIT(*)SI_UNIT($,.STERADIAN.)SOLID_ANGLE_UNIT());
#2531=ADVANCED_BREP_SHAPE_REPRESENTATION('',(#2521),#2530);
#2532=MANIFOLD_SURFACE_SHAPE_REPRESENTATION('',(#2522),#2530);
#2536=AXIS2_PLACEMENT_3D('',#2533,#2534,#2535);
#2537=SHAPE_REPRESENTATION('',(#2536),#2530);
#2546=PRODUCT_DEFINITION('design','',#2545,#2542);
#2547=PRODUCT_DEFINITION_SHAPE('','SHAPE FOR 01_BASE.',#2546);
#2548=SHAPE_DEFINITION_REPRESENTATION(#2547,#2537);
ENDSEC;
END-ISO-10303-21;
