ISO-10303-21;
HEADER;
FILE_DESCRIPTION((''),'2;1');
FILE_NAME('09_BEARINGBLOCK','2026-09-08T23:09:56',('acer'),(''),
'CREO PARAMETRIC BY PTC INC, 2025102','CREO PARAMETRIC BY PTC INC, 2025102','');
FILE_SCHEMA(('CONFIG_CONTROL_DESIGN'));
ENDSEC;
DATA;
#1=CARTESIAN_POINT('',(0.E0,-2.7E1,0.E0));
#2=DIRECTION('',(0.E0,-1.E0,0.E0));
#3=DIRECTION('',(1.E0,0.E0,0.E0));
#4=AXIS2_PLACEMENT_3D('',#1,#2,#3);
#6=CARTESIAN_POINT('',(0.E0,-2.7E1,0.E0));
#7=DIRECTION('',(0.E0,-1.E0,0.E0));
#8=DIRECTION('',(-1.E0,0.E0,0.E0));
#9=AXIS2_PLACEMENT_3D('',#6,#7,#8);
#11=CARTESIAN_POINT('',(0.E0,-2.7E1,0.E0));
#12=DIRECTION('',(0.E0,-1.E0,0.E0));
#13=DIRECTION('',(0.E0,0.E0,-1.E0));
#14=AXIS2_PLACEMENT_3D('',#11,#12,#13);
#16=CARTESIAN_POINT('',(0.E0,-2.4E1,-2.1E1));
#17=DIRECTION('',(1.E0,0.E0,0.E0));
#18=DIRECTION('',(0.E0,-1.E0,0.E0));
#19=AXIS2_PLACEMENT_3D('',#16,#17,#18);
#21=CARTESIAN_POINT('',(0.E0,-2.4E1,2.1E1));
#22=DIRECTION('',(-1.E0,0.E0,0.E0));
#23=DIRECTION('',(0.E0,-1.E0,0.E0));
#24=AXIS2_PLACEMENT_3D('',#21,#22,#23);
#26=CARTESIAN_POINT('',(0.E0,-2.7E1,0.E0));
#27=DIRECTION('',(0.E0,1.E0,0.E0));
#28=DIRECTION('',(0.E0,0.E0,-1.E0));
#29=AXIS2_PLACEMENT_3D('',#26,#27,#28);
#31=CARTESIAN_POINT('',(0.E0,-2.1E1,0.E0));
#32=DIRECTION('',(0.E0,1.E0,0.E0));
#33=DIRECTION('',(0.E0,0.E0,-1.E0));
#34=AXIS2_PLACEMENT_3D('',#31,#32,#33);
#36=CARTESIAN_POINT('',(0.E0,-2.1E1,0.E0));
#37=DIRECTION('',(0.E0,-1.E0,0.E0));
#38=DIRECTION('',(0.E0,0.E0,-1.E0));
#39=AXIS2_PLACEMENT_3D('',#36,#37,#38);
#41=CARTESIAN_POINT('',(0.E0,-2.1E1,0.E0));
#42=DIRECTION('',(0.E0,-1.E0,0.E0));
#43=DIRECTION('',(0.E0,0.E0,1.E0));
#44=AXIS2_PLACEMENT_3D('',#41,#42,#43);
#46=CARTESIAN_POINT('',(0.E0,-2.1E1,0.E0));
#47=DIRECTION('',(0.E0,-1.E0,0.E0));
#48=DIRECTION('',(0.E0,0.E0,-1.E0));
#49=AXIS2_PLACEMENT_3D('',#46,#47,#48);
#51=CARTESIAN_POINT('',(1.836253371579E-11,-2.05E1,2.05E1));
#52=DIRECTION('',(-1.E0,0.E0,8.957331404380E-13));
#53=DIRECTION('',(-8.957331404380E-13,0.E0,-1.E0));
#54=AXIS2_PLACEMENT_3D('',#51,#52,#53);
#56=CARTESIAN_POINT('',(-1.841423033017E1,-1.956455227581E-8,7.804878048211E0));
#57=CARTESIAN_POINT('',(-1.841423665385E1,4.834885208035E-1,7.804861233920E0));
#58=CARTESIAN_POINT('',(-1.845040889812E1,1.435912615973E0,7.720272520426E0));
#59=CARTESIAN_POINT('',(-1.860424061226E1,2.829094395005E0,7.346811257506E0));
#60=CARTESIAN_POINT('',(-1.884357108953E1,4.162229521219E0,6.717878510548E0));
#61=CARTESIAN_POINT('',(-1.913308849592E1,5.360372213695E0,5.853646189729E0));
#62=CARTESIAN_POINT('',(-1.942675524563E1,6.363068504164E0,4.800967589928E0));
#63=CARTESIAN_POINT('',(-1.968315090990E1,7.135209651012E0,3.618776594310E0));
#64=CARTESIAN_POINT('',(-1.987565779455E1,7.670569828764E0,2.351104244505E0));
#65=CARTESIAN_POINT('',(-1.998819659766E1,7.969360443240E0,1.032510046E0));
#66=CARTESIAN_POINT('',(-2.001294384725E1,8.033838128509E0,-3.133478644831E-1));
#67=CARTESIAN_POINT('',(-1.994506457073E1,7.855970974348E0,-1.674112603467E0));
#68=CARTESIAN_POINT('',(-1.978840571475E1,7.432429734345E0,-3.002147847356E0));
#69=CARTESIAN_POINT('',(-1.954752131925E1,6.737747114458E0,-4.291642990873E0));
#70=CARTESIAN_POINT('',(-1.926543511222E1,5.828973617586E0,-5.402001565986E0));
#71=CARTESIAN_POINT('',(-1.900858600397E1,4.863628337431E0,-6.233095361111E0));
#72=CARTESIAN_POINT('',(-1.880121356461E1,3.924821062533E0,-6.826933792668E0));
#73=CARTESIAN_POINT('',(-1.864152212805E1,3.017053793809E0,-7.248352640304E0));
#74=CARTESIAN_POINT('',(-1.852928187580E1,2.164973116562E0,-7.528871322281E0));
#75=CARTESIAN_POINT('',(-1.845827614683E1,1.376618822484E0,-7.700509624646E0));
#76=CARTESIAN_POINT('',(-1.842116469670E1,6.541500682808E-1,-7.788552366159E0));
#77=CARTESIAN_POINT('',(-1.841423078931E1,2.113095432892E-1,-7.804877098391E0));
#78=CARTESIAN_POINT('',(-1.841423033017E1,1.956358236882E-8,-7.804878048211E0));
#80=CARTESIAN_POINT('',(-1.841423033017E1,1.956358236882E-8,-7.804878048211E0));
#81=CARTESIAN_POINT('',(-1.841423665385E1,-4.835416565418E-1,
-7.804861230207E0));
#82=CARTESIAN_POINT('',(-1.845041645042E1,-1.436019433292E0,-7.720255207474E0));
#83=CARTESIAN_POINT('',(-1.860425013857E1,-2.829128703787E0,-7.346785382665E0));
#84=CARTESIAN_POINT('',(-1.884353107794E1,-4.162024644630E0,-6.717984931396E0));
#85=CARTESIAN_POINT('',(-1.913303254373E1,-5.360169537429E0,-5.853829187967E0));
#86=CARTESIAN_POINT('',(-1.942672692921E1,-6.362981800782E0,-4.801089218655E0));
#87=CARTESIAN_POINT('',(-1.968314321823E1,-7.135188415270E0,-3.618825925892E0));
#88=CARTESIAN_POINT('',(-1.987566222403E1,-7.670582280264E0,-2.351083571379E0));
#89=CARTESIAN_POINT('',(-1.998820713215E1,-7.969388097662E0,-1.032369077629E0));
#90=CARTESIAN_POINT('',(-2.001294246702E1,-8.033834630922E0,3.136413755590E-1));
#91=CARTESIAN_POINT('',(-1.994503238370E1,-7.855885887731E0,1.674517350486E0));
#92=CARTESIAN_POINT('',(-1.978833571095E1,-7.432237350372E0,3.002625418077E0));
#93=CARTESIAN_POINT('',(-1.954739634967E1,-6.737372245377E0,4.292213435587E0));
#94=CARTESIAN_POINT('',(-1.926530227474E1,-5.828512842049E0,5.402464032727E0));
#95=CARTESIAN_POINT('',(-1.900848952825E1,-4.863227377710E0,6.233383582766E0));
#96=CARTESIAN_POINT('',(-1.880114927798E1,-3.924492713430E0,6.827108531517E0));
#97=CARTESIAN_POINT('',(-1.864148255067E1,-3.016790926553E0,7.248453346233E0));
#98=CARTESIAN_POINT('',(-1.852926048994E1,-2.164773242297E0,7.528923540989E0));
#99=CARTESIAN_POINT('',(-1.845826703842E1,-1.376479596759E0,7.700531314607E0));
#100=CARTESIAN_POINT('',(-1.842116293371E1,-6.540738399717E-1,
7.788556510451E0));
#101=CARTESIAN_POINT('',(-1.841423078914E1,-2.112831754161E-1,
7.804877098781E0));
#102=CARTESIAN_POINT('',(-1.841423033017E1,-1.956455227581E-8,
7.804878048211E0));
#104=CARTESIAN_POINT('',(0.E0,-2.05E1,0.E0));
#105=DIRECTION('',(0.E0,-1.E0,0.E0));
#106=DIRECTION('',(0.E0,0.E0,1.E0));
#107=AXIS2_PLACEMENT_3D('',#104,#105,#106);
#109=DIRECTION('',(5.936467768876E-14,1.E0,0.E0));
#110=VECTOR('',#109,1.75E1);
#111=CARTESIAN_POINT('',(-1.031192560481E-12,-2.05E1,-2.E1));
#112=LINE('',#111,#110);
#113=CARTESIAN_POINT('',(-2.802654555457E0,0.E0,-1.980265455546E1));
#114=CARTESIAN_POINT('',(-2.802654555457E0,-2.248363434446E-1,
-1.980265455546E1));
#115=CARTESIAN_POINT('',(-2.755880617482E0,-6.502494521694E-1,
-1.980933825050E1));
#116=CARTESIAN_POINT('',(-2.579906246659E0,-1.216857288749E0,
-1.983331581442E1));
#117=CARTESIAN_POINT('',(-2.320958430483E0,-1.709171765325E0,
-1.986558684551E1));
#118=CARTESIAN_POINT('',(-1.991597281252E0,-2.133779230493E0,
-1.990177649789E1));
#119=CARTESIAN_POINT('',(-1.572504915384E0,-2.504784704254E0,
-1.993980190016E1));
#120=CARTESIAN_POINT('',(-1.082493563671E0,-2.789446609384E0,
-1.997309730982E1));
#121=CARTESIAN_POINT('',(-5.215582496096E-1,-2.967722688661E0,
-1.999573441728E1));
#122=CARTESIAN_POINT('',(-1.735536775474E-1,-3.E0,-2.E1));
#123=CARTESIAN_POINT('',(0.E0,-3.E0,-2.E1));
#125=CARTESIAN_POINT('',(1.301836959E-14,3.E0,-2.E1));
#126=CARTESIAN_POINT('',(-1.981872447426E-1,3.E0,-2.E1));
#127=CARTESIAN_POINT('',(-5.919813446411E-1,2.956669839473E0,
-1.999428274117E1));
#128=CARTESIAN_POINT('',(-1.199286846484E0,2.740232909022E0,-1.996693946407E1));
#129=CARTESIAN_POINT('',(-1.748295186706E0,2.375161380482E0,-1.992550958966E1));
#130=CARTESIAN_POINT('',(-2.190411410741E0,1.908232618413E0,-1.988099425418E1));
#131=CARTESIAN_POINT('',(-2.536179376704E0,1.336448282162E0,-1.983923351235E1));
#132=CARTESIAN_POINT('',(-2.755217928180E0,6.766104402671E-1,
-1.980946323474E1));
#133=CARTESIAN_POINT('',(-2.802654555457E0,2.295901703488E-1,
-1.980265455546E1));
#134=CARTESIAN_POINT('',(-2.802654555457E0,0.E0,-1.980265455546E1));
#136=DIRECTION('',(1.788737195751E-13,1.E0,0.E0));
#137=VECTOR('',#136,1.75E1);
#138=CARTESIAN_POINT('',(1.301836959E-14,3.E0,-2.E1));
#139=LINE('',#138,#137);
#140=CARTESIAN_POINT('',(0.E0,2.05E1,0.E0));
#141=DIRECTION('',(0.E0,-1.E0,0.E0));
#142=DIRECTION('',(0.E0,0.E0,1.E0));
#143=AXIS2_PLACEMENT_3D('',#140,#141,#142);
#145=DIRECTION('',(-1.018756556080E-13,1.E0,0.E0));
#146=VECTOR('',#145,4.1E1);
#147=CARTESIAN_POINT('',(1.030698198278E-12,-2.05E1,2.E1));
#148=LINE('',#147,#146);
#149=CARTESIAN_POINT('',(-1.887458608818E1,-6.466672410406E-8,
8.000000000002E0));
#150=DIRECTION('',(3.425878176593E-9,1.E0,8.083172110910E-9));
#151=DIRECTION('',(9.207115154412E-1,1.631610840232E-13,-3.902439049287E-1));
#152=AXIS2_PLACEMENT_3D('',#149,#150,#151);
#154=CARTESIAN_POINT('',(-1.887458608818E1,6.467523868360E-8,
-8.000000000002E0));
#155=DIRECTION('',(3.426330054052E-9,-1.E0,-8.084238402886E-9));
#156=DIRECTION('',(9.207115154410E-1,-1.632262529382E-13,3.902439049291E-1));
#157=AXIS2_PLACEMENT_3D('',#154,#155,#156);
#159=CARTESIAN_POINT('',(2.8E1,0.E0,0.E0));
#160=DIRECTION('',(1.E0,0.E0,0.E0));
#161=DIRECTION('',(0.E0,0.E0,1.E0));
#162=AXIS2_PLACEMENT_3D('',#159,#160,#161);
#164=CARTESIAN_POINT('',(1.887458608818E1,1.535683245419E-8,7.499999999997E0));
#165=CARTESIAN_POINT('',(1.887459347862E1,-4.636945906234E-1,7.499990273354E0));
#166=CARTESIAN_POINT('',(1.891425770051E1,-1.394786950983E0,7.413076213273E0));
#167=CARTESIAN_POINT('',(1.908286543211E1,-2.741992138532E0,7.028556106063E0));
#168=CARTESIAN_POINT('',(1.934343135324E1,-4.028044639403E0,6.381429605975E0));
#169=CARTESIAN_POINT('',(1.965403099857E1,-5.169923134826E0,5.496256551754E0));
#170=CARTESIAN_POINT('',(1.996210181031E1,-6.109033319068E0,4.425717888788E0));
#171=CARTESIAN_POINT('',(2.022301572449E1,-6.814151405015E0,3.231317644749E0));
#172=CARTESIAN_POINT('',(2.040934834448E1,-7.281658284546E0,1.956969176934E0));
#173=CARTESIAN_POINT('',(2.050518614116E1,-7.512506307138E0,6.374510758360E-1));
#174=CARTESIAN_POINT('',(2.050308553499E1,-7.507544548717E0,
-7.062962970329E-1));
#175=CARTESIAN_POINT('',(2.039921379463E1,-7.256922846916E0,-2.054338657259E0));
#176=CARTESIAN_POINT('',(2.020003527534E1,-6.755384824776E0,-3.361386888830E0));
#177=CARTESIAN_POINT('',(1.991851648230E1,-5.985375858672E0,-4.595470194604E0));
#178=CARTESIAN_POINT('',(1.961645808081E1,-5.038882271012E0,-5.605492900525E0));
#179=CARTESIAN_POINT('',(1.935951188515E1,-4.072448655632E0,-6.331520171264E0));
#180=CARTESIAN_POINT('',(1.916043129140E1,-3.134712635066E0,-6.838024939843E0));
#181=CARTESIAN_POINT('',(1.901921489063E1,-2.248637061242E0,-7.173482320707E0));
#182=CARTESIAN_POINT('',(1.892995920459E1,-1.429238217644E0,-7.376868905192E0));
#183=CARTESIAN_POINT('',(1.888331970330E1,-6.799334774637E-1,
-7.480732752830E0));
#184=CARTESIAN_POINT('',(1.887458682354E1,-2.186623231940E-1,
-7.499999301752E0));
#185=CARTESIAN_POINT('',(1.887458608818E1,-1.535637736918E-8,
-7.499999999997E0));
#187=DIRECTION('',(1.E0,-1.455196290193E-9,2.898493547170E-13));
#188=VECTOR('',#187,9.125413911822E0);
#189=CARTESIAN_POINT('',(1.887458608818E1,1.535683245419E-8,7.499999999997E0));
#190=LINE('',#189,#188);
#191=CARTESIAN_POINT('',(-2.8E1,0.E0,0.E0));
#192=DIRECTION('',(-1.E0,0.E0,0.E0));
#193=DIRECTION('',(0.E0,0.E0,-1.E0));
#194=AXIS2_PLACEMENT_3D('',#191,#192,#193);
#196=DIRECTION('',(1.E0,1.706503462448E-9,-3.079527731110E-13));
#197=VECTOR('',#196,9.125413911822E0);
#198=CARTESIAN_POINT('',(-2.8E1,-2.139448207595E-9,7.5E0));
#199=LINE('',#198,#197);
#200=CARTESIAN_POINT('',(-1.887458608818E1,-1.343255160516E-8,
-7.499999999997E0));
#201=CARTESIAN_POINT('',(-1.887459268655E1,-4.484845284782E-1,
-7.499991430946E0));
#202=CARTESIAN_POINT('',(-1.891167680769E1,-1.348512509481E0,
-7.418679214720E0));
#203=CARTESIAN_POINT('',(-1.906935640650E1,-2.651706803901E0,
-7.059802522830E0));
#204=CARTESIAN_POINT('',(-1.931461935101E1,-3.902059237168E0,
-6.455563392022E0));
#205=CARTESIAN_POINT('',(-1.961135835837E1,-5.025115765928E0,
-5.625164053101E0));
#206=CARTESIAN_POINT('',(-1.991239510217E1,-5.965307007053E0,
-4.613546652888E0));
#207=CARTESIAN_POINT('',(-2.017522179876E1,-6.689236039449E0,
-3.477465543029E0));
#208=CARTESIAN_POINT('',(-2.037255377961E1,-7.191171718391E0,
-2.259244368068E0));
#209=CARTESIAN_POINT('',(-2.048791231046E1,-7.471301118849E0,
-9.920421608838E-1));
#210=CARTESIAN_POINT('',(-2.051326602869E1,-7.531720026683E0,
3.013897594194E-1));
#211=CARTESIAN_POINT('',(-2.044365819329E1,-7.364893001683E0,1.609106516459E0));
#212=CARTESIAN_POINT('',(-2.028304410372E1,-6.967722528038E0,2.885335362685E0));
#213=CARTESIAN_POINT('',(-2.003608125841E1,-6.316286449850E0,4.124548848278E0));
#214=CARTESIAN_POINT('',(-1.974693483160E1,-5.464230898122E0,5.191430281372E0));
#215=CARTESIAN_POINT('',(-1.948370176647E1,-4.559275261989E0,5.989892036850E0));
#216=CARTESIAN_POINT('',(-1.927117800988E1,-3.679213428594E0,6.560424603436E0));
#217=CARTESIAN_POINT('',(-1.910751961463E1,-2.828235859243E0,6.965310641385E0));
#218=CARTESIAN_POINT('',(-1.899249200145E1,-2.029495942503E0,7.234824950281E0));
#219=CARTESIAN_POINT('',(-1.891972371714E1,-1.290371144966E0,7.399729365692E0));
#220=CARTESIAN_POINT('',(-1.888169199675E1,-6.134871051087E-1,
7.484315814399E0));
#221=CARTESIAN_POINT('',(-1.887458658106E1,-1.974469079678E-1,
7.499999533913E0));
#222=CARTESIAN_POINT('',(-1.887458608818E1,1.343310222920E-8,7.499999999997E0));
#224=CARTESIAN_POINT('',(2.8E1,7.270871127396E-10,7.E0));
#225=DIRECTION('',(0.E0,-1.E0,1.038695865430E-10));
#226=DIRECTION('',(1.E0,0.E0,0.E0));
#227=AXIS2_PLACEMENT_3D('',#224,#225,#226);
#229=CARTESIAN_POINT('',(2.85E1,0.E0,0.E0));
#230=DIRECTION('',(1.E0,0.E0,0.E0));
#231=DIRECTION('',(0.E0,1.E0,0.E0));
#232=AXIS2_PLACEMENT_3D('',#229,#230,#231);
#234=CARTESIAN_POINT('',(2.85E1,0.E0,0.E0));
#235=DIRECTION('',(1.E0,0.E0,0.E0));
#236=DIRECTION('',(0.E0,-1.E0,0.E0));
#237=AXIS2_PLACEMENT_3D('',#234,#235,#236);
#239=CARTESIAN_POINT('',(2.85E1,0.E0,0.E0));
#240=DIRECTION('',(1.E0,0.E0,0.E0));
#241=DIRECTION('',(0.E0,0.E0,1.E0));
#242=AXIS2_PLACEMENT_3D('',#239,#240,#241);
#244=CARTESIAN_POINT('',(2.85E1,0.E0,0.E0));
#245=DIRECTION('',(1.E0,0.E0,0.E0));
#246=DIRECTION('',(0.E0,0.E0,-1.E0));
#247=AXIS2_PLACEMENT_3D('',#244,#245,#246);
#249=DIRECTION('',(-8.660254037844E-1,5.E-1,0.E0));
#250=VECTOR('',#249,6.E0);
#251=CARTESIAN_POINT('',(2.85E1,-5.E0,0.E0));
#252=LINE('',#251,#250);
#253=DIRECTION('',(-8.660254037844E-1,-5.E-1,0.E0));
#254=VECTOR('',#253,6.E0);
#255=CARTESIAN_POINT('',(2.85E1,5.E0,0.E0));
#256=LINE('',#255,#254);
#257=DIRECTION('',(-1.E0,0.E0,0.E0));
#258=VECTOR('',#257,3.803847577293E0);
#259=CARTESIAN_POINT('',(2.330384757729E1,2.E0,0.E0));
#260=LINE('',#259,#258);
#261=CARTESIAN_POINT('',(2.330384757729E1,0.E0,0.E0));
#262=DIRECTION('',(-1.E0,0.E0,0.E0));
#263=DIRECTION('',(0.E0,1.E0,0.E0));
#264=AXIS2_PLACEMENT_3D('',#261,#262,#263);
#266=DIRECTION('',(-1.E0,0.E0,0.E0));
#267=VECTOR('',#266,3.803847577293E0);
#268=CARTESIAN_POINT('',(2.330384757729E1,-2.E0,0.E0));
#269=LINE('',#268,#267);
#270=CARTESIAN_POINT('',(2.330384757729E1,0.E0,0.E0));
#271=DIRECTION('',(1.E0,0.E0,0.E0));
#272=DIRECTION('',(0.E0,1.E0,0.E0));
#273=AXIS2_PLACEMENT_3D('',#270,#271,#272);
#275=CARTESIAN_POINT('',(1.95E1,0.E0,0.E0));
#276=DIRECTION('',(1.E0,0.E0,0.E0));
#277=DIRECTION('',(0.E0,1.E0,0.E0));
#278=AXIS2_PLACEMENT_3D('',#275,#276,#277);
#280=DIRECTION('',(-5.E-1,-8.660254037844E-1,0.E0));
#281=VECTOR('',#280,2.309401076759E0);
#282=CARTESIAN_POINT('',(1.95E1,2.E0,0.E0));
#283=LINE('',#282,#281);
#284=CARTESIAN_POINT('',(1.95E1,0.E0,0.E0));
#285=DIRECTION('',(-1.E0,0.E0,0.E0));
#286=DIRECTION('',(0.E0,1.E0,0.E0));
#287=AXIS2_PLACEMENT_3D('',#284,#285,#286);
#289=DIRECTION('',(-5.E-1,8.660254037844E-1,0.E0));
#290=VECTOR('',#289,2.309401076759E0);
#291=CARTESIAN_POINT('',(1.95E1,-2.E0,0.E0));
#292=LINE('',#291,#290);
#293=CARTESIAN_POINT('',(2.8E1,-7.270875013177E-10,-7.E0));
#294=DIRECTION('',(0.E0,1.E0,-1.038696420541E-10));
#295=DIRECTION('',(1.E0,0.E0,0.E0));
#296=AXIS2_PLACEMENT_3D('',#293,#294,#295);
#298=CARTESIAN_POINT('',(2.8E1,0.E0,0.E0));
#299=DIRECTION('',(1.E0,0.E0,0.E0));
#300=DIRECTION('',(0.E0,0.E0,-1.E0));
#301=AXIS2_PLACEMENT_3D('',#298,#299,#300);
#303=CARTESIAN_POINT('',(1.887458608818E1,-1.535637736918E-8,
-7.499999999997E0));
#304=CARTESIAN_POINT('',(1.887459347895E1,4.636410039742E-1,-7.499990276066E0));
#305=CARTESIAN_POINT('',(1.891424901950E1,1.394675511241E0,-7.413094846046E0));
#306=CARTESIAN_POINT('',(1.908285191186E1,2.741935661502E0,-7.028590001491E0));
#307=CARTESIAN_POINT('',(1.934346140364E1,4.028180989934E0,-6.381354002409E0));
#308=CARTESIAN_POINT('',(1.965406228066E1,5.170020248662E0,-5.496155054875E0));
#309=CARTESIAN_POINT('',(1.996210247173E1,6.109032626328E0,-4.425706931462E0));
#310=CARTESIAN_POINT('',(2.022300107234E1,6.814112754305E0,-3.231386228953E0));
#311=CARTESIAN_POINT('',(2.040932801502E1,7.281608334375E0,-1.957137876838E0));
#312=CARTESIAN_POINT('',(2.050517722947E1,7.512485173333E0,-6.376720140191E-1));
#313=CARTESIAN_POINT('',(2.050309436664E1,7.507565432155E0,7.060086759599E-1));
#314=CARTESIAN_POINT('',(2.039925689248E1,7.257028073671E0,2.053939437799E0));
#315=CARTESIAN_POINT('',(2.020012502259E1,6.755615846581E0,3.360900251545E0));
#316=CARTESIAN_POINT('',(1.991865950223E1,5.985787698677E0,4.594928151849E0));
#317=CARTESIAN_POINT('',(1.961659227044E1,5.039343169871E0,5.605090772993E0));
#318=CARTESIAN_POINT('',(1.935959932554E1,4.072820967933E0,6.331289859684E0));
#319=CARTESIAN_POINT('',(1.916048470249E1,3.135006038988E0,6.837895069261E0));
#320=CARTESIAN_POINT('',(1.901924346631E1,2.248858084143E0,7.173416430853E0));
#321=CARTESIAN_POINT('',(1.892997148974E1,1.429392775061E0,7.376841405110E0));
#322=CARTESIAN_POINT('',(1.888332216900E1,6.800203479839E-1,7.480727326038E0));
#323=CARTESIAN_POINT('',(1.887458682382E1,2.186922984227E-1,7.499999301438E0));
#324=CARTESIAN_POINT('',(1.887458608818E1,1.535683245419E-8,7.499999999997E0));
#326=DIRECTION('',(1.E0,1.455146420607E-9,-2.896546943041E-13));
#327=VECTOR('',#326,9.125413911822E0);
#328=CARTESIAN_POINT('',(1.887458608818E1,-1.535637736918E-8,
-7.499999999997E0));
#329=LINE('',#328,#327);
#330=CARTESIAN_POINT('',(-2.8E1,0.E0,0.E0));
#331=DIRECTION('',(-1.E0,0.E0,0.E0));
#332=DIRECTION('',(0.E0,0.E0,1.E0));
#333=AXIS2_PLACEMENT_3D('',#330,#331,#332);
#335=DIRECTION('',(1.E0,-1.706443095171E-9,3.081474335238E-13));
#336=VECTOR('',#335,9.125413911822E0);
#337=CARTESIAN_POINT('',(-2.8E1,2.139447955251E-9,-7.5E0));
#338=LINE('',#337,#336);
#339=CARTESIAN_POINT('',(-1.887458608818E1,1.343310222920E-8,7.499999999997E0));
#340=CARTESIAN_POINT('',(-1.887459268694E1,4.484339564813E-1,7.499991433171E0));
#341=CARTESIAN_POINT('',(-1.891166906640E1,1.348412719682E0,7.418695852008E0));
#342=CARTESIAN_POINT('',(-1.906934664209E1,2.651674545250E0,7.059827386769E0));
#343=CARTESIAN_POINT('',(-1.931466036288E1,3.902251334203E0,6.455461128283E0));
#344=CARTESIAN_POINT('',(-1.961141570936E1,5.025305768167E0,5.624988203220E0));
#345=CARTESIAN_POINT('',(-1.991242412650E1,5.965388293284E0,4.613429775285E0));
#346=CARTESIAN_POINT('',(-2.017522968273E1,6.689255947473E0,3.477418138461E0));
#347=CARTESIAN_POINT('',(-2.037254923939E1,7.191160045240E0,2.259264233650E0));
#348=CARTESIAN_POINT('',(-2.048790151261E1,7.471275192793E0,9.921776226772E-1));
#349=CARTESIAN_POINT('',(-2.051326744343E1,7.531723305680E0,
-3.011077136199E-1));
#350=CARTESIAN_POINT('',(-2.044369118500E1,7.364972770384E0,-1.608717579870E0));
#351=CARTESIAN_POINT('',(-2.028311585762E1,6.967902888015E0,-2.884876447070E0));
#352=CARTESIAN_POINT('',(-2.003620935223E1,6.316637889605E0,-4.124000686561E0));
#353=CARTESIAN_POINT('',(-1.974707099002E1,5.464662875218E0,-5.190985879738E0));
#354=CARTESIAN_POINT('',(-1.948380065408E1,4.559651161618E0,-5.989615073854E0));
#355=CARTESIAN_POINT('',(-1.927124390368E1,3.679521256290E0,-6.560256690323E0));
#356=CARTESIAN_POINT('',(-1.910756018145E1,2.828482295759E0,-6.965213869283E0));
#357=CARTESIAN_POINT('',(-1.899251392196E1,2.029683330359E0,-7.234774771360E0));
#358=CARTESIAN_POINT('',(-1.891973305326E1,1.290501647689E0,-7.399708523019E0));
#359=CARTESIAN_POINT('',(-1.888169380382E1,6.135586489893E-1,
-7.484311831910E0));
#360=CARTESIAN_POINT('',(-1.887458658124E1,1.974714558157E-1,
-7.499999533718E0));
#361=CARTESIAN_POINT('',(-1.887458608818E1,-1.343255160516E-8,
-7.499999999997E0));
#363=CARTESIAN_POINT('',(1.887458608818E1,-5.017642757973E-8,
-8.000000000002E0));
#364=DIRECTION('',(-2.658189448185E-9,1.E0,-6.271906559822E-9));
#365=DIRECTION('',(-9.207115156427E-1,1.476685677148E-13,3.902439044533E-1));
#366=AXIS2_PLACEMENT_3D('',#363,#364,#365);
#368=CARTESIAN_POINT('',(1.841423033016E1,-2.273477683538E-8,7.804878048226E0));
#369=CARTESIAN_POINT('',(1.841423739868E1,-5.003370386438E-1,7.804858990543E0));
#370=CARTESIAN_POINT('',(1.845293440760E1,-1.485113688969E0,7.714424922093E0));
#371=CARTESIAN_POINT('',(1.861742967227E1,-2.925504107078E0,7.314268657644E0));
#372=CARTESIAN_POINT('',(1.887164034934E1,-4.296390036870E0,6.640837611298E0));
#373=CARTESIAN_POINT('',(1.917466438759E1,-5.514635831813E0,5.719681535048E0));
#374=CARTESIAN_POINT('',(1.947522127869E1,-6.516288500169E0,4.605625141418E0));
#375=CARTESIAN_POINT('',(1.972977143844E1,-7.268431838031E0,3.362672014823E0));
#376=CARTESIAN_POINT('',(1.991155936049E1,-7.767101186293E0,2.036520771027E0));
#377=CARTESIAN_POINT('',(2.000505964991E1,-8.013340323824E0,6.633637207833E-1));
#378=CARTESIAN_POINT('',(2.000301027804E1,-8.008047451014E0,
-7.350075285071E-1));
#379=CARTESIAN_POINT('',(1.990167199476E1,-7.740717710973E0,-2.137848358812E0));
#380=CARTESIAN_POINT('',(1.970735148814E1,-7.205743850332E0,-3.498028632239E0));
#381=CARTESIAN_POINT('',(1.943269900713E1,-6.384400759373E0,-4.782277926214E0));
#382=CARTESIAN_POINT('',(1.913800788370E1,-5.374808344681E0,-5.833358465140E0));
#383=CARTESIAN_POINT('',(1.888732866851E1,-4.343943033475E0,-6.588899041681E0));
#384=CARTESIAN_POINT('',(1.869310369864E1,-3.343701685263E0,-7.115993427115E0));
#385=CARTESIAN_POINT('',(1.855533160169E1,-2.398515566418E0,-7.465087316300E0));
#386=CARTESIAN_POINT('',(1.846825287849E1,-1.524635086587E0,-7.676741538309E0));
#387=CARTESIAN_POINT('',(1.842275094513E1,-7.248357238036E-1,
-7.784827903402E0));
#388=CARTESIAN_POINT('',(1.841423101487E1,-2.341591190419E-1,
-7.804876625704E0));
#389=CARTESIAN_POINT('',(1.841423033016E1,2.273418005897E-8,-7.804878048226E0));
#391=CARTESIAN_POINT('',(1.841423033016E1,2.273418005897E-8,-7.804878048226E0));
#392=CARTESIAN_POINT('',(1.841423739856E1,5.002805316059E-1,-7.804858995127E0));
#393=CARTESIAN_POINT('',(1.845292593853E1,1.484994517291E0,-7.714444311478E0));
#394=CARTESIAN_POINT('',(1.861741648173E1,2.925443945999E0,-7.314303931155E0));
#395=CARTESIAN_POINT('',(1.887166966681E1,4.296535455708E0,-6.640758934358E0));
#396=CARTESIAN_POINT('',(1.917469490670E1,5.514739425727E0,-5.719575912296E0));
#397=CARTESIAN_POINT('',(1.947522192397E1,6.516287759686E0,-4.605613738668E0));
#398=CARTESIAN_POINT('',(1.972975714366E1,7.268390611025E0,-3.362743387004E0));
#399=CARTESIAN_POINT('',(1.991153952687E1,7.767047905999E0,-2.036696328650E0));
#400=CARTESIAN_POINT('',(2.000505095557E1,8.013317781129E0,-6.635936401934E-1));
#401=CARTESIAN_POINT('',(2.000301889428E1,8.008069726673E0,7.347082155206E-1));
#402=CARTESIAN_POINT('',(1.990171404144E1,7.740829952843E0,2.137432910919E0));
#403=CARTESIAN_POINT('',(1.970743904643E1,7.205990273601E0,3.497522212950E0));
#404=CARTESIAN_POINT('',(1.943283853876E1,6.384840055334E0,4.781713849200E0));
#405=CARTESIAN_POINT('',(1.913813880041E1,5.375299970301E0,5.832939990960E0));
#406=CARTESIAN_POINT('',(1.888741397621E1,4.344340165963E0,6.588659367842E0));
#407=CARTESIAN_POINT('',(1.869315580701E1,3.344014651808E0,7.115858277238E0));
#408=CARTESIAN_POINT('',(1.855535948041E1,2.398751315365E0,7.465018748006E0));
#409=CARTESIAN_POINT('',(1.846826486400E1,1.524799980726E0,7.676712920300E0));
#410=CARTESIAN_POINT('',(1.842275335069E1,7.249282629273E-1,7.784822256149E0));
#411=CARTESIAN_POINT('',(1.841423101514E1,2.341913571401E-1,7.804876625075E0));
#412=CARTESIAN_POINT('',(1.841423033016E1,-2.273477683538E-8,7.804878048226E0));
#414=CARTESIAN_POINT('',(0.E0,-2.05E1,0.E0));
#415=DIRECTION('',(0.E0,-1.E0,0.E0));
#416=DIRECTION('',(0.E0,0.E0,-1.E0));
#417=AXIS2_PLACEMENT_3D('',#414,#415,#416);
#419=CARTESIAN_POINT('',(0.E0,2.05E1,0.E0));
#420=DIRECTION('',(0.E0,-1.E0,0.E0));
#421=DIRECTION('',(0.E0,0.E0,-1.E0));
#422=AXIS2_PLACEMENT_3D('',#419,#420,#421);
#424=CARTESIAN_POINT('',(2.802654555457E0,0.E0,-1.980265455546E1));
#425=CARTESIAN_POINT('',(2.802654555457E0,2.247550934333E-1,-1.980265455546E1));
#426=CARTESIAN_POINT('',(2.755915867242E0,6.500350833277E-1,-1.980933322843E1));
#427=CARTESIAN_POINT('',(2.580020878053E0,1.216563401575E0,-1.983330049578E1));
#428=CARTESIAN_POINT('',(2.321180237789E0,1.708819039908E0,-1.986556056281E1));
#429=CARTESIAN_POINT('',(1.991911936262E0,2.133434848039E0,-1.990174391014E1));
#430=CARTESIAN_POINT('',(1.572861011889E0,2.504557108583E0,-1.993977611909E1));
#431=CARTESIAN_POINT('',(1.082588392016E0,2.789382534871E0,-1.997308946538E1));
#432=CARTESIAN_POINT('',(5.222789580715E-1,2.967560334700E0,-1.999571350398E1));
#433=CARTESIAN_POINT('',(1.738534125077E-1,3.E0,-2.E1));
#434=CARTESIAN_POINT('',(1.301836959E-14,3.E0,-2.E1));
#436=CARTESIAN_POINT('',(0.E0,-3.E0,-2.E1));
#437=CARTESIAN_POINT('',(1.982099106816E-1,-3.E0,-2.E1));
#438=CARTESIAN_POINT('',(5.920261388550E-1,-2.956655633669E0,
-1.999428081813E1));
#439=CARTESIAN_POINT('',(1.199212874001E0,-2.740255384494E0,-1.996694271956E1));
#440=CARTESIAN_POINT('',(1.748195876172E0,-2.375261976876E0,-1.992551936881E1));
#441=CARTESIAN_POINT('',(2.190492088250E0,-1.908136401267E0,-1.988098579950E1));
#442=CARTESIAN_POINT('',(2.536178272696E0,-1.336439860233E0,-1.983923324015E1));
#443=CARTESIAN_POINT('',(2.755240048087E0,-6.765263356701E-1,
-1.980946030743E1));
#444=CARTESIAN_POINT('',(2.802654555457E0,-2.295569275061E-1,
-1.980265455546E1));
#445=CARTESIAN_POINT('',(2.802654555457E0,0.E0,-1.980265455546E1));
#447=CARTESIAN_POINT('',(1.887458608818E1,5.018531131570E-8,8.000000000002E0));
#448=DIRECTION('',(-2.658660064E-9,-1.E0,6.273017083379E-9));
#449=DIRECTION('',(-9.207115156425E-1,-1.477422191883E-13,-3.902439044538E-1));
#450=AXIS2_PLACEMENT_3D('',#447,#448,#449);
#452=CARTESIAN_POINT('',(-1.836453211723E-11,-2.05E1,-2.05E1));
#453=DIRECTION('',(1.E0,0.E0,-8.958302849527E-13));
#454=DIRECTION('',(8.958302849527E-13,0.E0,1.E0));
#455=AXIS2_PLACEMENT_3D('',#452,#453,#454);
#457=CARTESIAN_POINT('',(-1.694408502395E-11,2.05E1,-2.05E1));
#458=DIRECTION('',(1.E0,0.E0,-8.265402251517E-13));
#459=DIRECTION('',(0.E0,1.E0,4.689582056017E-13));
#460=AXIS2_PLACEMENT_3D('',#457,#458,#459);
#462=CARTESIAN_POINT('',(0.E0,2.1E1,0.E0));
#463=DIRECTION('',(0.E0,-1.E0,0.E0));
#464=DIRECTION('',(0.E0,0.E0,1.E0));
#465=AXIS2_PLACEMENT_3D('',#462,#463,#464);
#467=CARTESIAN_POINT('',(0.E0,2.1E1,0.E0));
#468=DIRECTION('',(0.E0,-1.E0,0.E0));
#469=DIRECTION('',(0.E0,0.E0,-1.E0));
#470=AXIS2_PLACEMENT_3D('',#467,#468,#469);
#472=CARTESIAN_POINT('',(0.E0,2.1E1,0.E0));
#473=DIRECTION('',(0.E0,-1.E0,0.E0));
#474=DIRECTION('',(0.E0,0.E0,-1.E0));
#475=AXIS2_PLACEMENT_3D('',#472,#473,#474);
#477=CARTESIAN_POINT('',(0.E0,2.4E1,-2.1E1));
#478=DIRECTION('',(1.E0,0.E0,0.E0));
#479=DIRECTION('',(0.E0,-1.E0,0.E0));
#480=AXIS2_PLACEMENT_3D('',#477,#478,#479);
#482=CARTESIAN_POINT('',(0.E0,2.4E1,2.1E1));
#483=DIRECTION('',(-1.E0,0.E0,0.E0));
#484=DIRECTION('',(0.E0,-1.E0,0.E0));
#485=AXIS2_PLACEMENT_3D('',#482,#483,#484);
#487=CARTESIAN_POINT('',(0.E0,2.1E1,0.E0));
#488=DIRECTION('',(0.E0,1.E0,0.E0));
#489=DIRECTION('',(0.E0,0.E0,-1.E0));
#490=AXIS2_PLACEMENT_3D('',#487,#488,#489);
#492=CARTESIAN_POINT('',(0.E0,2.7E1,0.E0));
#493=DIRECTION('',(0.E0,1.E0,0.E0));
#494=DIRECTION('',(0.E0,0.E0,-1.E0));
#495=AXIS2_PLACEMENT_3D('',#492,#493,#494);
#497=CARTESIAN_POINT('',(0.E0,2.7E1,0.E0));
#498=DIRECTION('',(0.E0,-1.E0,0.E0));
#499=DIRECTION('',(0.E0,0.E0,-1.E0));
#500=AXIS2_PLACEMENT_3D('',#497,#498,#499);
#502=CARTESIAN_POINT('',(0.E0,2.7E1,0.E0));
#503=DIRECTION('',(0.E0,-1.E0,0.E0));
#504=DIRECTION('',(1.E0,0.E0,0.E0));
#505=AXIS2_PLACEMENT_3D('',#502,#503,#504);
#507=CARTESIAN_POINT('',(0.E0,2.7E1,0.E0));
#508=DIRECTION('',(0.E0,-1.E0,0.E0));
#509=DIRECTION('',(-1.E0,0.E0,0.E0));
#510=AXIS2_PLACEMENT_3D('',#507,#508,#509);
#512=DIRECTION('',(0.E0,-1.E0,0.E0));
#513=VECTOR('',#512,5.4E1);
#514=CARTESIAN_POINT('',(1.2E1,2.7E1,-1.138921523207E-14));
#515=LINE('',#514,#513);
#516=DIRECTION('',(0.E0,-1.E0,0.E0));
#517=VECTOR('',#516,5.4E1);
#518=CARTESIAN_POINT('',(-1.2E1,2.7E1,0.E0));
#519=LINE('',#518,#517);
#520=CARTESIAN_POINT('',(1.5E0,0.E0,-1.190588089979E1));
#521=CARTESIAN_POINT('',(1.5E0,-1.298864384813E-1,-1.190588089979E1));
#522=CARTESIAN_POINT('',(1.468753297737E0,-3.833925622421E-1,
-1.190991051011E1));
#523=CARTESIAN_POINT('',(1.308184862300E0,-7.720852722526E-1,
-1.192907756166E1));
#524=CARTESIAN_POINT('',(1.058153228442E0,-1.087640684857E0,-1.195441834585E1));
#525=CARTESIAN_POINT('',(7.355128370164E-1,-1.327772524071E0,
-1.197917132220E1));
#526=CARTESIAN_POINT('',(3.595117234437E-1,-1.474824564692E0,
-1.199678122212E1));
#527=CARTESIAN_POINT('',(-4.251266522150E-2,-1.516992254691E0,
-1.200215964607E1));
#528=CARTESIAN_POINT('',(-4.333907836386E-1,-1.453900158757E0,
-1.199416698612E1));
#529=CARTESIAN_POINT('',(-7.922499060433E-1,-1.293165225881E0,
-1.197535021081E1));
#530=CARTESIAN_POINT('',(-1.090804315757E0,-1.052887048531E0,
-1.195131048340E1));
#531=CARTESIAN_POINT('',(-1.323195048477E0,-7.424408017926E-1,
-1.192733584037E1));
#532=CARTESIAN_POINT('',(-1.469521309961E0,-3.737947838470E-1,
-1.190979207370E1));
#533=CARTESIAN_POINT('',(-1.5E0,-1.268820514132E-1,-1.190588089979E1));
#534=CARTESIAN_POINT('',(-1.5E0,0.E0,-1.190588089979E1));
#536=CARTESIAN_POINT('',(-1.5E0,0.E0,-1.190588089979E1));
#537=CARTESIAN_POINT('',(-1.5E0,1.298060624708E-1,-1.190588089979E1));
#538=CARTESIAN_POINT('',(-1.468782843488E0,3.831405228624E-1,
-1.190990642679E1));
#539=CARTESIAN_POINT('',(-1.308523933113E0,7.714201943709E-1,
-1.192903799819E1));
#540=CARTESIAN_POINT('',(-1.058987692005E0,1.086772188824E0,-1.195433995906E1));
#541=CARTESIAN_POINT('',(-7.369811332839E-1,1.326901246766E0,
-1.197907401901E1));
#542=CARTESIAN_POINT('',(-3.617120842611E-1,1.474239071158E0,
-1.199670788161E1));
#543=CARTESIAN_POINT('',(3.981992276227E-2,1.517036190638E0,-1.200216531283E1));
#544=CARTESIAN_POINT('',(4.305968938486E-1,1.454723532584E0,-1.199426934507E1));
#545=CARTESIAN_POINT('',(7.898849271597E-1,1.294644645542E0,-1.197551270395E1));
#546=CARTESIAN_POINT('',(1.089251997940E0,1.054566401695E0,-1.195145866578E1));
#547=CARTESIAN_POINT('',(1.322474461941E0,7.438689264138E-1,-1.192741977956E1));
#548=CARTESIAN_POINT('',(1.469407990224E0,3.745168826184E-1,-1.190980701831E1));
#549=CARTESIAN_POINT('',(1.5E0,1.271389878942E-1,-1.190588089979E1));
#550=CARTESIAN_POINT('',(1.5E0,0.E0,-1.190588089979E1));
#552=DIRECTION('',(0.E0,0.E0,-1.E0));
#553=VECTOR('',#552,6.594119100209E0);
#554=CARTESIAN_POINT('',(1.5E0,0.E0,-1.190588089979E1));
#555=LINE('',#554,#553);
#556=DIRECTION('',(0.E0,0.E0,-1.E0));
#557=VECTOR('',#556,6.594119100209E0);
#558=CARTESIAN_POINT('',(-1.5E0,0.E0,-1.190588089979E1));
#559=LINE('',#558,#557);
#560=DIRECTION('',(-7.071067811865E-1,0.E0,-7.071067811865E-1));
#561=VECTOR('',#560,1.842231739415E0);
#562=CARTESIAN_POINT('',(-1.5E0,0.E0,-1.85E1));
#563=LINE('',#562,#561);
#564=CARTESIAN_POINT('',(0.E0,0.E0,-1.85E1));
#565=DIRECTION('',(0.E0,0.E0,1.E0));
#566=DIRECTION('',(1.E0,0.E0,0.E0));
#567=AXIS2_PLACEMENT_3D('',#564,#565,#566);
#569=DIRECTION('',(7.071067811865E-1,0.E0,-7.071067811865E-1));
#570=VECTOR('',#569,1.842231739415E0);
#571=CARTESIAN_POINT('',(1.5E0,0.E0,-1.85E1));
#572=LINE('',#571,#570);
#573=CARTESIAN_POINT('',(0.E0,0.E0,-1.85E1));
#574=DIRECTION('',(0.E0,0.E0,-1.E0));
#575=DIRECTION('',(1.E0,0.E0,0.E0));
#576=AXIS2_PLACEMENT_3D('',#573,#574,#575);
#578=CARTESIAN_POINT('',(1.694133722197E-11,2.05E1,2.05E1));
#579=DIRECTION('',(-1.E0,0.E0,8.264057840823E-13));
#580=DIRECTION('',(0.E0,1.E0,-4.760636329593E-13));
#581=AXIS2_PLACEMENT_3D('',#578,#579,#580);
#583=CARTESIAN_POINT('',(-2.8E1,-1.295066415219E-9,7.E0));
#584=DIRECTION('',(0.E0,1.E0,1.850094868971E-10));
#585=DIRECTION('',(-1.E0,0.E0,-3.019806626980E-14));
#586=AXIS2_PLACEMENT_3D('',#583,#584,#585);
#588=CARTESIAN_POINT('',(-2.85E1,0.E0,0.E0));
#589=DIRECTION('',(1.E0,0.E0,0.E0));
#590=DIRECTION('',(0.E0,1.E0,0.E0));
#591=AXIS2_PLACEMENT_3D('',#588,#589,#590);
#593=CARTESIAN_POINT('',(-2.85E1,0.E0,0.E0));
#594=DIRECTION('',(1.E0,0.E0,0.E0));
#595=DIRECTION('',(0.E0,-1.E0,0.E0));
#596=AXIS2_PLACEMENT_3D('',#593,#594,#595);
#598=CARTESIAN_POINT('',(-2.85E1,0.E0,0.E0));
#599=DIRECTION('',(-1.E0,0.E0,0.E0));
#600=DIRECTION('',(0.E0,0.E0,1.E0));
#601=AXIS2_PLACEMENT_3D('',#598,#599,#600);
#603=CARTESIAN_POINT('',(-2.85E1,0.E0,0.E0));
#604=DIRECTION('',(-1.E0,0.E0,0.E0));
#605=DIRECTION('',(0.E0,0.E0,-1.E0));
#606=AXIS2_PLACEMENT_3D('',#603,#604,#605);
#608=DIRECTION('',(8.660254037844E-1,-5.E-1,0.E0));
#609=VECTOR('',#608,6.E0);
#610=CARTESIAN_POINT('',(-2.85E1,5.E0,0.E0));
#611=LINE('',#610,#609);
#612=DIRECTION('',(8.660254037844E-1,5.E-1,0.E0));
#613=VECTOR('',#612,6.E0);
#614=CARTESIAN_POINT('',(-2.85E1,-5.E0,0.E0));
#615=LINE('',#614,#613);
#616=DIRECTION('',(1.E0,0.E0,0.E0));
#617=VECTOR('',#616,3.803847577293E0);
#618=CARTESIAN_POINT('',(-2.330384757729E1,2.E0,0.E0));
#619=LINE('',#618,#617);
#620=DIRECTION('',(1.E0,0.E0,0.E0));
#621=VECTOR('',#620,3.803847577293E0);
#622=CARTESIAN_POINT('',(-2.330384757729E1,-2.E0,0.E0));
#623=LINE('',#622,#621);
#624=CARTESIAN_POINT('',(-2.330384757729E1,0.E0,0.E0));
#625=DIRECTION('',(-1.E0,0.E0,0.E0));
#626=DIRECTION('',(0.E0,1.E0,0.E0));
#627=AXIS2_PLACEMENT_3D('',#624,#625,#626);
#629=CARTESIAN_POINT('',(-2.330384757729E1,0.E0,0.E0));
#630=DIRECTION('',(1.E0,0.E0,0.E0));
#631=DIRECTION('',(0.E0,1.E0,0.E0));
#632=AXIS2_PLACEMENT_3D('',#629,#630,#631);
#634=CARTESIAN_POINT('',(-1.95E1,0.E0,0.E0));
#635=DIRECTION('',(1.E0,0.E0,0.E0));
#636=DIRECTION('',(0.E0,1.E0,0.E0));
#637=AXIS2_PLACEMENT_3D('',#634,#635,#636);
#639=DIRECTION('',(5.E-1,-8.660254037844E-1,0.E0));
#640=VECTOR('',#639,2.309401076759E0);
#641=CARTESIAN_POINT('',(-1.95E1,2.E0,0.E0));
#642=LINE('',#641,#640);
#643=DIRECTION('',(5.E-1,8.660254037844E-1,0.E0));
#644=VECTOR('',#643,2.309401076759E0);
#645=CARTESIAN_POINT('',(-1.95E1,-2.E0,0.E0));
#646=LINE('',#645,#644);
#647=CARTESIAN_POINT('',(-1.95E1,0.E0,0.E0));
#648=DIRECTION('',(-1.E0,0.E0,0.E0));
#649=DIRECTION('',(0.E0,1.E0,0.E0));
#650=AXIS2_PLACEMENT_3D('',#647,#648,#649);
#652=CARTESIAN_POINT('',(-2.8E1,1.295065499285E-9,-7.E0));
#653=DIRECTION('',(0.E0,-1.E0,-1.850093585276E-10));
#654=DIRECTION('',(-1.E0,0.E0,3.019806626980E-14));
#655=AXIS2_PLACEMENT_3D('',#652,#653,#654);
#657=CARTESIAN_POINT('',(0.E0,-2.7E1,-2.1E1));
#658=CARTESIAN_POINT('',(0.E0,-2.1E1,-2.1E1));
#659=VERTEX_POINT('',#657);
#660=VERTEX_POINT('',#658);
#661=CARTESIAN_POINT('',(0.E0,2.1E1,-2.1E1));
#662=CARTESIAN_POINT('',(0.E0,2.7E1,-2.1E1));
#663=VERTEX_POINT('',#661);
#664=VERTEX_POINT('',#662);
#665=CARTESIAN_POINT('',(0.E0,-2.7E1,2.1E1));
#666=CARTESIAN_POINT('',(0.E0,-2.1E1,2.1E1));
#667=VERTEX_POINT('',#665);
#668=VERTEX_POINT('',#666);
#669=CARTESIAN_POINT('',(0.E0,2.1E1,2.1E1));
#670=CARTESIAN_POINT('',(0.E0,2.7E1,2.1E1));
#671=VERTEX_POINT('',#669);
#672=VERTEX_POINT('',#670);
#673=CARTESIAN_POINT('',(1.2E1,-2.7E1,0.E0));
#674=CARTESIAN_POINT('',(-1.2E1,-2.7E1,0.E0));
#675=VERTEX_POINT('',#673);
#676=VERTEX_POINT('',#674);
#677=CARTESIAN_POINT('',(1.2E1,2.7E1,-1.138921523207E-14));
#678=CARTESIAN_POINT('',(-1.2E1,2.7E1,0.E0));
#679=VERTEX_POINT('',#677);
#680=VERTEX_POINT('',#678);
#681=CARTESIAN_POINT('',(2.330384757729E1,2.E0,0.E0));
#682=CARTESIAN_POINT('',(1.95E1,2.E0,0.E0));
#683=VERTEX_POINT('',#681);
#684=VERTEX_POINT('',#682);
#685=CARTESIAN_POINT('',(1.834529946162E1,0.E0,0.E0));
#686=VERTEX_POINT('',#685);
#687=CARTESIAN_POINT('',(2.330384757729E1,-2.E0,0.E0));
#688=CARTESIAN_POINT('',(1.95E1,-2.E0,0.E0));
#689=VERTEX_POINT('',#687);
#690=VERTEX_POINT('',#688);
#691=CARTESIAN_POINT('',(2.85E1,5.E0,0.E0));
#692=CARTESIAN_POINT('',(2.85E1,-5.E0,0.E0));
#693=VERTEX_POINT('',#691);
#694=VERTEX_POINT('',#692);
#695=CARTESIAN_POINT('',(-2.330384757729E1,2.E0,0.E0));
#696=CARTESIAN_POINT('',(-1.95E1,2.E0,0.E0));
#697=VERTEX_POINT('',#695);
#698=VERTEX_POINT('',#696);
#699=CARTESIAN_POINT('',(-1.834529946162E1,0.E0,0.E0));
#700=VERTEX_POINT('',#699);
#701=CARTESIAN_POINT('',(-2.330384757729E1,-2.E0,0.E0));
#702=CARTESIAN_POINT('',(-1.95E1,-2.E0,0.E0));
#703=VERTEX_POINT('',#701);
#704=VERTEX_POINT('',#702);
#705=CARTESIAN_POINT('',(-2.85E1,5.E0,0.E0));
#706=VERTEX_POINT('',#705);
#707=CARTESIAN_POINT('',(-2.85E1,-5.E0,0.E0));
#708=VERTEX_POINT('',#707);
#709=CARTESIAN_POINT('',(1.5E0,0.E0,-1.85E1));
#710=CARTESIAN_POINT('',(-1.5E0,0.E0,-1.85E1));
#711=VERTEX_POINT('',#709);
#712=VERTEX_POINT('',#710);
#713=VERTEX_POINT('',#436);
#714=VERTEX_POINT('',#445);
#715=VERTEX_POINT('',#434);
#716=VERTEX_POINT('',#113);
#717=VERTEX_POINT('',#520);
#718=VERTEX_POINT('',#534);
#719=VERTEX_POINT('',#368);
#720=VERTEX_POINT('',#389);
#721=VERTEX_POINT('',#164);
#722=VERTEX_POINT('',#185);
#723=VERTEX_POINT('',#56);
#724=VERTEX_POINT('',#78);
#725=VERTEX_POINT('',#339);
#726=VERTEX_POINT('',#361);
#727=CARTESIAN_POINT('',(0.E0,-2.05E1,2.E1));
#728=CARTESIAN_POINT('',(0.E0,-2.05E1,-2.E1));
#729=VERTEX_POINT('',#727);
#730=VERTEX_POINT('',#728);
#731=CARTESIAN_POINT('',(0.E0,-2.1E1,2.05E1));
#732=CARTESIAN_POINT('',(0.E0,-2.1E1,-2.05E1));
#733=VERTEX_POINT('',#731);
#734=VERTEX_POINT('',#732);
#735=CARTESIAN_POINT('',(0.E0,2.1E1,2.05E1));
#736=CARTESIAN_POINT('',(0.E0,2.1E1,-2.05E1));
#737=VERTEX_POINT('',#735);
#738=VERTEX_POINT('',#736);
#739=CARTESIAN_POINT('',(0.E0,2.05E1,2.E1));
#740=CARTESIAN_POINT('',(0.E0,2.05E1,-2.E1));
#741=VERTEX_POINT('',#739);
#742=VERTEX_POINT('',#740);
#743=CARTESIAN_POINT('',(2.85E1,0.E0,7.E0));
#744=CARTESIAN_POINT('',(2.85E1,0.E0,-7.E0));
#745=VERTEX_POINT('',#743);
#746=VERTEX_POINT('',#744);
#747=CARTESIAN_POINT('',(2.8E1,0.E0,7.5E0));
#748=CARTESIAN_POINT('',(2.8E1,0.E0,-7.5E0));
#749=VERTEX_POINT('',#747);
#750=VERTEX_POINT('',#748);
#751=CARTESIAN_POINT('',(-2.85E1,0.E0,7.E0));
#752=CARTESIAN_POINT('',(-2.85E1,0.E0,-7.E0));
#753=VERTEX_POINT('',#751);
#754=VERTEX_POINT('',#752);
#755=CARTESIAN_POINT('',(-2.8E1,0.E0,7.5E0));
#756=CARTESIAN_POINT('',(-2.8E1,0.E0,-7.5E0));
#757=VERTEX_POINT('',#755);
#758=VERTEX_POINT('',#756);
#759=CARTESIAN_POINT('',(0.E0,-2.7E1,0.E0));
#760=DIRECTION('',(0.E0,-1.E0,0.E0));
#761=DIRECTION('',(0.E0,0.E0,1.E0));
#762=AXIS2_PLACEMENT_3D('',#759,#760,#761);
#763=PLANE('',#762);
#765=ORIENTED_EDGE('',*,*,#764,.F.);
#767=ORIENTED_EDGE('',*,*,#766,.T.);
#768=EDGE_LOOP('',(#765,#767));
#769=FACE_OUTER_BOUND('',#768,.F.);
#771=ORIENTED_EDGE('',*,*,#770,.T.);
#773=ORIENTED_EDGE('',*,*,#772,.T.);
#774=EDGE_LOOP('',(#771,#773));
#775=FACE_BOUND('',#774,.F.);
#776=ADVANCED_FACE('',(#769,#775),#763,.T.);
#777=CARTESIAN_POINT('',(0.E0,-2.4E1,0.E0));
#778=DIRECTION('',(0.E0,-1.E0,0.E0));
#779=DIRECTION('',(0.E0,0.E0,1.E0));
#780=AXIS2_PLACEMENT_3D('',#777,#778,#779);
#781=TOROIDAL_SURFACE('',#780,2.1E1,3.E0);
#783=ORIENTED_EDGE('',*,*,#782,.F.);
#784=ORIENTED_EDGE('',*,*,#764,.T.);
#786=ORIENTED_EDGE('',*,*,#785,.T.);
#788=ORIENTED_EDGE('',*,*,#787,.F.);
#789=EDGE_LOOP('',(#783,#784,#786,#788));
#790=FACE_OUTER_BOUND('',#789,.F.);
#791=ADVANCED_FACE('',(#790),#781,.T.);
#792=CARTESIAN_POINT('',(0.E0,-2.4E1,0.E0));
#793=DIRECTION('',(0.E0,-1.E0,0.E0));
#794=DIRECTION('',(0.E0,0.E0,1.E0));
#795=AXIS2_PLACEMENT_3D('',#792,#793,#794);
#796=TOROIDAL_SURFACE('',#795,2.1E1,3.E0);
#797=ORIENTED_EDGE('',*,*,#782,.T.);
#799=ORIENTED_EDGE('',*,*,#798,.T.);
#800=ORIENTED_EDGE('',*,*,#785,.F.);
#801=ORIENTED_EDGE('',*,*,#766,.F.);
#802=EDGE_LOOP('',(#797,#799,#800,#801));
#803=FACE_OUTER_BOUND('',#802,.F.);
#804=ADVANCED_FACE('',(#803),#796,.T.);
#805=CARTESIAN_POINT('',(0.E0,-2.1E1,0.E0));
#806=DIRECTION('',(0.E0,-1.E0,0.E0));
#807=DIRECTION('',(0.E0,0.E0,1.E0));
#808=AXIS2_PLACEMENT_3D('',#805,#806,#807);
#809=PLANE('',#808);
#810=ORIENTED_EDGE('',*,*,#798,.F.);
#811=ORIENTED_EDGE('',*,*,#787,.T.);
#812=EDGE_LOOP('',(#810,#811));
#813=FACE_OUTER_BOUND('',#812,.F.);
#815=ORIENTED_EDGE('',*,*,#814,.F.);
#817=ORIENTED_EDGE('',*,*,#816,.F.);
#818=EDGE_LOOP('',(#815,#817));
#819=FACE_BOUND('',#818,.F.);
#820=ADVANCED_FACE('',(#813,#819),#809,.F.);
#821=CARTESIAN_POINT('',(0.E0,-2.05E1,0.E0));
#822=DIRECTION('',(0.E0,-1.E0,0.E0));
#823=DIRECTION('',(8.059112758497E-3,0.E0,9.999675248235E-1));
#824=AXIS2_PLACEMENT_3D('',#821,#822,#823);
#825=TOROIDAL_SURFACE('',#824,2.05E1,5.E-1);
#827=ORIENTED_EDGE('',*,*,#826,.F.);
#829=ORIENTED_EDGE('',*,*,#828,.T.);
#830=ORIENTED_EDGE('',*,*,#814,.T.);
#832=ORIENTED_EDGE('',*,*,#831,.F.);
#833=EDGE_LOOP('',(#827,#829,#830,#832));
#834=FACE_OUTER_BOUND('',#833,.F.);
#835=ADVANCED_FACE('',(#834),#825,.F.);
#836=CARTESIAN_POINT('',(0.E0,2.97E1,-1.041562102675E-14));
#837=DIRECTION('',(0.E0,-1.E0,0.E0));
#838=DIRECTION('',(0.E0,0.E0,1.E0));
#839=AXIS2_PLACEMENT_3D('',#836,#837,#838);
#840=CYLINDRICAL_SURFACE('',#839,2.E1);
#841=ORIENTED_EDGE('',*,*,#826,.T.);
#843=ORIENTED_EDGE('',*,*,#842,.T.);
#845=ORIENTED_EDGE('',*,*,#844,.F.);
#847=ORIENTED_EDGE('',*,*,#846,.F.);
#849=ORIENTED_EDGE('',*,*,#848,.T.);
#851=ORIENTED_EDGE('',*,*,#850,.F.);
#853=ORIENTED_EDGE('',*,*,#852,.F.);
#854=EDGE_LOOP('',(#841,#843,#845,#847,#849,#851,#853));
#855=FACE_OUTER_BOUND('',#854,.F.);
#857=ORIENTED_EDGE('',*,*,#856,.T.);
#859=ORIENTED_EDGE('',*,*,#858,.T.);
#860=EDGE_LOOP('',(#857,#859));
#861=FACE_BOUND('',#860,.F.);
#862=ADVANCED_FACE('',(#855,#861),#840,.T.);
#863=CARTESIAN_POINT('',(-1.839073480420E1,-2.641395599583E-1,
8.114625266586E0));
#864=CARTESIAN_POINT('',(-1.838953378789E1,-1.761669657061E-1,
8.117510948633E0));
#865=CARTESIAN_POINT('',(-1.838557844302E1,4.102911050995E-1,8.127096179323E0));
#866=CARTESIAN_POINT('',(-1.842718475422E1,1.501839589432E0,8.026001815391E0));
#867=CARTESIAN_POINT('',(-1.859112073018E1,2.954981795145E0,7.612427360211E0));
#868=CARTESIAN_POINT('',(-1.883894175961E1,4.308426616356E0,6.937395113149E0));
#869=CARTESIAN_POINT('',(-1.913417820343E1,5.507426213301E0,6.028472337739E0));
#870=CARTESIAN_POINT('',(-1.943199217267E1,6.502704193039E0,4.934887195837E0));
#871=CARTESIAN_POINT('',(-1.969258301252E1,7.267634042962E0,3.711897182466E0));
#872=CARTESIAN_POINT('',(-1.988819173956E1,7.795576477646E0,2.406792723842E0));
#873=CARTESIAN_POINT('',(-2.000261103377E1,8.089514279208E0,1.052395196609E0));
#874=CARTESIAN_POINT('',(-2.002722487077E1,8.151448705276E0,
-3.294863556407E-1));
#875=CARTESIAN_POINT('',(-1.995824552887E1,7.976789981902E0,-1.717968222260E0));
#876=CARTESIAN_POINT('',(-1.979763652017E1,7.555793013281E0,-3.087469287417E0));
#877=CARTESIAN_POINT('',(-1.956091160714E1,6.891614672709E0,-4.374887927006E0));
#878=CARTESIAN_POINT('',(-1.928662265057E1,6.033445884604E0,-5.491297811608E0));
#879=CARTESIAN_POINT('',(-1.902405393972E1,5.078332130420E0,-6.375091086556E0));
#880=CARTESIAN_POINT('',(-1.880416380206E1,4.113000516167E0,-7.029070806091E0));
#881=CARTESIAN_POINT('',(-1.863517500325E1,3.179896542631E0,-7.492261490046E0));
#882=CARTESIAN_POINT('',(-1.851499645548E1,2.296002175566E0,-7.804540425901E0));
#883=CARTESIAN_POINT('',(-1.843817010925E1,1.473032491581E0,-7.997644438142E0));
#884=CARTESIAN_POINT('',(-1.839736926723E1,7.147321452663E-1,
-8.098311098573E0));
#885=CARTESIAN_POINT('',(-1.838740723490E1,1.424338702281E-1,
-8.122698185499E0));
#886=CARTESIAN_POINT('',(-1.838952570394E1,-1.760982636430E-1,
-8.117513506354E0));
#887=CARTESIAN_POINT('',(-1.839070210931E1,-2.640632754888E-1,
-8.114645128718E0));
#888=CARTESIAN_POINT('',(-1.829091401750E1,-2.525473169579E-1,
7.707185153674E0));
#889=CARTESIAN_POINT('',(-1.828970554586E1,-1.684367632359E-1,
7.709961229088E0));
#890=CARTESIAN_POINT('',(-1.828572778368E1,3.922879154327E-1,7.719185018861E0));
#891=CARTESIAN_POINT('',(-1.832755854843E1,1.435930704456E0,7.621884155068E0));
#892=CARTESIAN_POINT('',(-1.849223469454E1,2.823252079756E0,7.224409594612E0));
#893=CARTESIAN_POINT('',(-1.874081314663E1,4.111996134162E0,6.577354931126E0));
#894=CARTESIAN_POINT('',(-1.903642573716E1,5.249883607332E0,5.708971708451E0));
#895=CARTESIAN_POINT('',(-1.933407345583E1,6.191081342118E0,4.667800767505E0));
#896=CARTESIAN_POINT('',(-1.959407550619E1,6.911998206522E0,3.507249368207E0));
#897=CARTESIAN_POINT('',(-1.978896197726E1,7.408124433265E0,2.272207225371E0));
#898=CARTESIAN_POINT('',(-1.990284149123E1,7.683773894431E0,9.930460990507E-1));
#899=CARTESIAN_POINT('',(-1.992732731025E1,7.741797840785E0,
-3.108714878708E-1));
#900=CARTESIAN_POINT('',(-1.985869640448E1,7.578117121815E0,-1.621396111642E0));
#901=CARTESIAN_POINT('',(-1.969877449961E1,7.182961800234E0,-2.915933988397E0));
#902=CARTESIAN_POINT('',(-1.946275602284E1,6.557917158081E0,-4.135931507749E0));
#903=CARTESIAN_POINT('',(-1.918884035336E1,5.747668523544E0,-5.197181173629E0));
#904=CARTESIAN_POINT('',(-1.892619422918E1,4.842910889847E0,-6.039956132582E0));
#905=CARTESIAN_POINT('',(-1.870591540774E1,3.925843236929E0,-6.665311213425E0));
#906=CARTESIAN_POINT('',(-1.853642092586E1,3.037324689092E0,-7.109232463014E0));
#907=CARTESIAN_POINT('',(-1.841576816300E1,2.194167159791E0,-7.409039436831E0));
#908=CARTESIAN_POINT('',(-1.833858709830E1,1.408155709720E0,-7.594654436360E0));
#909=CARTESIAN_POINT('',(-1.829758136669E1,6.833696869966E-1,
-7.691486842328E0));
#910=CARTESIAN_POINT('',(-1.828756747167E1,1.361839033803E-1,
-7.714952220178E0));
#911=CARTESIAN_POINT('',(-1.828969704301E1,-1.683710968811E-1,
-7.709963674171E0));
#912=CARTESIAN_POINT('',(-1.829087987064E1,-2.524742944477E-1,
-7.707204052026E0));
#913=CARTESIAN_POINT('',(-1.858759242649E1,-2.391449703948E-1,
7.410696080298E0));
#914=CARTESIAN_POINT('',(-1.858640611288E1,-1.594954108388E-1,
7.413287475878E0));
#915=CARTESIAN_POINT('',(-1.858249497745E1,3.714627533241E-1,7.421891907778E0));
#916=CARTESIAN_POINT('',(-1.862365864145E1,1.359723263344E0,7.331165063382E0));
#917=CARTESIAN_POINT('',(-1.878613492008E1,2.677910022539E0,6.959280318358E0));
#918=CARTESIAN_POINT('',(-1.903246222831E1,3.909888948858E0,6.350176367509E0));
#919=CARTESIAN_POINT('',(-1.932695686925E1,5.006010733043E0,5.526452162593E0));
#920=CARTESIAN_POINT('',(-1.962509870299E1,5.920066379054E0,4.530842314101E0));
#921=CARTESIAN_POINT('',(-1.988685070077E1,6.625623227682E0,3.412659352808E0));
#922=CARTESIAN_POINT('',(-2.008388379640E1,7.114380264900E0,2.215124024528E0));
#923=CARTESIAN_POINT('',(-2.019936759691E1,7.387216650188E0,9.692091990899E-1));
#924=CARTESIAN_POINT('',(-2.022423389951E1,7.444775918186E0,
-3.034842887930E-1));
#925=CARTESIAN_POINT('',(-2.015456740304E1,7.282517412348E0,-1.581784281060E0));
#926=CARTESIAN_POINT('',(-1.999260334966E1,6.892181939476E0,-2.840207295901E0));
#927=CARTESIAN_POINT('',(-1.975448526626E1,6.278412957128E0,-4.019406883029E0));
#928=CARTESIAN_POINT('',(-1.947946014631E1,5.488670256157E0,-5.037854737643E0));
#929=CARTESIAN_POINT('',(-1.921704410310E1,4.613421831417E0,-5.840797756982E0));
#930=CARTESIAN_POINT('',(-1.899792049279E1,3.732087525381E0,-6.432798458366E0));
#931=CARTESIAN_POINT('',(-1.882992895687E1,2.882752002460E0,-6.850840323049E0));
#932=CARTESIAN_POINT('',(-1.871068561368E1,2.080073653511E0,-7.132033367169E0));
#933=CARTESIAN_POINT('',(-1.863455881148E1,1.333931292730E0,-7.305636625308E0));
#934=CARTESIAN_POINT('',(-1.859416203436E1,6.470935275295E-1,
-7.396050395140E0));
#935=CARTESIAN_POINT('',(-1.858430228099E1,1.289546106385E-1,
-7.417944737519E0));
#936=CARTESIAN_POINT('',(-1.858639885507E1,-1.594331841523E-1,
-7.413289792055E0));
#937=CARTESIAN_POINT('',(-1.858756259504E1,-2.390760114977E-1,
-7.410714177678E0));
#938=CARTESIAN_POINT('',(-1.899517024214E1,-2.368343939311E-1,
7.510575570086E0));
#939=CARTESIAN_POINT('',(-1.899401436930E1,-1.579503712789E-1,
7.513084996117E0));
#940=CARTESIAN_POINT('',(-1.899019476593E1,3.678631238320E-1,7.521408382885E0));
#941=CARTESIAN_POINT('',(-1.903044196462E1,1.346578954864E0,7.433707545995E0));
#942=CARTESIAN_POINT('',(-1.918989605777E1,2.658870290762E0,7.072268301295E0));
#943=CARTESIAN_POINT('',(-1.943313073686E1,3.896665121901E0,6.474554642026E0));
#944=CARTESIAN_POINT('',(-1.972608953482E1,5.010573718802E0,5.656617567427E0));
#945=CARTESIAN_POINT('',(-2.002491018554E1,5.950553976098E0,4.655855961162E0));
#946=CARTESIAN_POINT('',(-2.028906626708E1,6.684190217921E0,3.519184953838E0));
#947=CARTESIAN_POINT('',(-2.048904840290E1,7.197119091918E0,2.290494710724E0));
#948=CARTESIAN_POINT('',(-2.060673617774E1,7.485325695326E0,1.003831274766E0));
#949=CARTESIAN_POINT('',(-2.063212518999E1,7.546313412576E0,
-3.144361033328E-1));
#950=CARTESIAN_POINT('',(-2.056103599548E1,7.374552224012E0,-1.637265368801E0));
#951=CARTESIAN_POINT('',(-2.039626643147E1,6.963374936491E0,-2.933188102283E0));
#952=CARTESIAN_POINT('',(-2.015526390126E1,6.322168973300E0,-4.137487393504E0));
#953=CARTESIAN_POINT('',(-1.987871461447E1,5.505777788686E0,-5.166695342432E0));
#954=CARTESIAN_POINT('',(-1.961661465728E1,4.610784390749E0,-5.969337326504E0));
#955=CARTESIAN_POINT('',(-1.939907807997E1,3.718253831499E0,-6.555362761723E0));
#956=CARTESIAN_POINT('',(-1.923315129637E1,2.864979087549E0,-6.965828283094E0));
#957=CARTESIAN_POINT('',(-1.911584421876E1,2.063554662219E0,-7.240184274754E0));
#958=CARTESIAN_POINT('',(-1.904116576601E1,1.321811955710E0,-7.408816259548E0));
#959=CARTESIAN_POINT('',(-1.900160557263E1,6.408251952842E-1,
-7.496405961811E0));
#960=CARTESIAN_POINT('',(-1.899195757959E1,1.277053271594E-1,
-7.517592311899E0));
#961=CARTESIAN_POINT('',(-1.899400882193E1,-1.578886769971E-1,
-7.513087291213E0));
#962=CARTESIAN_POINT('',(-1.899514633922E1,-2.367663884319E-1,
-7.510593800366E0));
#963=(BOUNDED_SURFACE()B_SPLINE_SURFACE(3,3,((#863,#864,#865,#866,#867,#868,
#869,#870,#871,#872,#873,#874,#875,#876,#877,#878,#879,#880,#881,#882,#883,#884,
#885,#886,#887),(#888,#889,#890,#891,#892,#893,#894,#895,#896,#897,#898,#899,
#900,#901,#902,#903,#904,#905,#906,#907,#908,#909,#910,#911,#912),(#913,#914,
#915,#916,#917,#918,#919,#920,#921,#922,#923,#924,#925,#926,#927,#928,#929,#930,
#931,#932,#933,#934,#935,#936,#937),(#938,#939,#940,#941,#942,#943,#944,#945,
#946,#947,#948,#949,#950,#951,#952,#953,#954,#955,#956,#957,#958,#959,#960,#961,
#962)),.UNSPECIFIED.,.F.,.F.,.F.)B_SPLINE_SURFACE_WITH_KNOTS((4,4),(4,1,1,1,1,1,
1,1,1,1,1,1,1,1,1,1,1,1,1,1,1,1,4),(0.E0,1.E0),(-1.005025842333E-2,0.E0,
5.687551751587E-2,1.142348190234E-1,1.730452724860E-1,2.324877671017E-1,
2.912807742502E-1,3.484946913252E-1,4.040639309771E-1,4.584608944502E-1,
5.125953738161E-1,5.675521995354E-1,6.239329580972E-1,6.824375658759E-1,
7.397161920179E-1,7.913275028919E-1,8.365337690228E-1,8.767514537717E-1,
9.126420479692E-1,9.447656460626E-1,9.736940473075E-1,1.E0,1.010048397849E0),
.UNSPECIFIED.)GEOMETRIC_REPRESENTATION_ITEM()RATIONAL_B_SPLINE_SURFACE(((
1.316940850497E0,1.316940850497E0,1.316940850497E0,1.316940850497E0,
1.316940850497E0,1.316940850497E0,1.316940850497E0,1.316940850497E0,
1.316940850497E0,1.316940850497E0,1.316940850497E0,1.316940850497E0,
1.316940850497E0,1.316940850497E0,1.316940850497E0,1.316940850497E0,
1.316940850497E0,1.316940850497E0,1.316940850497E0,1.316940850497E0,
1.316940850497E0,1.316940850497E0,1.316940850497E0,1.316940850497E0,
1.316940850497E0),(8.943530498345E-1,8.943530498345E-1,8.943530498345E-1,
8.943530498345E-1,8.943530498345E-1,8.943530498345E-1,8.943530498345E-1,
8.943530498345E-1,8.943530498345E-1,8.943530498345E-1,8.943530498345E-1,
8.943530498345E-1,8.943530498345E-1,8.943530498345E-1,8.943530498345E-1,
8.943530498345E-1,8.943530498345E-1,8.943530498345E-1,8.943530498345E-1,
8.943530498345E-1,8.943530498345E-1,8.943530498345E-1,8.943530498345E-1,
8.943530498345E-1,8.943530498345E-1),(8.943530498345E-1,8.943530498345E-1,
8.943530498345E-1,8.943530498345E-1,8.943530498345E-1,8.943530498345E-1,
8.943530498345E-1,8.943530498345E-1,8.943530498345E-1,8.943530498345E-1,
8.943530498345E-1,8.943530498345E-1,8.943530498345E-1,8.943530498345E-1,
8.943530498345E-1,8.943530498345E-1,8.943530498345E-1,8.943530498345E-1,
8.943530498345E-1,8.943530498345E-1,8.943530498345E-1,8.943530498345E-1,
8.943530498345E-1,8.943530498345E-1,8.943530498345E-1),(1.316940850497E0,
1.316940850497E0,1.316940850497E0,1.316940850497E0,1.316940850497E0,
1.316940850497E0,1.316940850497E0,1.316940850497E0,1.316940850497E0,
1.316940850497E0,1.316940850497E0,1.316940850497E0,1.316940850497E0,
1.316940850497E0,1.316940850497E0,1.316940850497E0,1.316940850497E0,
1.316940850497E0,1.316940850497E0,1.316940850497E0,1.316940850497E0,
1.316940850497E0,1.316940850497E0,1.316940850497E0,1.316940850497E0)))REPRESENTATION_ITEM('')SURFACE());
#964=ORIENTED_EDGE('',*,*,#856,.F.);
#966=ORIENTED_EDGE('',*,*,#965,.T.);
#968=ORIENTED_EDGE('',*,*,#967,.T.);
#970=ORIENTED_EDGE('',*,*,#969,.F.);
#971=EDGE_LOOP('',(#964,#966,#968,#970));
#972=FACE_OUTER_BOUND('',#971,.F.);
#973=ADVANCED_FACE('',(#972),#963,.F.);
#974=CARTESIAN_POINT('',(-1.839073484270E1,2.641395710240E-1,
-8.114625384752E0));
#975=CARTESIAN_POINT('',(-1.838953382082E1,1.761669774994E-1,
-8.117511070770E0));
#976=CARTESIAN_POINT('',(-1.838557826745E1,-4.103197050051E-1,
-8.127096779175E0));
#977=CARTESIAN_POINT('',(-1.842718718486E1,-1.501871049899E0,
-8.025996234400E0));
#978=CARTESIAN_POINT('',(-1.859111848203E1,-2.954944648413E0,
-7.612432338208E0));
#979=CARTESIAN_POINT('',(-1.883891547553E1,-4.308295386009E0,
-6.937467408832E0));
#980=CARTESIAN_POINT('',(-1.913413694497E1,-5.507277813112E0,
-6.028609837354E0));
#981=CARTESIAN_POINT('',(-1.943196265649E1,-6.502615173446E0,
-4.935014270223E0));
#982=CARTESIAN_POINT('',(-1.969257437727E1,-7.267611125884E0,
-3.711954371775E0));
#983=CARTESIAN_POINT('',(-1.988819835684E1,-7.795594362297E0,
-2.406755293992E0));
#984=CARTESIAN_POINT('',(-2.000262198627E1,-8.089542112277E0,
-1.052239331344E0));
#985=CARTESIAN_POINT('',(-2.002722327921E1,-8.151444773999E0,
3.297738629496E-1));
#986=CARTESIAN_POINT('',(-1.995821390185E1,-7.976709425024E0,1.718376188074E0));
#987=CARTESIAN_POINT('',(-1.979756294926E1,-7.555596128842E0,3.087970844588E0));
#988=CARTESIAN_POINT('',(-1.956079981991E1,-6.891288096926E0,4.375408900470E0));
#989=CARTESIAN_POINT('',(-1.928649978077E1,-6.033033919528E0,5.491744567023E0));
#990=CARTESIAN_POINT('',(-1.902395206990E1,-5.077923683050E0,6.375408313357E0));
#991=CARTESIAN_POINT('',(-1.880409373061E1,-4.112652726778E0,7.029268663632E0));
#992=CARTESIAN_POINT('',(-1.863513186213E1,-3.179618405976E0,7.492375810137E0));
#993=CARTESIAN_POINT('',(-1.851497309792E1,-2.295790761006E0,7.804599913924E0));
#994=CARTESIAN_POINT('',(-1.843816028214E1,-1.472887332714E0,7.997668970418E0));
#995=CARTESIAN_POINT('',(-1.839736749241E1,-7.146572682822E-1,
8.098315630823E0));
#996=CARTESIAN_POINT('',(-1.838740743808E1,-1.424080318280E-1,
8.122697887120E0));
#997=CARTESIAN_POINT('',(-1.838952573369E1,1.760982766701E-1,8.117513629424E0));
#998=CARTESIAN_POINT('',(-1.839070213754E1,2.640632980200E-1,8.114645252516E0));
#999=CARTESIAN_POINT('',(-1.829091393480E1,2.525473278964E-1,
-7.707185222674E0));
#1000=CARTESIAN_POINT('',(-1.828970545737E1,1.684367747112E-1,
-7.709961301884E0));
#1001=CARTESIAN_POINT('',(-1.828572748499E1,-3.923152610410E-1,
-7.719185551614E0));
#1002=CARTESIAN_POINT('',(-1.832756087174E1,-1.435960781678E0,
-7.621878733352E0));
#1003=CARTESIAN_POINT('',(-1.849223230846E1,-2.823216546304E0,
-7.224414362793E0));
#1004=CARTESIAN_POINT('',(-1.874078666902E1,-4.111871261033E0,
-6.577424159938E0));
#1005=CARTESIAN_POINT('',(-1.903638434735E1,-5.249743039596E0,
-5.709102797773E0));
#1006=CARTESIAN_POINT('',(-1.933404387408E1,-6.190997354608E0,
-4.667921425895E0));
#1007=CARTESIAN_POINT('',(-1.959406678479E1,-6.911976653340E0,
-3.507303446628E0));
#1008=CARTESIAN_POINT('',(-1.978896844960E1,-7.408141204062E0,
-2.272171754447E0));
#1009=CARTESIAN_POINT('',(-1.990285226762E1,-7.683799939554E0,
-9.928989363759E-1));
#1010=CARTESIAN_POINT('',(-1.992732560576E1,-7.741794116833E0,
3.111427400749E-1));
#1011=CARTESIAN_POINT('',(-1.985866481118E1,-7.578041565437E0,
1.621781315035E0));
#1012=CARTESIAN_POINT('',(-1.969870109086E1,-7.182776806152E0,
2.916408508893E0));
#1013=CARTESIAN_POINT('',(-1.946264437258E1,-6.557609383199E0,
4.136425859802E0));
#1014=CARTESIAN_POINT('',(-1.918871742505E1,-5.747278891615E0,
5.197606536816E0));
#1015=CARTESIAN_POINT('',(-1.892609212221E1,-4.842523331898E0,
6.040259088279E0));
#1016=CARTESIAN_POINT('',(-1.870584504007E1,-3.925512372873E0,
6.665500628744E0));
#1017=CARTESIAN_POINT('',(-1.853637750895E1,-3.037059551075E0,
7.109342102336E0));
#1018=CARTESIAN_POINT('',(-1.841574458153E1,-2.193965326688E0,
7.409096550053E0));
#1019=CARTESIAN_POINT('',(-1.833857710124E1,-1.408016994988E0,
7.594677985274E0));
#1020=CARTESIAN_POINT('',(-1.829757946088E1,-6.832980962848E-1,
7.691491158785E0));
#1021=CARTESIAN_POINT('',(-1.828756755420E1,-1.361591988791E-1,
7.714951888358E0));
#1022=CARTESIAN_POINT('',(-1.828969695117E1,1.683711094851E-1,
7.709963747854E0));
#1023=CARTESIAN_POINT('',(-1.829087977722E1,2.524743162061E-1,
7.707204126375E0));
#1024=CARTESIAN_POINT('',(-1.858759235947E1,2.391449774958E-1,
-7.410696057587E0));
#1025=CARTESIAN_POINT('',(-1.858640604074E1,1.594954196221E-1,
-7.413287456773E0));
#1026=CARTESIAN_POINT('',(-1.858249470005E1,-3.714886420169E-1,
-7.421892317223E0));
#1027=CARTESIAN_POINT('',(-1.862366093990E1,-1.359751735944E0,
-7.331159932357E0));
#1028=CARTESIAN_POINT('',(-1.878613260263E1,-2.677876380044E0,
-6.959284629199E0));
#1029=CARTESIAN_POINT('',(-1.903243598719E1,-3.909769335607E0,
-6.350241507610E0));
#1030=CARTESIAN_POINT('',(-1.932691553244E1,-5.005874646379E0,
-5.526576946755E0));
#1031=CARTESIAN_POINT('',(-1.962506897817E1,-5.919984264810E0,
-4.530958256220E0));
#1032=CARTESIAN_POINT('',(-1.988684189541E1,-6.625601887390E0,
-3.412711756219E0));
#1033=CARTESIAN_POINT('',(-2.008389035702E1,-7.114396698169E0,
-2.215089658760E0));
#1034=CARTESIAN_POINT('',(-2.019937855237E1,-7.387242372205E0,
-9.690657252074E-1));
#1035=CARTESIAN_POINT('',(-2.022423218586E1,-7.444772129477E0,
3.037491098507E-1));
#1036=CARTESIAN_POINT('',(-2.015453536593E1,-7.282442475580E0,
1.582159633915E0));
#1037=CARTESIAN_POINT('',(-1.999252911773E1,-6.891999479045E0,
2.840667547479E0));
#1038=CARTESIAN_POINT('',(-1.975437287015E1,-6.278111586525E0,
4.019883099534E0));
#1039=CARTESIAN_POINT('',(-1.947933705438E1,-5.488291874200E0,
5.038261278876E0));
#1040=CARTESIAN_POINT('',(-1.921694236322E1,-4.613048267370E0,
5.841085223806E0));
#1041=CARTESIAN_POINT('',(-1.899785066641E1,-3.731770523027E0,
6.432977110253E0));
#1042=CARTESIAN_POINT('',(-1.882988601880E1,-2.882499161946E0,
6.850943221571E0));
#1043=CARTESIAN_POINT('',(-1.871066235520E1,-2.079881842956E0,
7.132086746997E0));
#1044=CARTESIAN_POINT('',(-1.863454897581E1,-1.333799763805E0,
7.305658535133E0));
#1045=CARTESIAN_POINT('',(-1.859416017346E1,-6.470257290138E-1,
7.396054335013E0));
#1046=CARTESIAN_POINT('',(-1.858430237749E1,-1.289312159867E-1,
7.417944340891E0));
#1047=CARTESIAN_POINT('',(-1.858639878005E1,1.594331941168E-1,
7.413289773800E0));
#1048=CARTESIAN_POINT('',(-1.858756251865E1,2.390760291571E-1,
7.410714160111E0));
#1049=CARTESIAN_POINT('',(-1.899517024831E1,2.368344000819E-1,
-7.510575565638E0));
#1050=CARTESIAN_POINT('',(-1.899401437129E1,1.579503795249E-1,
-7.513084995293E0));
#1051=CARTESIAN_POINT('',(-1.899019456946E1,-3.678887600140E-1,
-7.521408795924E0));
#1052=CARTESIAN_POINT('',(-1.903044428046E1,-1.346607162679E0,
-7.433702620222E0));
#1053=CARTESIAN_POINT('',(-1.918989388577E1,-2.658837028044E0,
-7.072272404971E0));
#1054=CARTESIAN_POINT('',(-1.943310487140E1,-3.896544651510E0,
-6.474618656824E0));
#1055=CARTESIAN_POINT('',(-1.972604832138E1,-5.010434500922E0,
-5.656742260814E0));
#1056=CARTESIAN_POINT('',(-2.002488031483E1,-5.950468831701E0,
-4.655973456563E0));
#1057=CARTESIAN_POINT('',(-2.028905739734E1,-6.684167796614E0,
-3.519238751073E0));
#1058=CARTESIAN_POINT('',(-2.048905513612E1,-7.197136352548E0,
-2.290459544824E0));
#1059=CARTESIAN_POINT('',(-2.060674743083E1,-7.485352934364E0,
-1.003682929996E0));
#1060=CARTESIAN_POINT('',(-2.063212351545E1,-7.546309413715E0,
3.147105097974E-1));
#1061=CARTESIAN_POINT('',(-2.056100340015E1,-7.374472993531E0,
1.637653274283E0));
#1062=CARTESIAN_POINT('',(-2.039619111979E1,-6.963183276960E0,
2.933660605196E0));
#1063=CARTESIAN_POINT('',(-2.015515053130E1,-6.321855505775E0,
4.137971443901E0));
#1064=CARTESIAN_POINT('',(-1.987859134833E1,-5.505388799760E0,
5.167103785607E0));
#1065=CARTESIAN_POINT('',(-1.961651347235E1,-4.610404503459E0,
5.969623040322E0));
#1066=CARTESIAN_POINT('',(-1.939900904806E1,-3.717934325114E0,
6.555538740845E0));
#1067=CARTESIAN_POINT('',(-1.923310906723E1,-2.864726038600E0,
6.965928925849E0));
#1068=CARTESIAN_POINT('',(-1.911582145535E1,-2.063363691734E0,
7.240236216588E0));
#1069=CARTESIAN_POINT('',(-1.904115620357E1,-1.321681452871E0,
7.408837515053E0));
#1070=CARTESIAN_POINT('',(-1.900160382508E1,-6.407580521593E-1,
7.496409790834E0));
#1071=CARTESIAN_POINT('',(-1.899195774695E1,-1.276821589366E-1,
7.517591945829E0));
#1072=CARTESIAN_POINT('',(-1.899400882166E1,1.578886865830E-1,
7.513087291247E0));
#1073=CARTESIAN_POINT('',(-1.899514633786E1,2.367664055146E-1,
7.510593801131E0));
#1074=(BOUNDED_SURFACE()B_SPLINE_SURFACE(3,3,((#974,#975,#976,#977,#978,#979,
#980,#981,#982,#983,#984,#985,#986,#987,#988,#989,#990,#991,#992,#993,#994,#995,
#996,#997,#998),(#999,#1000,#1001,#1002,#1003,#1004,#1005,#1006,#1007,#1008,
#1009,#1010,#1011,#1012,#1013,#1014,#1015,#1016,#1017,#1018,#1019,#1020,#1021,
#1022,#1023),(#1024,#1025,#1026,#1027,#1028,#1029,#1030,#1031,#1032,#1033,#1034,
#1035,#1036,#1037,#1038,#1039,#1040,#1041,#1042,#1043,#1044,#1045,#1046,#1047,
#1048),(#1049,#1050,#1051,#1052,#1053,#1054,#1055,#1056,#1057,#1058,#1059,#1060,
#1061,#1062,#1063,#1064,#1065,#1066,#1067,#1068,#1069,#1070,#1071,#1072,#1073)),
.UNSPECIFIED.,.F.,.F.,.F.)B_SPLINE_SURFACE_WITH_KNOTS((4,4),(4,1,1,1,1,1,1,1,1,
1,1,1,1,1,1,1,1,1,1,1,1,1,4),(0.E0,1.E0),(-1.005025942372E-2,0.E0,
5.687878522839E-2,1.142351020682E-1,1.730375840912E-1,2.324779039098E-1,
2.912745805712E-1,3.484924308455E-1,4.040651835248E-1,4.584668438317E-1,
5.126068962638E-1,5.675686306003E-1,6.239540966484E-1,6.824637936902E-1,
7.397417218483E-1,7.913476895607E-1,8.365489255162E-1,8.767628014816E-1,
9.126503178400E-1,9.447712310806E-1,9.736969946098E-1,1.E0,1.010048399083E0),
.UNSPECIFIED.)GEOMETRIC_REPRESENTATION_ITEM()RATIONAL_B_SPLINE_SURFACE(((
1.316940944429E0,1.316940944429E0,1.316940944429E0,1.316940944429E0,
1.316940944429E0,1.316940944429E0,1.316940944429E0,1.316940944429E0,
1.316940944429E0,1.316940944429E0,1.316940944429E0,1.316940944429E0,
1.316940944429E0,1.316940944429E0,1.316940944429E0,1.316940944429E0,
1.316940944429E0,1.316940944429E0,1.316940944429E0,1.316940944429E0,
1.316940944429E0,1.316940944429E0,1.316940944429E0,1.316940944429E0,
1.316940944429E0),(8.943530185237E-1,8.943530185237E-1,8.943530185237E-1,
8.943530185237E-1,8.943530185237E-1,8.943530185237E-1,8.943530185237E-1,
8.943530185237E-1,8.943530185237E-1,8.943530185237E-1,8.943530185237E-1,
8.943530185237E-1,8.943530185237E-1,8.943530185237E-1,8.943530185237E-1,
8.943530185237E-1,8.943530185237E-1,8.943530185237E-1,8.943530185237E-1,
8.943530185237E-1,8.943530185237E-1,8.943530185237E-1,8.943530185237E-1,
8.943530185237E-1,8.943530185237E-1),(8.943530185237E-1,8.943530185237E-1,
8.943530185237E-1,8.943530185237E-1,8.943530185237E-1,8.943530185237E-1,
8.943530185237E-1,8.943530185237E-1,8.943530185237E-1,8.943530185237E-1,
8.943530185237E-1,8.943530185237E-1,8.943530185237E-1,8.943530185237E-1,
8.943530185237E-1,8.943530185237E-1,8.943530185237E-1,8.943530185237E-1,
8.943530185237E-1,8.943530185237E-1,8.943530185237E-1,8.943530185237E-1,
8.943530185237E-1,8.943530185237E-1,8.943530185237E-1),(1.316940944429E0,
1.316940944429E0,1.316940944429E0,1.316940944429E0,1.316940944429E0,
1.316940944429E0,1.316940944429E0,1.316940944429E0,1.316940944429E0,
1.316940944429E0,1.316940944429E0,1.316940944429E0,1.316940944429E0,
1.316940944429E0,1.316940944429E0,1.316940944429E0,1.316940944429E0,
1.316940944429E0,1.316940944429E0,1.316940944429E0,1.316940944429E0,
1.316940944429E0,1.316940944429E0,1.316940944429E0,1.316940944429E0)))REPRESENTATION_ITEM('')SURFACE());
#1075=ORIENTED_EDGE('',*,*,#858,.F.);
#1076=ORIENTED_EDGE('',*,*,#969,.T.);
#1078=ORIENTED_EDGE('',*,*,#1077,.T.);
#1079=ORIENTED_EDGE('',*,*,#965,.F.);
#1080=EDGE_LOOP('',(#1075,#1076,#1078,#1079));
#1081=FACE_OUTER_BOUND('',#1080,.F.);
#1082=ADVANCED_FACE('',(#1081),#1074,.F.);
#1083=CARTESIAN_POINT('',(-2.85E1,0.E0,0.E0));
#1084=DIRECTION('',(1.E0,0.E0,0.E0));
#1085=DIRECTION('',(0.E0,0.E0,-1.E0));
#1086=AXIS2_PLACEMENT_3D('',#1083,#1084,#1085);
#1087=CYLINDRICAL_SURFACE('',#1086,7.5E0);
#1089=ORIENTED_EDGE('',*,*,#1088,.T.);
#1091=ORIENTED_EDGE('',*,*,#1090,.F.);
#1093=ORIENTED_EDGE('',*,*,#1092,.F.);
#1095=ORIENTED_EDGE('',*,*,#1094,.T.);
#1096=EDGE_LOOP('',(#1089,#1091,#1093,#1095));
#1097=FACE_OUTER_BOUND('',#1096,.F.);
#1098=ADVANCED_FACE('',(#1097),#1087,.T.);
#1099=CARTESIAN_POINT('',(-2.85E1,0.E0,0.E0));
#1100=DIRECTION('',(1.E0,0.E0,0.E0));
#1101=DIRECTION('',(0.E0,0.E0,-1.E0));
#1102=AXIS2_PLACEMENT_3D('',#1099,#1100,#1101);
#1103=CYLINDRICAL_SURFACE('',#1102,7.5E0);
#1105=ORIENTED_EDGE('',*,*,#1104,.T.);
#1107=ORIENTED_EDGE('',*,*,#1106,.T.);
#1108=ORIENTED_EDGE('',*,*,#1077,.F.);
#1110=ORIENTED_EDGE('',*,*,#1109,.F.);
#1111=EDGE_LOOP('',(#1105,#1107,#1108,#1110));
#1112=FACE_OUTER_BOUND('',#1111,.F.);
#1113=ADVANCED_FACE('',(#1112),#1103,.T.);
#1114=CARTESIAN_POINT('',(2.8E1,0.E0,0.E0));
#1115=DIRECTION('',(1.E0,0.E0,0.E0));
#1116=DIRECTION('',(0.E0,2.050096367166E-2,9.997898331592E-1));
#1117=AXIS2_PLACEMENT_3D('',#1114,#1115,#1116);
#1118=TOROIDAL_SURFACE('',#1117,7.E0,5.E-1);
#1120=ORIENTED_EDGE('',*,*,#1119,.T.);
#1122=ORIENTED_EDGE('',*,*,#1121,.T.);
#1123=ORIENTED_EDGE('',*,*,#1088,.F.);
#1125=ORIENTED_EDGE('',*,*,#1124,.F.);
#1126=EDGE_LOOP('',(#1120,#1122,#1123,#1125));
#1127=FACE_OUTER_BOUND('',#1126,.F.);
#1128=ADVANCED_FACE('',(#1127),#1118,.T.);
#1129=CARTESIAN_POINT('',(2.85E1,0.E0,0.E0));
#1130=DIRECTION('',(1.E0,0.E0,0.E0));
#1131=DIRECTION('',(0.E0,0.E0,-1.E0));
#1132=AXIS2_PLACEMENT_3D('',#1129,#1130,#1131);
#1133=PLANE('',#1132);
#1134=ORIENTED_EDGE('',*,*,#1119,.F.);
#1136=ORIENTED_EDGE('',*,*,#1135,.F.);
#1137=EDGE_LOOP('',(#1134,#1136));
#1138=FACE_OUTER_BOUND('',#1137,.F.);
#1140=ORIENTED_EDGE('',*,*,#1139,.T.);
#1142=ORIENTED_EDGE('',*,*,#1141,.T.);
#1143=EDGE_LOOP('',(#1140,#1142));
#1144=FACE_BOUND('',#1143,.F.);
#1145=ADVANCED_FACE('',(#1138,#1144),#1133,.T.);
#1146=CARTESIAN_POINT('',(2.590192378865E1,0.E0,0.E0));
#1147=DIRECTION('',(1.E0,0.E0,0.E0));
#1148=DIRECTION('',(0.E0,-1.E0,0.E0));
#1149=AXIS2_PLACEMENT_3D('',#1146,#1147,#1148);
#1150=CONICAL_SURFACE('',#1149,3.5E0,3.E1);
#1151=ORIENTED_EDGE('',*,*,#1139,.F.);
#1153=ORIENTED_EDGE('',*,*,#1152,.T.);
#1155=ORIENTED_EDGE('',*,*,#1154,.T.);
#1157=ORIENTED_EDGE('',*,*,#1156,.F.);
#1158=EDGE_LOOP('',(#1151,#1153,#1155,#1157));
#1159=FACE_OUTER_BOUND('',#1158,.F.);
#1160=ADVANCED_FACE('',(#1159),#1150,.F.);
#1161=CARTESIAN_POINT('',(2.590192378865E1,0.E0,0.E0));
#1162=DIRECTION('',(1.E0,0.E0,0.E0));
#1163=DIRECTION('',(0.E0,-1.E0,0.E0));
#1164=AXIS2_PLACEMENT_3D('',#1161,#1162,#1163);
#1165=CONICAL_SURFACE('',#1164,3.5E0,3.E1);
#1166=ORIENTED_EDGE('',*,*,#1141,.F.);
#1167=ORIENTED_EDGE('',*,*,#1156,.T.);
#1169=ORIENTED_EDGE('',*,*,#1168,.F.);
#1170=ORIENTED_EDGE('',*,*,#1152,.F.);
#1171=EDGE_LOOP('',(#1166,#1167,#1169,#1170));
#1172=FACE_OUTER_BOUND('',#1171,.F.);
#1173=ADVANCED_FACE('',(#1172),#1165,.F.);
#1174=CARTESIAN_POINT('',(1.783756443470E1,0.E0,0.E0));
#1175=DIRECTION('',(1.E0,0.E0,0.E0));
#1176=DIRECTION('',(0.E0,-1.E0,0.E0));
#1177=AXIS2_PLACEMENT_3D('',#1174,#1175,#1176);
#1178=CYLINDRICAL_SURFACE('',#1177,2.E0);
#1180=ORIENTED_EDGE('',*,*,#1179,.F.);
#1181=ORIENTED_EDGE('',*,*,#1168,.T.);
#1183=ORIENTED_EDGE('',*,*,#1182,.T.);
#1185=ORIENTED_EDGE('',*,*,#1184,.F.);
#1186=EDGE_LOOP('',(#1180,#1181,#1183,#1185));
#1187=FACE_OUTER_BOUND('',#1186,.F.);
#1188=ADVANCED_FACE('',(#1187),#1178,.F.);
#1189=CARTESIAN_POINT('',(1.783756443470E1,0.E0,0.E0));
#1190=DIRECTION('',(1.E0,0.E0,0.E0));
#1191=DIRECTION('',(0.E0,-1.E0,0.E0));
#1192=AXIS2_PLACEMENT_3D('',#1189,#1190,#1191);
#1193=CYLINDRICAL_SURFACE('',#1192,2.E0);
#1194=ORIENTED_EDGE('',*,*,#1179,.T.);
#1196=ORIENTED_EDGE('',*,*,#1195,.T.);
#1197=ORIENTED_EDGE('',*,*,#1182,.F.);
#1198=ORIENTED_EDGE('',*,*,#1154,.F.);
#1199=EDGE_LOOP('',(#1194,#1196,#1197,#1198));
#1200=FACE_OUTER_BOUND('',#1199,.F.);
#1201=ADVANCED_FACE('',(#1200),#1193,.F.);
#1202=CARTESIAN_POINT('',(1.895265093086E1,0.E0,0.E0));
#1203=DIRECTION('',(1.E0,0.E0,0.E0));
#1204=DIRECTION('',(0.E0,-1.E0,0.E0));
#1205=AXIS2_PLACEMENT_3D('',#1202,#1203,#1204);
#1206=CONICAL_SURFACE('',#1205,1.051963602771E0,6.E1);
#1208=ORIENTED_EDGE('',*,*,#1207,.T.);
#1210=ORIENTED_EDGE('',*,*,#1209,.F.);
#1211=ORIENTED_EDGE('',*,*,#1195,.F.);
#1212=EDGE_LOOP('',(#1208,#1210,#1211));
#1213=FACE_OUTER_BOUND('',#1212,.F.);
#1214=ADVANCED_FACE('',(#1213),#1206,.F.);
#1215=CARTESIAN_POINT('',(1.895265093086E1,0.E0,0.E0));
#1216=DIRECTION('',(1.E0,0.E0,0.E0));
#1217=DIRECTION('',(0.E0,-1.E0,0.E0));
#1218=AXIS2_PLACEMENT_3D('',#1215,#1216,#1217);
#1219=CONICAL_SURFACE('',#1218,1.051963602771E0,6.E1);
#1220=ORIENTED_EDGE('',*,*,#1207,.F.);
#1221=ORIENTED_EDGE('',*,*,#1184,.T.);
#1222=ORIENTED_EDGE('',*,*,#1209,.T.);
#1223=EDGE_LOOP('',(#1220,#1221,#1222));
#1224=FACE_OUTER_BOUND('',#1223,.F.);
#1225=ADVANCED_FACE('',(#1224),#1219,.F.);
#1226=CARTESIAN_POINT('',(2.8E1,0.E0,0.E0));
#1227=DIRECTION('',(1.E0,0.E0,0.E0));
#1228=DIRECTION('',(0.E0,-2.050096367166E-2,-9.997898331592E-1));
#1229=AXIS2_PLACEMENT_3D('',#1226,#1227,#1228);
#1230=TOROIDAL_SURFACE('',#1229,7.E0,5.E-1);
#1231=ORIENTED_EDGE('',*,*,#1135,.T.);
#1232=ORIENTED_EDGE('',*,*,#1124,.T.);
#1234=ORIENTED_EDGE('',*,*,#1233,.F.);
#1235=ORIENTED_EDGE('',*,*,#1121,.F.);
#1236=EDGE_LOOP('',(#1231,#1232,#1234,#1235));
#1237=FACE_OUTER_BOUND('',#1236,.F.);
#1238=ADVANCED_FACE('',(#1237),#1230,.T.);
#1239=CARTESIAN_POINT('',(-2.85E1,0.E0,0.E0));
#1240=DIRECTION('',(1.E0,0.E0,0.E0));
#1241=DIRECTION('',(0.E0,0.E0,-1.E0));
#1242=AXIS2_PLACEMENT_3D('',#1239,#1240,#1241);
#1243=CYLINDRICAL_SURFACE('',#1242,7.5E0);
#1244=ORIENTED_EDGE('',*,*,#1233,.T.);
#1245=ORIENTED_EDGE('',*,*,#1094,.F.);
#1247=ORIENTED_EDGE('',*,*,#1246,.F.);
#1248=ORIENTED_EDGE('',*,*,#1090,.T.);
#1249=EDGE_LOOP('',(#1244,#1245,#1247,#1248));
#1250=FACE_OUTER_BOUND('',#1249,.F.);
#1251=ADVANCED_FACE('',(#1250),#1243,.T.);
#1252=CARTESIAN_POINT('',(-2.85E1,0.E0,0.E0));
#1253=DIRECTION('',(1.E0,0.E0,0.E0));
#1254=DIRECTION('',(0.E0,0.E0,-1.E0));
#1255=AXIS2_PLACEMENT_3D('',#1252,#1253,#1254);
#1256=CYLINDRICAL_SURFACE('',#1255,7.5E0);
#1258=ORIENTED_EDGE('',*,*,#1257,.T.);
#1259=ORIENTED_EDGE('',*,*,#1109,.T.);
#1260=ORIENTED_EDGE('',*,*,#967,.F.);
#1261=ORIENTED_EDGE('',*,*,#1106,.F.);
#1262=EDGE_LOOP('',(#1258,#1259,#1260,#1261));
#1263=FACE_OUTER_BOUND('',#1262,.F.);
#1264=ADVANCED_FACE('',(#1263),#1256,.T.);
#1265=CARTESIAN_POINT('',(1.839080828223E1,-2.641523921239E-1,
-8.114912475059E0));
#1266=CARTESIAN_POINT('',(1.838960527881E1,-1.761764025793E-1,
-8.117799504327E0));
#1267=CARTESIAN_POINT('',(1.838552886109E1,4.275193508931E-1,
-8.127669341004E0));
#1268=CARTESIAN_POINT('',(1.843002645599E1,1.554730573769E0,-8.019617144415E0));
#1269=CARTESIAN_POINT('',(1.860522360173E1,3.055206003238E0,-7.576714083301E0));
#1270=CARTESIAN_POINT('',(1.886789534793E1,4.443983169387E0,-6.855579309074E0));
#1271=CARTESIAN_POINT('',(1.917632262938E1,5.660660460401E0,-5.889277402697E0));
#1272=CARTESIAN_POINT('',(1.948100810080E1,6.654080695171E0,-4.733730485329E0));
#1273=CARTESIAN_POINT('',(1.973982752172E1,7.398944790236E0,-3.449042005145E0));
#1274=CARTESIAN_POINT('',(1.992466452621E1,7.890644418294E0,-2.084581264425E0));
#1275=CARTESIAN_POINT('',(2.001975488976E1,8.132831767176E0,
-6.734734645960E-1));
#1276=CARTESIAN_POINT('',(2.001702937573E1,8.125978117591E0,7.611964840541E-1));
#1277=CARTESIAN_POINT('',(1.991392971774E1,7.863000755574E0,2.195217499179E0));
#1278=CARTESIAN_POINT('',(1.971612211905E1,7.334215923154E0,3.591416417487E0));
#1279=CARTESIAN_POINT('',(1.944814227074E1,6.553947584890E0,4.871093907321E0));
#1280=CARTESIAN_POINT('',(1.915844626301E1,5.591100508622E0,5.943113977530E0));
#1281=CARTESIAN_POINT('',(1.889756964488E1,4.553313924790E0,6.761314022248E0));
#1282=CARTESIAN_POINT('',(1.869158607576E1,3.525696369348E0,7.342214008935E0));
#1283=CARTESIAN_POINT('',(1.854407422850E1,2.546838673359E0,7.730943394781E0));
#1284=CARTESIAN_POINT('',(1.844957434588E1,1.633864001949E0,7.969844893012E0));
#1285=CARTESIAN_POINT('',(1.839938122818E1,7.926434707878E-1,8.093857711681E0));
#1286=CARTESIAN_POINT('',(1.838731079747E1,1.673953289339E-1,8.123394186373E0));
#1287=CARTESIAN_POINT('',(1.838959684761E1,-1.761027297071E-1,
8.117802023816E0));
#1288=CARTESIAN_POINT('',(1.839077469815E1,-2.640679710505E-1,
8.114932688183E0));
#1289=CARTESIAN_POINT('',(1.829070239283E1,-2.525601128343E-1,
-7.707356606880E0));
#1290=CARTESIAN_POINT('',(1.828949182451E1,-1.684461311716E-1,
-7.710134008905E0));
#1291=CARTESIAN_POINT('',(1.828539206193E1,4.087610814266E-1,
-7.719631948866E0));
#1292=CARTESIAN_POINT('',(1.833013113143E1,1.486502273005E0,-7.615629917822E0));
#1293=CARTESIAN_POINT('',(1.850611335687E1,2.918859693403E0,-7.189996307348E0));
#1294=CARTESIAN_POINT('',(1.876955400556E1,4.240878929793E0,-6.498913547260E0));
#1295=CARTESIAN_POINT('',(1.907830670143E1,5.395020278559E0,-5.576087495943E0));
#1296=CARTESIAN_POINT('',(1.938273598785E1,6.333910535217E0,-4.476513115163E0));
#1297=CARTESIAN_POINT('',(1.964088993280E1,7.035459602133E0,-3.258133044278E0));
#1298=CARTESIAN_POINT('',(1.982499016767E1,7.497243431779E0,-1.967630293822E0));
#1299=CARTESIAN_POINT('',(1.991961187639E1,7.724261449524E0,
-6.354201643845E-1));
#1300=CARTESIAN_POINT('',(1.991690063924E1,7.717841076082E0,7.181952020498E-1));
#1301=CARTESIAN_POINT('',(1.981430549614E1,7.471317810699E0,2.072143310051E0));
#1302=CARTESIAN_POINT('',(1.961726656465E1,6.974605405013E0,3.392942250999E0));
#1303=CARTESIAN_POINT('',(1.934992478010E1,6.239434038789E0,4.607033236176E0));
#1304=CARTESIAN_POINT('',(1.906040900284E1,5.329038749053E0,5.627537750306E0));
#1305=CARTESIAN_POINT('',(1.879925075543E1,4.344493377391E0,6.408924667773E0));
#1306=CARTESIAN_POINT('',(1.859274452844E1,3.366861366929E0,6.965192947090E0));
#1307=CARTESIAN_POINT('',(1.844468860731E1,2.433605042022E0,7.338221614108E0));
#1308=CARTESIAN_POINT('',(1.834976274597E1,1.561844865577E0,7.567811352782E0));
#1309=CARTESIAN_POINT('',(1.829931841931E1,7.578637602483E-1,7.687096082356E0));
#1310=CARTESIAN_POINT('',(1.828718483604E1,1.600503927908E-1,7.715517159013E0));
#1311=CARTESIAN_POINT('',(1.828948294767E1,-1.683757143966E-1,
7.710136418447E0));
#1312=CARTESIAN_POINT('',(1.829066730050E1,-2.524793039428E-1,
7.707375841902E0));
#1313=CARTESIAN_POINT('',(1.858741968777E1,-2.391501411051E-1,
-7.410651955752E0));
#1314=CARTESIAN_POINT('',(1.858623154207E1,-1.594996684132E-1,
-7.413244544348E0));
#1315=CARTESIAN_POINT('',(1.858220097447E1,3.870501337249E-1,
-7.422104203147E0));
#1316=CARTESIAN_POINT('',(1.862622430494E1,1.407573038571E0,-7.325137524550E0));
#1317=CARTESIAN_POINT('',(1.879987952719E1,2.768843831804E0,-6.926844896594E0));
#1318=CARTESIAN_POINT('',(1.906104112249E1,4.033383550044E0,-6.275945138460E0));
#1319=CARTESIAN_POINT('',(1.936882927884E1,5.146245583083E0,-5.399776975444E0));
#1320=CARTESIAN_POINT('',(1.967401790640E1,6.059205195449E0,-4.347074692416E0));
#1321=CARTESIAN_POINT('',(1.993414434498E1,6.746753640681E0,-3.171661227605E0));
#1322=CARTESIAN_POINT('',(2.012042839033E1,7.202259334054E0,-1.918877947332E0));
#1323=CARTESIAN_POINT('',(2.021643920805E1,7.427158167762E0,
-6.202735019494E-1));
#1324=CARTESIAN_POINT('',(2.021368565375E1,7.420788801848E0,7.010562655703E-1));
#1325=CARTESIAN_POINT('',(2.010959511120E1,7.176605651832E0,2.020615737834E0));
#1326=CARTESIAN_POINT('',(1.991027782370E1,6.686868298289E0,3.302194154296E0));
#1327=CARTESIAN_POINT('',(1.964104479626E1,5.966983443996E0,4.472448013695E0));
#1328=CARTESIAN_POINT('',(1.935099480968E1,5.082617100582E0,5.448547295775E0));
#1329=CARTESIAN_POINT('',(1.909067132113E1,4.133505596427E0,6.190428927293E0));
#1330=CARTESIAN_POINT('',(1.888571427002E1,3.197086687336E0,6.715277872558E0));
#1331=CARTESIAN_POINT('',(1.873927100252E1,2.307597407436E0,7.065527856529E0));
#1332=CARTESIAN_POINT('',(1.864560775676E1,1.479611112057E0,7.280362351948E0));
#1333=CARTESIAN_POINT('',(1.859590802210E1,7.176125047396E-1,7.391751039940E0));
#1334=CARTESIAN_POINT('',(1.858396162516E1,1.515497564279E-1,7.418267508518E0));
#1335=CARTESIAN_POINT('',(1.858622398614E1,-1.594329402309E-1,
7.413246824594E0));
#1336=CARTESIAN_POINT('',(1.858738906593E1,-2.390738254891E-1,
7.410670368671E0));
#1337=CARTESIAN_POINT('',(1.899517214525E1,-2.368385062956E-1,
-7.510574365383E0));
#1338=CARTESIAN_POINT('',(1.899401481299E1,-1.579539434060E-1,
-7.513084960383E0));
#1339=CARTESIAN_POINT('',(1.899007933396E1,3.832977552984E-1,
-7.521654724314E0));
#1340=CARTESIAN_POINT('',(1.903311908727E1,1.393964828594E0,-7.427932372513E0));
#1341=CARTESIAN_POINT('',(1.920357651390E1,2.749648601709E0,-7.040718353107E0));
#1342=CARTESIAN_POINT('',(1.946160620676E1,4.021349533253E0,-6.401429681897E0));
#1343=CARTESIAN_POINT('',(1.976806888136E1,5.153947712128E0,-5.530162146940E0));
#1344=CARTESIAN_POINT('',(2.007430100459E1,6.094551529984E0,-4.470085910077E0));
#1345=CARTESIAN_POINT('',(2.033713806754E1,6.810898683333E0,-3.272913272313E0));
#1346=CARTESIAN_POINT('',(2.052642313137E1,7.289810790221E0,-1.985280829436E0));
#1347=CARTESIAN_POINT('',(2.062434287931E1,7.527681713089E0,
-6.426222281591E-1));
#1348=CARTESIAN_POINT('',(2.062153117228E1,7.520931957368E0,7.262873161849E-1));
#1349=CARTESIAN_POINT('',(2.051538563391E1,7.262721021802E0,2.090264390184E0));
#1350=CARTESIAN_POINT('',(2.031293740230E1,6.748143212464E0,3.406577612265E0));
#1351=CARTESIAN_POINT('',(2.004110540627E1,5.999010960839E0,4.596966155581E0));
#1352=CARTESIAN_POINT('',(1.975032130283E1,5.089180526397E0,5.578540141123E0));
#1353=CARTESIAN_POINT('',(1.949114494991E1,4.123566847258E0,6.316274477801E0));
#1354=CARTESIAN_POINT('',(1.928831679483E1,3.179893536309E0,6.833178497873E0));
#1355=CARTESIAN_POINT('',(1.914408965523E1,2.290182043943E0,7.175511488511E0));
#1356=CARTESIAN_POINT('',(1.905216151092E1,1.466367500073E0,7.384359006184E0));
#1357=CARTESIAN_POINT('',(1.900348500350E1,7.106583466125E-1,7.492288899205E0));
#1358=CARTESIAN_POINT('',(1.899179584025E1,1.500809441036E-1,7.517946003479E0));
#1359=CARTESIAN_POINT('',(1.899400907227E1,-1.578877835847E-1,
7.513087216518E0));
#1360=CARTESIAN_POINT('',(1.899514766681E1,-2.367632372786E-1,
7.510592904022E0));
#1361=(BOUNDED_SURFACE()B_SPLINE_SURFACE(3,3,((#1265,#1266,#1267,#1268,#1269,
#1270,#1271,#1272,#1273,#1274,#1275,#1276,#1277,#1278,#1279,#1280,#1281,#1282,
#1283,#1284,#1285,#1286,#1287,#1288),(#1289,#1290,#1291,#1292,#1293,#1294,#1295,
#1296,#1297,#1298,#1299,#1300,#1301,#1302,#1303,#1304,#1305,#1306,#1307,#1308,
#1309,#1310,#1311,#1312),(#1313,#1314,#1315,#1316,#1317,#1318,#1319,#1320,#1321,
#1322,#1323,#1324,#1325,#1326,#1327,#1328,#1329,#1330,#1331,#1332,#1333,#1334,
#1335,#1336),(#1337,#1338,#1339,#1340,#1341,#1342,#1343,#1344,#1345,#1346,#1347,
#1348,#1349,#1350,#1351,#1352,#1353,#1354,#1355,#1356,#1357,#1358,#1359,#1360)),
.UNSPECIFIED.,.F.,.F.,.F.)B_SPLINE_SURFACE_WITH_KNOTS((4,4),(4,1,1,1,1,1,1,1,1,
1,1,1,1,1,1,1,1,1,1,1,1,4),(0.E0,1.E0),(-1.005131149491E-2,0.E0,
5.884548585765E-2,1.182841093709E-1,1.792400416893E-1,2.407132690087E-1,
3.013057476790E-1,3.601383566630E-1,4.172842314090E-1,4.733755435342E-1,
5.295036283519E-1,5.867763131373E-1,6.458259008936E-1,7.066207558980E-1,
7.649374589683E-1,8.168479576393E-1,8.624979729317E-1,9.028728799707E-1,
9.387289195296E-1,9.708429156688E-1,1.E0,1.010049239369E0),.UNSPECIFIED.)GEOMETRIC_REPRESENTATION_ITEM()RATIONAL_B_SPLINE_SURFACE(((1.317161244883E0,
1.317161244883E0,1.317161244883E0,1.317161244883E0,1.317161244883E0,
1.317161244883E0,1.317161244883E0,1.317161244883E0,1.317161244883E0,
1.317161244883E0,1.317161244883E0,1.317161244883E0,1.317161244883E0,
1.317161244883E0,1.317161244883E0,1.317161244883E0,1.317161244883E0,
1.317161244883E0,1.317161244883E0,1.317161244883E0,1.317161244883E0,
1.317161244883E0,1.317161244883E0,1.317161244883E0),(8.942795850389E-1,
8.942795850389E-1,8.942795850389E-1,8.942795850389E-1,8.942795850389E-1,
8.942795850389E-1,8.942795850389E-1,8.942795850389E-1,8.942795850389E-1,
8.942795850389E-1,8.942795850389E-1,8.942795850389E-1,8.942795850389E-1,
8.942795850389E-1,8.942795850389E-1,8.942795850389E-1,8.942795850389E-1,
8.942795850389E-1,8.942795850389E-1,8.942795850389E-1,8.942795850389E-1,
8.942795850389E-1,8.942795850389E-1,8.942795850389E-1),(8.942795850389E-1,
8.942795850389E-1,8.942795850389E-1,8.942795850389E-1,8.942795850389E-1,
8.942795850389E-1,8.942795850389E-1,8.942795850389E-1,8.942795850389E-1,
8.942795850389E-1,8.942795850389E-1,8.942795850389E-1,8.942795850389E-1,
8.942795850389E-1,8.942795850389E-1,8.942795850389E-1,8.942795850389E-1,
8.942795850389E-1,8.942795850389E-1,8.942795850389E-1,8.942795850389E-1,
8.942795850389E-1,8.942795850389E-1,8.942795850389E-1),(1.317161244883E0,
1.317161244883E0,1.317161244883E0,1.317161244883E0,1.317161244883E0,
1.317161244883E0,1.317161244883E0,1.317161244883E0,1.317161244883E0,
1.317161244883E0,1.317161244883E0,1.317161244883E0,1.317161244883E0,
1.317161244883E0,1.317161244883E0,1.317161244883E0,1.317161244883E0,
1.317161244883E0,1.317161244883E0,1.317161244883E0,1.317161244883E0,
1.317161244883E0,1.317161244883E0,1.317161244883E0)))REPRESENTATION_ITEM('')SURFACE());
#1363=ORIENTED_EDGE('',*,*,#1362,.F.);
#1365=ORIENTED_EDGE('',*,*,#1364,.T.);
#1366=ORIENTED_EDGE('',*,*,#1246,.T.);
#1368=ORIENTED_EDGE('',*,*,#1367,.F.);
#1369=EDGE_LOOP('',(#1363,#1365,#1366,#1368));
#1370=FACE_OUTER_BOUND('',#1369,.F.);
#1371=ADVANCED_FACE('',(#1370),#1361,.F.);
#1372=CARTESIAN_POINT('',(0.E0,2.97E1,-1.041562102675E-14));
#1373=DIRECTION('',(0.E0,-1.E0,0.E0));
#1374=DIRECTION('',(0.E0,0.E0,1.E0));
#1375=AXIS2_PLACEMENT_3D('',#1372,#1373,#1374);
#1376=CYLINDRICAL_SURFACE('',#1375,2.E1);
#1378=ORIENTED_EDGE('',*,*,#1377,.T.);
#1379=ORIENTED_EDGE('',*,*,#852,.T.);
#1381=ORIENTED_EDGE('',*,*,#1380,.F.);
#1382=ORIENTED_EDGE('',*,*,#848,.F.);
#1384=ORIENTED_EDGE('',*,*,#1383,.F.);
#1386=ORIENTED_EDGE('',*,*,#1385,.F.);
#1387=ORIENTED_EDGE('',*,*,#842,.F.);
#1388=EDGE_LOOP('',(#1378,#1379,#1381,#1382,#1384,#1386,#1387));
#1389=FACE_OUTER_BOUND('',#1388,.F.);
#1391=ORIENTED_EDGE('',*,*,#1390,.T.);
#1392=ORIENTED_EDGE('',*,*,#1362,.T.);
#1393=EDGE_LOOP('',(#1391,#1392));
#1394=FACE_BOUND('',#1393,.F.);
#1395=ADVANCED_FACE('',(#1389,#1394),#1376,.T.);
#1396=CARTESIAN_POINT('',(1.839080822440E1,2.641523838943E-1,8.114912197346E0));
#1397=CARTESIAN_POINT('',(1.838960521486E1,1.761764015637E-1,8.117799230655E0));
#1398=CARTESIAN_POINT('',(1.838552855662E1,-4.275523214652E-1,
8.127669617337E0));
#1399=CARTESIAN_POINT('',(1.843002967949E1,-1.554777382990E0,8.019609042669E0));
#1400=CARTESIAN_POINT('',(1.860522623144E1,-3.055205923243E0,7.576705876558E0));
#1401=CARTESIAN_POINT('',(1.886788204314E1,-4.443917879244E0,6.855614911640E0));
#1402=CARTESIAN_POINT('',(1.917630379969E1,-5.660596911750E0,5.889342958020E0));
#1403=CARTESIAN_POINT('',(1.948100507269E1,-6.654074038542E0,4.733750798558E0));
#1404=CARTESIAN_POINT('',(1.973984157329E1,-7.398984332419E0,3.448970276458E0));
#1405=CARTESIAN_POINT('',(1.992468255151E1,-7.890691141915E0,2.084420844157E0));
#1406=CARTESIAN_POINT('',(2.001976440690E1,-8.132855597947E0,
6.732308287662E-1));
#1407=CARTESIAN_POINT('',(2.001701935906E1,-8.125952865123E0,
-7.615264520825E-1));
#1408=CARTESIAN_POINT('',(1.991388631365E1,-7.862888737117E0,
-2.195647165975E0));
#1409=CARTESIAN_POINT('',(1.971603347121E1,-7.333972390530E0,
-3.591931103730E0));
#1410=CARTESIAN_POINT('',(1.944801873354E1,-6.553568922382E0,
-4.871606475157E0));
#1411=CARTESIAN_POINT('',(1.915832279264E1,-5.590653491534E0,
-5.943526249923E0));
#1412=CARTESIAN_POINT('',(1.889747675321E1,-4.552897362916E0,
-6.761585378216E0));
#1413=CARTESIAN_POINT('',(1.869152852980E1,-3.525361467332E0,
-7.342368633129E0));
#1414=CARTESIAN_POINT('',(1.854404327012E1,-2.546586561127E0,
-7.731022189937E0));
#1415=CARTESIAN_POINT('',(1.844956123901E1,-1.633691029767E0,
-7.969876991856E0));
#1416=CARTESIAN_POINT('',(1.839937875766E1,-7.925538617745E-1,
-8.093863305831E0));
#1417=CARTESIAN_POINT('',(1.838731093977E1,-1.673641540222E-1,
-8.123393404371E0));
#1418=CARTESIAN_POINT('',(1.838959678001E1,1.761027310625E-1,
-8.117801751101E0));
#1419=CARTESIAN_POINT('',(1.839077462847E1,2.640679767953E-1,
-8.114932416784E0));
#1420=CARTESIAN_POINT('',(1.829070260519E1,2.525601046275E-1,7.707356438863E0));
#1421=CARTESIAN_POINT('',(1.828949203052E1,1.684461299262E-1,7.710133844685E0));
#1422=CARTESIAN_POINT('',(1.828539202555E1,-4.087926048871E-1,
7.719632314007E0));
#1423=CARTESIAN_POINT('',(1.833013464327E1,-1.486547020355E0,7.615622214664E0));
#1424=CARTESIAN_POINT('',(1.850611625654E1,-2.918859521464E0,7.189988566796E0));
#1425=CARTESIAN_POINT('',(1.876954092738E1,-4.240816816240E0,6.498947784618E0));
#1426=CARTESIAN_POINT('',(1.907828814131E1,-5.394960188780E0,5.576150062092E0));
#1427=CARTESIAN_POINT('',(1.938273324186E1,-6.333904370217E0,4.476532415742E0));
#1428=CARTESIAN_POINT('',(1.964090421048E1,-7.035496888018E0,3.258065118734E0));
#1429=CARTESIAN_POINT('',(1.982500838062E1,-7.497287352299E0,1.967478740441E0));
#1430=CARTESIAN_POINT('',(1.991962161330E1,-7.724283866693E0,
6.351912174948E-1));
#1431=CARTESIAN_POINT('',(1.991689094492E1,-7.717817514284E0,
-7.185065685748E-1));
#1432=CARTESIAN_POINT('',(1.981426256148E1,-7.471212829819E0,
-2.072549286319E0));
#1433=CARTESIAN_POINT('',(1.961717847981E1,-6.974376464486E0,
-3.393429781495E0));
#1434=CARTESIAN_POINT('',(1.934980170377E1,-6.239076755101E0,
-4.607520418390E0));
#1435=CARTESIAN_POINT('',(1.906028575793E1,-5.328615349759E0,
-5.627931037081E0));
#1436=CARTESIAN_POINT('',(1.879915794583E1,-4.344097537433E0,
-6.409184361338E0));
#1437=CARTESIAN_POINT('',(1.859268706052E1,-3.366542329689E0,
-6.965341324189E0));
#1438=CARTESIAN_POINT('',(1.844465778548E1,-2.433364435062E0,
-7.338297407465E0));
#1439=CARTESIAN_POINT('',(1.834974984420E1,-1.561679589107E0,
-7.567842323217E0));
#1440=CARTESIAN_POINT('',(1.829931620575E1,-7.577780817473E-1,
-7.687101565334E0));
#1441=CARTESIAN_POINT('',(1.828718524934E1,-1.600205854422E-1,
-7.715516505537E0));
#1442=CARTESIAN_POINT('',(1.828948314985E1,1.683757153612E-1,
-7.710136255138E0));
#1443=CARTESIAN_POINT('',(1.829066750050E1,2.524793089358E-1,
-7.707375679881E0));
#1444=CARTESIAN_POINT('',(1.858741986183E1,2.391501395463E-1,7.410651991861E0));
#1445=CARTESIAN_POINT('',(1.858623171053E1,1.594996714783E-1,7.413244584177E0));
#1446=CARTESIAN_POINT('',(1.858220090624E1,-3.870799926989E-1,
7.422104736507E0));
#1447=CARTESIAN_POINT('',(1.862622772308E1,-1.407615458967E0,7.325130545653E0));
#1448=CARTESIAN_POINT('',(1.879988238168E1,-2.768843951726E0,6.926837745424E0));
#1449=CARTESIAN_POINT('',(1.906102812176E1,-4.033324183168E0,6.275977529404E0));
#1450=CARTESIAN_POINT('',(1.936881066635E1,-5.146187415696E0,5.399836843114E0));
#1451=CARTESIAN_POINT('',(1.967401507280E1,-6.059199190780E0,4.347093562726E0));
#1452=CARTESIAN_POINT('',(1.993415870614E1,-6.746790421215E0,3.171595731219E0));
#1453=CARTESIAN_POINT('',(2.012044680635E1,-7.202302952898E0,1.918730606311E0));
#1454=CARTESIAN_POINT('',(2.021644905641E1,-7.427180609279E0,
6.200501121192E-1));
#1455=CARTESIAN_POINT('',(2.021367576668E1,-7.420765625987E0,
-7.013601759739E-1));
#1456=CARTESIAN_POINT('',(2.010955154399E1,-7.176501984106E0,
-2.021010905945E0));
#1457=CARTESIAN_POINT('',(1.991018882313E1,-6.686643299405E0,
-3.302666059779E0));
#1458=CARTESIAN_POINT('',(1.964092110206E1,-5.966634975587E0,
-4.472915990735E0));
#1459=CARTESIAN_POINT('',(1.935087164333E1,-5.082207623795E0,
-5.448922033582E0));
#1460=CARTESIAN_POINT('',(1.909057901724E1,-4.133125569709E0,
-6.190674694222E0));
#1461=CARTESIAN_POINT('',(1.888565732374E1,-3.196782127418E0,
-6.715417601462E0));
#1462=CARTESIAN_POINT('',(1.873924053304E1,-2.307368669766E0,
-7.065599037684E0));
#1463=CARTESIAN_POINT('',(1.864559500737E1,-1.479454417051E0,
-7.280391474337E0));
#1464=CARTESIAN_POINT('',(1.859590580912E1,-7.175313961262E-1,
-7.391756346620E0));
#1465=CARTESIAN_POINT('',(1.858396199793E1,-1.515215363829E-1,
-7.418267092100E0));
#1466=CARTESIAN_POINT('',(1.858622415130E1,1.594329455117E-1,
-7.413246865297E0));
#1467=CARTESIAN_POINT('',(1.858738922917E1,2.390738367811E-1,
-7.410670410547E0));
#1468=CARTESIAN_POINT('',(1.899517215200E1,2.368385051622E-1,7.510574360847E0));
#1469=CARTESIAN_POINT('',(1.899401481516E1,1.579539468706E-1,7.513084959643E0));
#1470=CARTESIAN_POINT('',(1.899007910723E1,-3.833273251528E-1,
7.521655200292E0));
#1471=CARTESIAN_POINT('',(1.903312226222E1,-1.394006860260E0,7.427925606359E0));
#1472=CARTESIAN_POINT('',(1.920357919277E1,-2.749649044092E0,7.040711220368E0));
#1473=CARTESIAN_POINT('',(1.946159319982E1,-4.021289737918E0,6.401461416467E0));
#1474=CARTESIAN_POINT('',(1.976805008463E1,-5.153887959509E0,5.530222121175E0));
#1475=CARTESIAN_POINT('',(2.007429793803E1,-6.094545067901E0,4.470105284711E0));
#1476=CARTESIAN_POINT('',(2.033715243008E1,-6.810937057450E0,3.272846449861E0));
#1477=CARTESIAN_POINT('',(2.052644171228E1,-7.289856757610E0,1.985128965618E0));
#1478=CARTESIAN_POINT('',(2.062435276611E1,-7.527705450667E0,
6.423909038601E-1));
#1479=CARTESIAN_POINT('',(2.062152090562E1,-7.520907348231E0,
-7.266020890913E-1));
#1480=CARTESIAN_POINT('',(2.051534108331E1,-7.262611536386E0,
-2.090672017786E0));
#1481=CARTESIAN_POINT('',(2.031284703009E1,-6.747907570031E0,
-3.407060429330E0));
#1482=CARTESIAN_POINT('',(2.004098075046E1,-5.998650122657E0,
-4.597439540977E0));
#1483=CARTESIAN_POINT('',(1.975019813214E1,-5.088761748724E0,
-5.578914546320E0));
#1484=CARTESIAN_POINT('',(1.949105322834E1,-4.123182392938E0,
-6.316517362507E0));
#1485=CARTESIAN_POINT('',(1.928826045216E1,-3.179588040609E0,
-6.833315387018E0));
#1486=CARTESIAN_POINT('',(1.914405955613E1,-2.289954046932E0,
-7.175580758320E0));
#1487=CARTESIAN_POINT('',(1.905214885660E1,-1.466211967393E0,
-7.384387202718E0));
#1488=CARTESIAN_POINT('',(1.900348267670E1,-7.105780263592E-1,
-7.492293992325E0));
#1489=CARTESIAN_POINT('',(1.899179604262E1,-1.500529981812E-1,
-7.517945561468E0));
#1490=CARTESIAN_POINT('',(1.899400907186E1,1.578877894338E-1,
-7.513087216660E0));
#1491=CARTESIAN_POINT('',(1.899514766487E1,2.367632494109E-1,
-7.510592905333E0));
#1492=(BOUNDED_SURFACE()B_SPLINE_SURFACE(3,3,((#1396,#1397,#1398,#1399,#1400,
#1401,#1402,#1403,#1404,#1405,#1406,#1407,#1408,#1409,#1410,#1411,#1412,#1413,
#1414,#1415,#1416,#1417,#1418,#1419),(#1420,#1421,#1422,#1423,#1424,#1425,#1426,
#1427,#1428,#1429,#1430,#1431,#1432,#1433,#1434,#1435,#1436,#1437,#1438,#1439,
#1440,#1441,#1442,#1443),(#1444,#1445,#1446,#1447,#1448,#1449,#1450,#1451,#1452,
#1453,#1454,#1455,#1456,#1457,#1458,#1459,#1460,#1461,#1462,#1463,#1464,#1465,
#1466,#1467),(#1468,#1469,#1470,#1471,#1472,#1473,#1474,#1475,#1476,#1477,#1478,
#1479,#1480,#1481,#1482,#1483,#1484,#1485,#1486,#1487,#1488,#1489,#1490,#1491)),
.UNSPECIFIED.,.F.,.F.,.F.)B_SPLINE_SURFACE_WITH_KNOTS((4,4),(4,1,1,1,1,1,1,1,1,
1,1,1,1,1,1,1,1,1,1,1,1,4),(0.E0,1.E0),(-1.005131215046E-2,0.E0,
5.884925423448E-2,1.182856414344E-1,1.792351208804E-1,2.407081566087E-1,
3.013050922257E-1,3.601417473171E-1,4.172912331110E-1,4.733849200231E-1,
5.295160243093E-1,5.867935756417E-1,6.458486908058E-1,7.066481451609E-1,
7.649627777683E-1,8.168670203913E-1,8.625117965651E-1,9.028827583587E-1,
9.387355688064E-1,9.708464714578E-1,1.E0,1.010049240441E0),.UNSPECIFIED.)GEOMETRIC_REPRESENTATION_ITEM()RATIONAL_B_SPLINE_SURFACE(((1.317161036437E0,
1.317161036437E0,1.317161036437E0,1.317161036437E0,1.317161036437E0,
1.317161036437E0,1.317161036437E0,1.317161036437E0,1.317161036437E0,
1.317161036437E0,1.317161036437E0,1.317161036437E0,1.317161036437E0,
1.317161036437E0,1.317161036437E0,1.317161036437E0,1.317161036437E0,
1.317161036437E0,1.317161036437E0,1.317161036437E0,1.317161036437E0,
1.317161036437E0,1.317161036437E0,1.317161036437E0),(8.942796545210E-1,
8.942796545210E-1,8.942796545210E-1,8.942796545210E-1,8.942796545210E-1,
8.942796545210E-1,8.942796545210E-1,8.942796545210E-1,8.942796545210E-1,
8.942796545210E-1,8.942796545210E-1,8.942796545210E-1,8.942796545210E-1,
8.942796545210E-1,8.942796545210E-1,8.942796545210E-1,8.942796545210E-1,
8.942796545210E-1,8.942796545210E-1,8.942796545210E-1,8.942796545210E-1,
8.942796545210E-1,8.942796545210E-1,8.942796545210E-1),(8.942796545210E-1,
8.942796545210E-1,8.942796545210E-1,8.942796545210E-1,8.942796545210E-1,
8.942796545210E-1,8.942796545210E-1,8.942796545210E-1,8.942796545210E-1,
8.942796545210E-1,8.942796545210E-1,8.942796545210E-1,8.942796545210E-1,
8.942796545210E-1,8.942796545210E-1,8.942796545210E-1,8.942796545210E-1,
8.942796545210E-1,8.942796545210E-1,8.942796545210E-1,8.942796545210E-1,
8.942796545210E-1,8.942796545210E-1,8.942796545210E-1),(1.317161036437E0,
1.317161036437E0,1.317161036437E0,1.317161036437E0,1.317161036437E0,
1.317161036437E0,1.317161036437E0,1.317161036437E0,1.317161036437E0,
1.317161036437E0,1.317161036437E0,1.317161036437E0,1.317161036437E0,
1.317161036437E0,1.317161036437E0,1.317161036437E0,1.317161036437E0,
1.317161036437E0,1.317161036437E0,1.317161036437E0,1.317161036437E0,
1.317161036437E0,1.317161036437E0,1.317161036437E0)))REPRESENTATION_ITEM('')SURFACE());
#1493=ORIENTED_EDGE('',*,*,#1390,.F.);
#1494=ORIENTED_EDGE('',*,*,#1367,.T.);
#1495=ORIENTED_EDGE('',*,*,#1092,.T.);
#1496=ORIENTED_EDGE('',*,*,#1364,.F.);
#1497=EDGE_LOOP('',(#1493,#1494,#1495,#1496));
#1498=FACE_OUTER_BOUND('',#1497,.F.);
#1499=ADVANCED_FACE('',(#1498),#1492,.F.);
#1500=CARTESIAN_POINT('',(0.E0,-2.05E1,0.E0));
#1501=DIRECTION('',(0.E0,-1.E0,0.E0));
#1502=DIRECTION('',(-8.059112758497E-3,0.E0,-9.999675248235E-1));
#1503=AXIS2_PLACEMENT_3D('',#1500,#1501,#1502);
#1504=TOROIDAL_SURFACE('',#1503,2.05E1,5.E-1);
#1505=ORIENTED_EDGE('',*,*,#1377,.F.);
#1506=ORIENTED_EDGE('',*,*,#831,.T.);
#1507=ORIENTED_EDGE('',*,*,#816,.T.);
#1508=ORIENTED_EDGE('',*,*,#828,.F.);
#1509=EDGE_LOOP('',(#1505,#1506,#1507,#1508));
#1510=FACE_OUTER_BOUND('',#1509,.F.);
#1511=ADVANCED_FACE('',(#1510),#1504,.F.);
#1512=CARTESIAN_POINT('',(0.E0,2.05E1,0.E0));
#1513=DIRECTION('',(0.E0,-1.E0,0.E0));
#1514=DIRECTION('',(-7.688324254755E-3,0.E0,-9.999704443983E-1));
#1515=AXIS2_PLACEMENT_3D('',#1512,#1513,#1514);
#1516=TOROIDAL_SURFACE('',#1515,2.05E1,5.E-1);
#1518=ORIENTED_EDGE('',*,*,#1517,.F.);
#1520=ORIENTED_EDGE('',*,*,#1519,.T.);
#1521=ORIENTED_EDGE('',*,*,#1380,.T.);
#1523=ORIENTED_EDGE('',*,*,#1522,.F.);
#1524=EDGE_LOOP('',(#1518,#1520,#1521,#1523));
#1525=FACE_OUTER_BOUND('',#1524,.F.);
#1526=ADVANCED_FACE('',(#1525),#1516,.F.);
#1527=CARTESIAN_POINT('',(0.E0,2.1E1,0.E0));
#1528=DIRECTION('',(0.E0,-1.E0,0.E0));
#1529=DIRECTION('',(0.E0,0.E0,1.E0));
#1530=AXIS2_PLACEMENT_3D('',#1527,#1528,#1529);
#1531=PLANE('',#1530);
#1533=ORIENTED_EDGE('',*,*,#1532,.F.);
#1535=ORIENTED_EDGE('',*,*,#1534,.T.);
#1536=EDGE_LOOP('',(#1533,#1535));
#1537=FACE_OUTER_BOUND('',#1536,.F.);
#1539=ORIENTED_EDGE('',*,*,#1538,.T.);
#1540=ORIENTED_EDGE('',*,*,#1517,.T.);
#1541=EDGE_LOOP('',(#1539,#1540));
#1542=FACE_BOUND('',#1541,.F.);
#1543=ADVANCED_FACE('',(#1537,#1542),#1531,.T.);
#1544=CARTESIAN_POINT('',(0.E0,2.4E1,0.E0));
#1545=DIRECTION('',(0.E0,-1.E0,0.E0));
#1546=DIRECTION('',(0.E0,0.E0,1.E0));
#1547=AXIS2_PLACEMENT_3D('',#1544,#1545,#1546);
#1548=TOROIDAL_SURFACE('',#1547,2.1E1,3.E0);
#1550=ORIENTED_EDGE('',*,*,#1549,.F.);
#1551=ORIENTED_EDGE('',*,*,#1532,.T.);
#1553=ORIENTED_EDGE('',*,*,#1552,.T.);
#1555=ORIENTED_EDGE('',*,*,#1554,.F.);
#1556=EDGE_LOOP('',(#1550,#1551,#1553,#1555));
#1557=FACE_OUTER_BOUND('',#1556,.F.);
#1558=ADVANCED_FACE('',(#1557),#1548,.T.);
#1559=CARTESIAN_POINT('',(0.E0,2.4E1,0.E0));
#1560=DIRECTION('',(0.E0,-1.E0,0.E0));
#1561=DIRECTION('',(0.E0,0.E0,1.E0));
#1562=AXIS2_PLACEMENT_3D('',#1559,#1560,#1561);
#1563=TOROIDAL_SURFACE('',#1562,2.1E1,3.E0);
#1564=ORIENTED_EDGE('',*,*,#1549,.T.);
#1566=ORIENTED_EDGE('',*,*,#1565,.T.);
#1567=ORIENTED_EDGE('',*,*,#1552,.F.);
#1568=ORIENTED_EDGE('',*,*,#1534,.F.);
#1569=EDGE_LOOP('',(#1564,#1566,#1567,#1568));
#1570=FACE_OUTER_BOUND('',#1569,.F.);
#1571=ADVANCED_FACE('',(#1570),#1563,.T.);
#1572=CARTESIAN_POINT('',(0.E0,2.7E1,0.E0));
#1573=DIRECTION('',(0.E0,-1.E0,0.E0));
#1574=DIRECTION('',(0.E0,0.E0,1.E0));
#1575=AXIS2_PLACEMENT_3D('',#1572,#1573,#1574);
#1576=PLANE('',#1575);
#1577=ORIENTED_EDGE('',*,*,#1565,.F.);
#1578=ORIENTED_EDGE('',*,*,#1554,.T.);
#1579=EDGE_LOOP('',(#1577,#1578));
#1580=FACE_OUTER_BOUND('',#1579,.F.);
#1582=ORIENTED_EDGE('',*,*,#1581,.F.);
#1584=ORIENTED_EDGE('',*,*,#1583,.F.);
#1585=EDGE_LOOP('',(#1582,#1584));
#1586=FACE_BOUND('',#1585,.F.);
#1587=ADVANCED_FACE('',(#1580,#1586),#1576,.F.);
#1588=CARTESIAN_POINT('',(0.E0,2.7E1,0.E0));
#1589=DIRECTION('',(0.E0,-1.E0,0.E0));
#1590=DIRECTION('',(1.E0,0.E0,0.E0));
#1591=AXIS2_PLACEMENT_3D('',#1588,#1589,#1590);
#1592=CYLINDRICAL_SURFACE('',#1591,1.2E1);
#1593=ORIENTED_EDGE('',*,*,#770,.F.);
#1595=ORIENTED_EDGE('',*,*,#1594,.F.);
#1596=ORIENTED_EDGE('',*,*,#1581,.T.);
#1598=ORIENTED_EDGE('',*,*,#1597,.T.);
#1599=EDGE_LOOP('',(#1593,#1595,#1596,#1598));
#1600=FACE_OUTER_BOUND('',#1599,.F.);
#1601=ADVANCED_FACE('',(#1600),#1592,.F.);
#1602=CARTESIAN_POINT('',(0.E0,2.7E1,0.E0));
#1603=DIRECTION('',(0.E0,-1.E0,0.E0));
#1604=DIRECTION('',(1.E0,0.E0,0.E0));
#1605=AXIS2_PLACEMENT_3D('',#1602,#1603,#1604);
#1606=CYLINDRICAL_SURFACE('',#1605,1.2E1);
#1607=ORIENTED_EDGE('',*,*,#772,.F.);
#1608=ORIENTED_EDGE('',*,*,#1597,.F.);
#1609=ORIENTED_EDGE('',*,*,#1583,.T.);
#1610=ORIENTED_EDGE('',*,*,#1594,.T.);
#1611=EDGE_LOOP('',(#1607,#1608,#1609,#1610));
#1612=FACE_OUTER_BOUND('',#1611,.F.);
#1614=ORIENTED_EDGE('',*,*,#1613,.F.);
#1616=ORIENTED_EDGE('',*,*,#1615,.F.);
#1617=EDGE_LOOP('',(#1614,#1616));
#1618=FACE_BOUND('',#1617,.F.);
#1619=ADVANCED_FACE('',(#1612,#1618),#1606,.F.);
#1620=CARTESIAN_POINT('',(0.E0,0.E0,3.124E1));
#1621=DIRECTION('',(0.E0,0.E0,-1.E0));
#1622=DIRECTION('',(1.E0,0.E0,0.E0));
#1623=AXIS2_PLACEMENT_3D('',#1620,#1621,#1622);
#1624=CYLINDRICAL_SURFACE('',#1623,1.5E0);
#1625=ORIENTED_EDGE('',*,*,#1613,.T.);
#1627=ORIENTED_EDGE('',*,*,#1626,.T.);
#1629=ORIENTED_EDGE('',*,*,#1628,.F.);
#1631=ORIENTED_EDGE('',*,*,#1630,.F.);
#1632=EDGE_LOOP('',(#1625,#1627,#1629,#1631));
#1633=FACE_OUTER_BOUND('',#1632,.F.);
#1634=ADVANCED_FACE('',(#1633),#1624,.F.);
#1635=CARTESIAN_POINT('',(0.E0,0.E0,3.124E1));
#1636=DIRECTION('',(0.E0,0.E0,-1.E0));
#1637=DIRECTION('',(1.E0,0.E0,0.E0));
#1638=AXIS2_PLACEMENT_3D('',#1635,#1636,#1637);
#1639=CYLINDRICAL_SURFACE('',#1638,1.5E0);
#1640=ORIENTED_EDGE('',*,*,#1615,.T.);
#1641=ORIENTED_EDGE('',*,*,#1630,.T.);
#1643=ORIENTED_EDGE('',*,*,#1642,.T.);
#1644=ORIENTED_EDGE('',*,*,#1626,.F.);
#1645=EDGE_LOOP('',(#1640,#1641,#1643,#1644));
#1646=FACE_OUTER_BOUND('',#1645,.F.);
#1647=ADVANCED_FACE('',(#1646),#1639,.F.);
#1648=CARTESIAN_POINT('',(0.E0,0.E0,-1.925E1));
#1649=DIRECTION('',(0.E0,0.E0,-1.E0));
#1650=DIRECTION('',(1.E0,0.E0,0.E0));
#1651=AXIS2_PLACEMENT_3D('',#1648,#1649,#1650);
#1652=CONICAL_SURFACE('',#1651,2.25E0,4.5E1);
#1653=ORIENTED_EDGE('',*,*,#1383,.T.);
#1654=ORIENTED_EDGE('',*,*,#846,.T.);
#1656=ORIENTED_EDGE('',*,*,#1655,.F.);
#1657=ORIENTED_EDGE('',*,*,#1642,.F.);
#1659=ORIENTED_EDGE('',*,*,#1658,.T.);
#1660=EDGE_LOOP('',(#1653,#1654,#1656,#1657,#1659));
#1661=FACE_OUTER_BOUND('',#1660,.F.);
#1662=ADVANCED_FACE('',(#1661),#1652,.F.);
#1663=CARTESIAN_POINT('',(0.E0,0.E0,-1.925E1));
#1664=DIRECTION('',(0.E0,0.E0,-1.E0));
#1665=DIRECTION('',(1.E0,0.E0,0.E0));
#1666=AXIS2_PLACEMENT_3D('',#1663,#1664,#1665);
#1667=CONICAL_SURFACE('',#1666,2.25E0,4.5E1);
#1668=ORIENTED_EDGE('',*,*,#1385,.T.);
#1669=ORIENTED_EDGE('',*,*,#1658,.F.);
#1670=ORIENTED_EDGE('',*,*,#1628,.T.);
#1671=ORIENTED_EDGE('',*,*,#1655,.T.);
#1672=ORIENTED_EDGE('',*,*,#844,.T.);
#1673=EDGE_LOOP('',(#1668,#1669,#1670,#1671,#1672));
#1674=FACE_OUTER_BOUND('',#1673,.F.);
#1675=ADVANCED_FACE('',(#1674),#1667,.F.);
#1676=CARTESIAN_POINT('',(0.E0,2.05E1,0.E0));
#1677=DIRECTION('',(0.E0,-1.E0,0.E0));
#1678=DIRECTION('',(7.688324254756E-3,0.E0,9.999704443983E-1));
#1679=AXIS2_PLACEMENT_3D('',#1676,#1677,#1678);
#1680=TOROIDAL_SURFACE('',#1679,2.05E1,5.E-1);
#1681=ORIENTED_EDGE('',*,*,#1538,.F.);
#1682=ORIENTED_EDGE('',*,*,#1522,.T.);
#1683=ORIENTED_EDGE('',*,*,#850,.T.);
#1684=ORIENTED_EDGE('',*,*,#1519,.F.);
#1685=EDGE_LOOP('',(#1681,#1682,#1683,#1684));
#1686=FACE_OUTER_BOUND('',#1685,.F.);
#1687=ADVANCED_FACE('',(#1686),#1680,.F.);
#1688=CARTESIAN_POINT('',(-2.8E1,0.E0,0.E0));
#1689=DIRECTION('',(1.E0,0.E0,0.E0));
#1690=DIRECTION('',(0.E0,-2.912068263674E-2,9.995759029922E-1));
#1691=AXIS2_PLACEMENT_3D('',#1688,#1689,#1690);
#1692=TOROIDAL_SURFACE('',#1691,7.E0,5.E-1);
#1694=ORIENTED_EDGE('',*,*,#1693,.T.);
#1696=ORIENTED_EDGE('',*,*,#1695,.T.);
#1697=ORIENTED_EDGE('',*,*,#1257,.F.);
#1699=ORIENTED_EDGE('',*,*,#1698,.F.);
#1700=EDGE_LOOP('',(#1694,#1696,#1697,#1699));
#1701=FACE_OUTER_BOUND('',#1700,.F.);
#1702=ADVANCED_FACE('',(#1701),#1692,.T.);
#1703=CARTESIAN_POINT('',(-2.85E1,0.E0,0.E0));
#1704=DIRECTION('',(1.E0,0.E0,0.E0));
#1705=DIRECTION('',(0.E0,0.E0,-1.E0));
#1706=AXIS2_PLACEMENT_3D('',#1703,#1704,#1705);
#1707=PLANE('',#1706);
#1708=ORIENTED_EDGE('',*,*,#1693,.F.);
#1710=ORIENTED_EDGE('',*,*,#1709,.F.);
#1711=EDGE_LOOP('',(#1708,#1710));
#1712=FACE_OUTER_BOUND('',#1711,.F.);
#1714=ORIENTED_EDGE('',*,*,#1713,.F.);
#1716=ORIENTED_EDGE('',*,*,#1715,.F.);
#1717=EDGE_LOOP('',(#1714,#1716));
#1718=FACE_BOUND('',#1717,.F.);
#1719=ADVANCED_FACE('',(#1712,#1718),#1707,.F.);
#1720=CARTESIAN_POINT('',(-2.590192378865E1,0.E0,0.E0));
#1721=DIRECTION('',(-1.E0,0.E0,0.E0));
#1722=DIRECTION('',(0.E0,1.E0,0.E0));
#1723=AXIS2_PLACEMENT_3D('',#1720,#1721,#1722);
#1724=CONICAL_SURFACE('',#1723,3.5E0,3.E1);
#1726=ORIENTED_EDGE('',*,*,#1725,.F.);
#1727=ORIENTED_EDGE('',*,*,#1713,.T.);
#1729=ORIENTED_EDGE('',*,*,#1728,.T.);
#1731=ORIENTED_EDGE('',*,*,#1730,.F.);
#1732=EDGE_LOOP('',(#1726,#1727,#1729,#1731));
#1733=FACE_OUTER_BOUND('',#1732,.F.);
#1734=ADVANCED_FACE('',(#1733),#1724,.F.);
#1735=CARTESIAN_POINT('',(-2.590192378865E1,0.E0,0.E0));
#1736=DIRECTION('',(-1.E0,0.E0,0.E0));
#1737=DIRECTION('',(0.E0,1.E0,0.E0));
#1738=AXIS2_PLACEMENT_3D('',#1735,#1736,#1737);
#1739=CONICAL_SURFACE('',#1738,3.5E0,3.E1);
#1740=ORIENTED_EDGE('',*,*,#1725,.T.);
#1742=ORIENTED_EDGE('',*,*,#1741,.T.);
#1743=ORIENTED_EDGE('',*,*,#1728,.F.);
#1744=ORIENTED_EDGE('',*,*,#1715,.T.);
#1745=EDGE_LOOP('',(#1740,#1742,#1743,#1744));
#1746=FACE_OUTER_BOUND('',#1745,.F.);
#1747=ADVANCED_FACE('',(#1746),#1739,.F.);
#1748=CARTESIAN_POINT('',(-1.783756443470E1,0.E0,0.E0));
#1749=DIRECTION('',(1.E0,0.E0,0.E0));
#1750=DIRECTION('',(0.E0,-1.E0,0.E0));
#1751=AXIS2_PLACEMENT_3D('',#1748,#1749,#1750);
#1752=CYLINDRICAL_SURFACE('',#1751,2.E0);
#1754=ORIENTED_EDGE('',*,*,#1753,.T.);
#1756=ORIENTED_EDGE('',*,*,#1755,.T.);
#1758=ORIENTED_EDGE('',*,*,#1757,.F.);
#1759=ORIENTED_EDGE('',*,*,#1741,.F.);
#1760=EDGE_LOOP('',(#1754,#1756,#1758,#1759));
#1761=FACE_OUTER_BOUND('',#1760,.F.);
#1762=ADVANCED_FACE('',(#1761),#1752,.F.);
#1763=CARTESIAN_POINT('',(-1.783756443470E1,0.E0,0.E0));
#1764=DIRECTION('',(1.E0,0.E0,0.E0));
#1765=DIRECTION('',(0.E0,-1.E0,0.E0));
#1766=AXIS2_PLACEMENT_3D('',#1763,#1764,#1765);
#1767=CYLINDRICAL_SURFACE('',#1766,2.E0);
#1768=ORIENTED_EDGE('',*,*,#1753,.F.);
#1769=ORIENTED_EDGE('',*,*,#1730,.T.);
#1770=ORIENTED_EDGE('',*,*,#1757,.T.);
#1772=ORIENTED_EDGE('',*,*,#1771,.F.);
#1773=EDGE_LOOP('',(#1768,#1769,#1770,#1772));
#1774=FACE_OUTER_BOUND('',#1773,.F.);
#1775=ADVANCED_FACE('',(#1774),#1767,.F.);
#1776=CARTESIAN_POINT('',(-1.895265093086E1,0.E0,0.E0));
#1777=DIRECTION('',(-1.E0,0.E0,0.E0));
#1778=DIRECTION('',(0.E0,1.E0,0.E0));
#1779=AXIS2_PLACEMENT_3D('',#1776,#1777,#1778);
#1780=CONICAL_SURFACE('',#1779,1.051963602771E0,6.E1);
#1782=ORIENTED_EDGE('',*,*,#1781,.F.);
#1783=ORIENTED_EDGE('',*,*,#1771,.T.);
#1785=ORIENTED_EDGE('',*,*,#1784,.T.);
#1786=EDGE_LOOP('',(#1782,#1783,#1785));
#1787=FACE_OUTER_BOUND('',#1786,.F.);
#1788=ADVANCED_FACE('',(#1787),#1780,.F.);
#1789=CARTESIAN_POINT('',(-1.895265093086E1,0.E0,0.E0));
#1790=DIRECTION('',(-1.E0,0.E0,0.E0));
#1791=DIRECTION('',(0.E0,1.E0,0.E0));
#1792=AXIS2_PLACEMENT_3D('',#1789,#1790,#1791);
#1793=CONICAL_SURFACE('',#1792,1.051963602771E0,6.E1);
#1794=ORIENTED_EDGE('',*,*,#1781,.T.);
#1795=ORIENTED_EDGE('',*,*,#1784,.F.);
#1796=ORIENTED_EDGE('',*,*,#1755,.F.);
#1797=EDGE_LOOP('',(#1794,#1795,#1796));
#1798=FACE_OUTER_BOUND('',#1797,.F.);
#1799=ADVANCED_FACE('',(#1798),#1793,.F.);
#1800=CARTESIAN_POINT('',(-2.8E1,0.E0,0.E0));
#1801=DIRECTION('',(1.E0,0.E0,0.E0));
#1802=DIRECTION('',(0.E0,2.912068263674E-2,-9.995759029922E-1));
#1803=AXIS2_PLACEMENT_3D('',#1800,#1801,#1802);
#1804=TOROIDAL_SURFACE('',#1803,7.E0,5.E-1);
#1805=ORIENTED_EDGE('',*,*,#1709,.T.);
#1806=ORIENTED_EDGE('',*,*,#1698,.T.);
#1807=ORIENTED_EDGE('',*,*,#1104,.F.);
#1808=ORIENTED_EDGE('',*,*,#1695,.F.);
#1809=EDGE_LOOP('',(#1805,#1806,#1807,#1808));
#1810=FACE_OUTER_BOUND('',#1809,.F.);
#1811=ADVANCED_FACE('',(#1810),#1804,.T.);
#1815=DIMENSIONAL_EXPONENTS(0.E0,0.E0,0.E0,0.E0,0.E0,0.E0,0.E0);
#1817=PLANE_ANGLE_MEASURE_WITH_UNIT(PLANE_ANGLE_MEASURE(1.745329251994E-2),
#1816);
#1818=(CONVERSION_BASED_UNIT('DEGREE',#1817)NAMED_UNIT(*)PLANE_ANGLE_UNIT());
#1820=UNCERTAINTY_MEASURE_WITH_UNIT(LENGTH_MEASURE(1.E-2),#1814,'closure',
'Maximum model space distance between geometric entities at asserted connectivities');
#1821=(GEOMETRIC_REPRESENTATION_CONTEXT(3)GLOBAL_UNCERTAINTY_ASSIGNED_CONTEXT((
#1820))GLOBAL_UNIT_ASSIGNED_CONTEXT((#1814,#1818,#1819))REPRESENTATION_CONTEXT(
'ID1','3'));
#1823=APPLICATION_CONTEXT(
'CONFIGURATION CONTROLLED 3D DESIGNS OF MECHANICAL PARTS AND ASSEMBLIES');
#1824=APPLICATION_PROTOCOL_DEFINITION('international standard',
'config_control_design',1994,#1823);
#1825=DESIGN_CONTEXT('',#1823,'design');
#1826=MECHANICAL_CONTEXT('',#1823,'mechanical');
#1827=PRODUCT('09_BEARINGBLOCK','09_BEARINGBLOCK','NOT SPECIFIED',(#1826));
#1828=PRODUCT_DEFINITION_FORMATION_WITH_SPECIFIED_SOURCE('1','LAST_VERSION',
#1827,.MADE.);
#1832=PRODUCT_CATEGORY('part','');
#1833=PRODUCT_RELATED_PRODUCT_CATEGORY('detail','',(#1827));
#1834=PRODUCT_CATEGORY_RELATIONSHIP('','',#1832,#1833);
#1835=SECURITY_CLASSIFICATION_LEVEL('unclassified');
#1836=SECURITY_CLASSIFICATION('','',#1835);
#1837=CC_DESIGN_SECURITY_CLASSIFICATION(#1836,(#1828));
#1838=APPROVAL_STATUS('approved');
#1839=APPROVAL(#1838,'');
#1840=CC_DESIGN_APPROVAL(#1839,(#1836,#1828,#1829));
#1841=CALENDAR_DATE(126,8,9);
#1842=COORDINATED_UNIVERSAL_TIME_OFFSET(5,30,.AHEAD.);
#1843=LOCAL_TIME(23,9,5.6E1,#1842);
#1844=DATE_AND_TIME(#1841,#1843);
#1845=APPROVAL_DATE_TIME(#1844,#1839);
#1846=DATE_TIME_ROLE('creation_date');
#1847=CC_DESIGN_DATE_AND_TIME_ASSIGNMENT(#1844,#1846,(#1829));
#1848=DATE_TIME_ROLE('classification_date');
#1849=CC_DESIGN_DATE_AND_TIME_ASSIGNMENT(#1844,#1848,(#1836));
#1850=PERSON('UNSPECIFIED','UNSPECIFIED',$,$,$,$);
#1851=ORGANIZATION('UNSPECIFIED','UNSPECIFIED','UNSPECIFIED');
#1852=PERSON_AND_ORGANIZATION(#1850,#1851);
#1853=APPROVAL_ROLE('approver');
#1854=APPROVAL_PERSON_ORGANIZATION(#1852,#1839,#1853);
#1855=PERSON_AND_ORGANIZATION_ROLE('creator');
#1856=CC_DESIGN_PERSON_AND_ORGANIZATION_ASSIGNMENT(#1852,#1855,(#1828,#1829));
#1857=PERSON_AND_ORGANIZATION_ROLE('design_supplier');
#1858=CC_DESIGN_PERSON_AND_ORGANIZATION_ASSIGNMENT(#1852,#1857,(#1828));
#1859=PERSON_AND_ORGANIZATION_ROLE('classification_officer');
#1860=CC_DESIGN_PERSON_AND_ORGANIZATION_ASSIGNMENT(#1852,#1859,(#1836));
#1861=PERSON_AND_ORGANIZATION_ROLE('design_owner');
#1862=CC_DESIGN_PERSON_AND_ORGANIZATION_ASSIGNMENT(#1852,#1861,(#1827));
#5=CIRCLE('',#4,1.2E1);
#10=CIRCLE('',#9,1.2E1);
#15=CIRCLE('',#14,2.1E1);
#20=CIRCLE('',#19,3.E0);
#25=CIRCLE('',#24,3.E0);
#30=CIRCLE('',#29,2.1E1);
#35=CIRCLE('',#34,2.1E1);
#40=CIRCLE('',#39,2.1E1);
#45=CIRCLE('',#44,2.05E1);
#50=CIRCLE('',#49,2.05E1);
#55=CIRCLE('',#54,5.E-1);
#79=B_SPLINE_CURVE_WITH_KNOTS('',3,(#56,#57,#58,#59,#60,#61,#62,#63,#64,#65,#66,
#67,#68,#69,#70,#71,#72,#73,#74,#75,#76,#77,#78),.UNSPECIFIED.,.F.,.F.,(4,1,1,1,
1,1,1,1,1,1,1,1,1,1,1,1,1,1,1,1,4),(0.E0,5.E-2,1.E-1,1.5E-1,2.E-1,2.5E-1,3.E-1,
3.5E-1,4.E-1,4.5E-1,5.E-1,5.5E-1,6.E-1,6.5E-1,7.E-1,7.5E-1,8.E-1,8.5E-1,9.E-1,
9.5E-1,1.E0),.UNSPECIFIED.);
#103=B_SPLINE_CURVE_WITH_KNOTS('',3,(#80,#81,#82,#83,#84,#85,#86,#87,#88,#89,
#90,#91,#92,#93,#94,#95,#96,#97,#98,#99,#100,#101,#102),.UNSPECIFIED.,.F.,.F.,
(4,1,1,1,1,1,1,1,1,1,1,1,1,1,1,1,1,1,1,1,4),(0.E0,5.E-2,1.E-1,1.5E-1,2.E-1,
2.5E-1,3.E-1,3.5E-1,4.E-1,4.5E-1,5.E-1,5.5E-1,6.E-1,6.5E-1,7.E-1,7.5E-1,8.E-1,
8.5E-1,9.E-1,9.5E-1,1.E0),.UNSPECIFIED.);
#108=CIRCLE('',#107,2.E1);
#124=B_SPLINE_CURVE_WITH_KNOTS('',3,(#113,#114,#115,#116,#117,#118,#119,#120,
#121,#122,#123),.UNSPECIFIED.,.F.,.F.,(4,1,1,1,1,1,1,1,4),(0.E0,1.25E-1,2.5E-1,
3.75E-1,5.E-1,6.25E-1,7.5E-1,8.75E-1,1.E0),.UNSPECIFIED.);
#135=B_SPLINE_CURVE_WITH_KNOTS('',3,(#125,#126,#127,#128,#129,#130,#131,#132,
#133,#134),.UNSPECIFIED.,.F.,.F.,(4,1,1,1,1,1,1,4),(0.E0,1.428571428571E-1,
2.857142857143E-1,4.285714285714E-1,5.714285714286E-1,7.142857142857E-1,
8.571428571429E-1,1.E0),.UNSPECIFIED.);
#144=CIRCLE('',#143,2.E1);
#153=CIRCLE('',#152,5.000000000002E-1);
#158=CIRCLE('',#157,5.000000000002E-1);
#163=CIRCLE('',#162,7.5E0);
#186=B_SPLINE_CURVE_WITH_KNOTS('',3,(#164,#165,#166,#167,#168,#169,#170,#171,
#172,#173,#174,#175,#176,#177,#178,#179,#180,#181,#182,#183,#184,#185),
.UNSPECIFIED.,.F.,.F.,(4,1,1,1,1,1,1,1,1,1,1,1,1,1,1,1,1,1,1,4),(0.E0,
5.263157894737E-2,1.052631578947E-1,1.578947368421E-1,2.105263157895E-1,
2.631578947368E-1,3.157894736842E-1,3.684210526316E-1,4.210526315789E-1,
4.736842105263E-1,5.263157894737E-1,5.789473684211E-1,6.315789473684E-1,
6.842105263158E-1,7.368421052632E-1,7.894736842105E-1,8.421052631579E-1,
8.947368421053E-1,9.473684210526E-1,1.E0),.UNSPECIFIED.);
#195=CIRCLE('',#194,7.5E0);
#223=B_SPLINE_CURVE_WITH_KNOTS('',3,(#200,#201,#202,#203,#204,#205,#206,#207,
#208,#209,#210,#211,#212,#213,#214,#215,#216,#217,#218,#219,#220,#221,#222),
.UNSPECIFIED.,.F.,.F.,(4,1,1,1,1,1,1,1,1,1,1,1,1,1,1,1,1,1,1,1,4),(0.E0,5.E-2,
1.E-1,1.5E-1,2.E-1,2.5E-1,3.E-1,3.5E-1,4.E-1,4.5E-1,5.E-1,5.5E-1,6.E-1,6.5E-1,
7.E-1,7.5E-1,8.E-1,8.5E-1,9.E-1,9.5E-1,1.E0),.UNSPECIFIED.);
#228=CIRCLE('',#227,5.E-1);
#233=CIRCLE('',#232,5.E0);
#238=CIRCLE('',#237,5.E0);
#243=CIRCLE('',#242,7.E0);
#248=CIRCLE('',#247,7.E0);
#265=CIRCLE('',#264,2.E0);
#274=CIRCLE('',#273,2.E0);
#279=CIRCLE('',#278,2.E0);
#288=CIRCLE('',#287,2.E0);
#297=CIRCLE('',#296,5.E-1);
#302=CIRCLE('',#301,7.5E0);
#325=B_SPLINE_CURVE_WITH_KNOTS('',3,(#303,#304,#305,#306,#307,#308,#309,#310,
#311,#312,#313,#314,#315,#316,#317,#318,#319,#320,#321,#322,#323,#324),
.UNSPECIFIED.,.F.,.F.,(4,1,1,1,1,1,1,1,1,1,1,1,1,1,1,1,1,1,1,4),(0.E0,
5.263157894737E-2,1.052631578947E-1,1.578947368421E-1,2.105263157895E-1,
2.631578947368E-1,3.157894736842E-1,3.684210526316E-1,4.210526315789E-1,
4.736842105263E-1,5.263157894737E-1,5.789473684211E-1,6.315789473684E-1,
6.842105263158E-1,7.368421052632E-1,7.894736842105E-1,8.421052631579E-1,
8.947368421053E-1,9.473684210526E-1,1.E0),.UNSPECIFIED.);
#334=CIRCLE('',#333,7.5E0);
#362=B_SPLINE_CURVE_WITH_KNOTS('',3,(#339,#340,#341,#342,#343,#344,#345,#346,
#347,#348,#349,#350,#351,#352,#353,#354,#355,#356,#357,#358,#359,#360,#361),
.UNSPECIFIED.,.F.,.F.,(4,1,1,1,1,1,1,1,1,1,1,1,1,1,1,1,1,1,1,1,4),(0.E0,5.E-2,
1.E-1,1.5E-1,2.E-1,2.5E-1,3.E-1,3.5E-1,4.E-1,4.5E-1,5.E-1,5.5E-1,6.E-1,6.5E-1,
7.E-1,7.5E-1,8.E-1,8.5E-1,9.E-1,9.5E-1,1.E0),.UNSPECIFIED.);
#367=CIRCLE('',#366,5.000000000001E-1);
#390=B_SPLINE_CURVE_WITH_KNOTS('',3,(#368,#369,#370,#371,#372,#373,#374,#375,
#376,#377,#378,#379,#380,#381,#382,#383,#384,#385,#386,#387,#388,#389),
.UNSPECIFIED.,.F.,.F.,(4,1,1,1,1,1,1,1,1,1,1,1,1,1,1,1,1,1,1,4),(0.E0,
5.263157894737E-2,1.052631578947E-1,1.578947368421E-1,2.105263157895E-1,
2.631578947368E-1,3.157894736842E-1,3.684210526316E-1,4.210526315789E-1,
4.736842105263E-1,5.263157894737E-1,5.789473684211E-1,6.315789473684E-1,
6.842105263158E-1,7.368421052632E-1,7.894736842105E-1,8.421052631579E-1,
8.947368421053E-1,9.473684210526E-1,1.E0),.UNSPECIFIED.);
#413=B_SPLINE_CURVE_WITH_KNOTS('',3,(#391,#392,#393,#394,#395,#396,#397,#398,
#399,#400,#401,#402,#403,#404,#405,#406,#407,#408,#409,#410,#411,#412),
.UNSPECIFIED.,.F.,.F.,(4,1,1,1,1,1,1,1,1,1,1,1,1,1,1,1,1,1,1,4),(0.E0,
5.263157894737E-2,1.052631578947E-1,1.578947368421E-1,2.105263157895E-1,
2.631578947368E-1,3.157894736842E-1,3.684210526316E-1,4.210526315789E-1,
4.736842105263E-1,5.263157894737E-1,5.789473684211E-1,6.315789473684E-1,
6.842105263158E-1,7.368421052632E-1,7.894736842105E-1,8.421052631579E-1,
8.947368421053E-1,9.473684210526E-1,1.E0),.UNSPECIFIED.);
#418=CIRCLE('',#417,2.E1);
#423=CIRCLE('',#422,2.E1);
#435=B_SPLINE_CURVE_WITH_KNOTS('',3,(#424,#425,#426,#427,#428,#429,#430,#431,
#432,#433,#434),.UNSPECIFIED.,.F.,.F.,(4,1,1,1,1,1,1,1,4),(0.E0,1.25E-1,2.5E-1,
3.75E-1,5.E-1,6.25E-1,7.5E-1,8.75E-1,1.E0),.UNSPECIFIED.);
#446=B_SPLINE_CURVE_WITH_KNOTS('',3,(#436,#437,#438,#439,#440,#441,#442,#443,
#444,#445),.UNSPECIFIED.,.F.,.F.,(4,1,1,1,1,1,1,4),(0.E0,1.428571428571E-1,
2.857142857143E-1,4.285714285714E-1,5.714285714286E-1,7.142857142857E-1,
8.571428571429E-1,1.E0),.UNSPECIFIED.);
#451=CIRCLE('',#450,5.000000000001E-1);
#456=CIRCLE('',#455,5.E-1);
#461=CIRCLE('',#460,5.E-1);
#466=CIRCLE('',#465,2.05E1);
#471=CIRCLE('',#470,2.05E1);
#476=CIRCLE('',#475,2.1E1);
#481=CIRCLE('',#480,3.E0);
#486=CIRCLE('',#485,3.E0);
#491=CIRCLE('',#490,2.1E1);
#496=CIRCLE('',#495,2.1E1);
#501=CIRCLE('',#500,2.1E1);
#506=CIRCLE('',#505,1.2E1);
#511=CIRCLE('',#510,1.2E1);
#535=B_SPLINE_CURVE_WITH_KNOTS('',3,(#520,#521,#522,#523,#524,#525,#526,#527,
#528,#529,#530,#531,#532,#533,#534),.UNSPECIFIED.,.F.,.F.,(4,1,1,1,1,1,1,1,1,1,
1,1,4),(0.E0,8.333333333333E-2,1.666666666667E-1,2.5E-1,3.333333333333E-1,
4.166666666667E-1,5.E-1,5.833333333333E-1,6.666666666667E-1,7.5E-1,
8.333333333333E-1,9.166666666667E-1,1.E0),.UNSPECIFIED.);
#551=B_SPLINE_CURVE_WITH_KNOTS('',3,(#536,#537,#538,#539,#540,#541,#542,#543,
#544,#545,#546,#547,#548,#549,#550),.UNSPECIFIED.,.F.,.F.,(4,1,1,1,1,1,1,1,1,1,
1,1,4),(0.E0,8.333333333333E-2,1.666666666667E-1,2.5E-1,3.333333333333E-1,
4.166666666667E-1,5.E-1,5.833333333333E-1,6.666666666667E-1,7.5E-1,
8.333333333333E-1,9.166666666667E-1,1.E0),.UNSPECIFIED.);
#568=CIRCLE('',#567,1.5E0);
#577=CIRCLE('',#576,1.5E0);
#582=CIRCLE('',#581,5.E-1);
#587=CIRCLE('',#586,5.E-1);
#592=CIRCLE('',#591,5.E0);
#597=CIRCLE('',#596,5.E0);
#602=CIRCLE('',#601,7.E0);
#607=CIRCLE('',#606,7.E0);
#628=CIRCLE('',#627,2.E0);
#633=CIRCLE('',#632,2.E0);
#638=CIRCLE('',#637,2.E0);
#651=CIRCLE('',#650,2.E0);
#656=CIRCLE('',#655,5.E-1);
#764=EDGE_CURVE('',#659,#667,#15,.T.);
#766=EDGE_CURVE('',#659,#667,#30,.T.);
#770=EDGE_CURVE('',#675,#676,#5,.T.);
#772=EDGE_CURVE('',#676,#675,#10,.T.);
#782=EDGE_CURVE('',#659,#660,#20,.T.);
#785=EDGE_CURVE('',#667,#668,#25,.T.);
#787=EDGE_CURVE('',#660,#668,#40,.T.);
#798=EDGE_CURVE('',#660,#668,#35,.T.);
#814=EDGE_CURVE('',#733,#734,#45,.T.);
#816=EDGE_CURVE('',#734,#733,#50,.T.);
#826=EDGE_CURVE('',#729,#730,#108,.T.);
#828=EDGE_CURVE('',#729,#733,#55,.T.);
#831=EDGE_CURVE('',#730,#734,#456,.T.);
#842=EDGE_CURVE('',#730,#713,#112,.T.);
#844=EDGE_CURVE('',#716,#713,#124,.T.);
#846=EDGE_CURVE('',#715,#716,#135,.T.);
#848=EDGE_CURVE('',#715,#742,#139,.T.);
#850=EDGE_CURVE('',#741,#742,#144,.T.);
#852=EDGE_CURVE('',#729,#741,#148,.T.);
#856=EDGE_CURVE('',#723,#724,#79,.T.);
#858=EDGE_CURVE('',#724,#723,#103,.T.);
#965=EDGE_CURVE('',#723,#725,#153,.T.);
#967=EDGE_CURVE('',#725,#726,#362,.T.);
#969=EDGE_CURVE('',#724,#726,#158,.T.);
#1077=EDGE_CURVE('',#726,#725,#223,.T.);
#1088=EDGE_CURVE('',#749,#750,#163,.T.);
#1090=EDGE_CURVE('',#722,#750,#329,.T.);
#1092=EDGE_CURVE('',#721,#722,#186,.T.);
#1094=EDGE_CURVE('',#721,#749,#190,.T.);
#1104=EDGE_CURVE('',#758,#757,#195,.T.);
#1106=EDGE_CURVE('',#757,#725,#199,.T.);
#1109=EDGE_CURVE('',#758,#726,#338,.T.);
#1119=EDGE_CURVE('',#745,#746,#243,.T.);
#1121=EDGE_CURVE('',#746,#750,#297,.T.);
#1124=EDGE_CURVE('',#745,#749,#228,.T.);
#1135=EDGE_CURVE('',#746,#745,#248,.T.);
#1139=EDGE_CURVE('',#693,#694,#233,.T.);
#1141=EDGE_CURVE('',#694,#693,#238,.T.);
#1152=EDGE_CURVE('',#693,#683,#256,.T.);
#1154=EDGE_CURVE('',#683,#689,#274,.T.);
#1156=EDGE_CURVE('',#694,#689,#252,.T.);
#1168=EDGE_CURVE('',#683,#689,#265,.T.);
#1179=EDGE_CURVE('',#683,#684,#260,.T.);
#1182=EDGE_CURVE('',#689,#690,#269,.T.);
#1184=EDGE_CURVE('',#684,#690,#288,.T.);
#1195=EDGE_CURVE('',#684,#690,#279,.T.);
#1207=EDGE_CURVE('',#684,#686,#283,.T.);
#1209=EDGE_CURVE('',#690,#686,#292,.T.);
#1233=EDGE_CURVE('',#750,#749,#302,.T.);
#1246=EDGE_CURVE('',#722,#721,#325,.T.);
#1257=EDGE_CURVE('',#757,#758,#334,.T.);
#1362=EDGE_CURVE('',#720,#719,#413,.T.);
#1364=EDGE_CURVE('',#720,#722,#367,.T.);
#1367=EDGE_CURVE('',#719,#721,#451,.T.);
#1377=EDGE_CURVE('',#730,#729,#418,.T.);
#1380=EDGE_CURVE('',#742,#741,#423,.T.);
#1383=EDGE_CURVE('',#714,#715,#435,.T.);
#1385=EDGE_CURVE('',#713,#714,#446,.T.);
#1390=EDGE_CURVE('',#719,#720,#390,.T.);
#1517=EDGE_CURVE('',#738,#737,#471,.T.);
#1519=EDGE_CURVE('',#738,#742,#461,.T.);
#1522=EDGE_CURVE('',#737,#741,#582,.T.);
#1532=EDGE_CURVE('',#663,#671,#476,.T.);
#1534=EDGE_CURVE('',#663,#671,#491,.T.);
#1538=EDGE_CURVE('',#737,#738,#466,.T.);
#1549=EDGE_CURVE('',#663,#664,#481,.T.);
#1552=EDGE_CURVE('',#671,#672,#486,.T.);
#1554=EDGE_CURVE('',#664,#672,#501,.T.);
#1565=EDGE_CURVE('',#664,#672,#496,.T.);
#1581=EDGE_CURVE('',#679,#680,#506,.T.);
#1583=EDGE_CURVE('',#680,#679,#511,.T.);
#1594=EDGE_CURVE('',#679,#675,#515,.T.);
#1597=EDGE_CURVE('',#680,#676,#519,.T.);
#1613=EDGE_CURVE('',#717,#718,#535,.T.);
#1615=EDGE_CURVE('',#718,#717,#551,.T.);
#1626=EDGE_CURVE('',#718,#712,#559,.T.);
#1628=EDGE_CURVE('',#711,#712,#577,.T.);
#1630=EDGE_CURVE('',#717,#711,#555,.T.);
#1642=EDGE_CURVE('',#711,#712,#568,.T.);
#1655=EDGE_CURVE('',#712,#716,#563,.T.);
#1658=EDGE_CURVE('',#711,#714,#572,.T.);
#1693=EDGE_CURVE('',#753,#754,#602,.T.);
#1695=EDGE_CURVE('',#754,#758,#656,.T.);
#1698=EDGE_CURVE('',#753,#757,#587,.T.);
#1709=EDGE_CURVE('',#754,#753,#607,.T.);
#1713=EDGE_CURVE('',#706,#708,#592,.T.);
#1715=EDGE_CURVE('',#708,#706,#597,.T.);
#1725=EDGE_CURVE('',#706,#697,#611,.T.);
#1728=EDGE_CURVE('',#708,#703,#615,.T.);
#1730=EDGE_CURVE('',#697,#703,#633,.T.);
#1741=EDGE_CURVE('',#697,#703,#628,.T.);
#1753=EDGE_CURVE('',#697,#698,#619,.T.);
#1755=EDGE_CURVE('',#698,#704,#651,.T.);
#1757=EDGE_CURVE('',#703,#704,#623,.T.);
#1771=EDGE_CURVE('',#698,#704,#638,.T.);
#1781=EDGE_CURVE('',#698,#700,#642,.T.);
#1784=EDGE_CURVE('',#704,#700,#646,.T.);
#1812=CLOSED_SHELL('',(#776,#791,#804,#820,#835,#862,#973,#1082,#1098,#1113,
#1128,#1145,#1160,#1173,#1188,#1201,#1214,#1225,#1238,#1251,#1264,#1371,#1395,
#1499,#1511,#1526,#1543,#1558,#1571,#1587,#1601,#1619,#1634,#1647,#1662,#1675,
#1687,#1702,#1719,#1734,#1747,#1762,#1775,#1788,#1799,#1811));
#1813=MANIFOLD_SOLID_BREP('',#1812);
#1814=(LENGTH_UNIT()NAMED_UNIT(*)SI_UNIT(.MILLI.,.METRE.));
#1816=(NAMED_UNIT(*)PLANE_ANGLE_UNIT()SI_UNIT($,.RADIAN.));
#1819=(NAMED_UNIT(*)SI_UNIT($,.STERADIAN.)SOLID_ANGLE_UNIT());
#1822=ADVANCED_BREP_SHAPE_REPRESENTATION('',(#1813),#1821);
#1829=PRODUCT_DEFINITION('design','',#1828,#1825);
#1830=PRODUCT_DEFINITION_SHAPE('','SHAPE FOR 09_BEARINGBLOCK.',#1829);
#1831=SHAPE_DEFINITION_REPRESENTATION(#1830,#1822);
ENDSEC;
END-ISO-10303-21;
